date,commodity,market,min_price,max_price,modal_price,arrivals
2023-01-01,Onion,Lasalgaon (Nashik),2443.16,3109.48,2776.32,2927.7
2023-01-02,Onion,Lasalgaon (Nashik),2262.39,2879.41,2570.9,2532.7
2023-01-03,Onion,Lasalgaon (Nashik),2324.7,2958.72,2641.71,2177.1
2023-01-04,Onion,Lasalgaon (Nashik),2398.18,3052.24,2725.21,3172.1
2023-01-05,Onion,Lasalgaon (Nashik),2373.03,3020.23,2696.63,1307.4
2023-01-06,Onion,Lasalgaon (Nashik),2410.48,3067.88,2739.18,2534.4
2023-01-07,Onion,Lasalgaon (Nashik),2574.55,3276.71,2925.63,2263.1
2023-01-08,Onion,Lasalgaon (Nashik),2673.76,3402.96,3038.36,2235.1
2023-01-09,Onion,Lasalgaon (Nashik),2734.42,3480.16,3107.29,1482.4
2023-01-10,Onion,Lasalgaon (Nashik),2791.01,3552.19,3171.6,1246.9
2023-01-11,Onion,Lasalgaon (Nashik),2682.75,3414.41,3048.58,593.8
2023-01-12,Onion,Lasalgaon (Nashik),2769.4,3524.68,3147.04,1730.1
2023-01-13,Onion,Lasalgaon (Nashik),2584.35,3289.17,2936.76,2670.8
2023-01-14,Onion,Lasalgaon (Nashik),2543.94,3237.74,2890.84,2210.0
2023-01-15,Onion,Lasalgaon (Nashik),2495.92,3176.62,2836.27,3363.6
2023-01-16,Onion,Lasalgaon (Nashik),2333.57,2969.99,2651.78,750.4
2023-01-17,Onion,Lasalgaon (Nashik),2327.74,2962.58,2645.16,1945.6
2023-01-18,Onion,Lasalgaon (Nashik),2482.01,3158.93,2820.47,649.8
2023-01-19,Onion,Lasalgaon (Nashik),2446.26,3113.42,2779.84,3279.6
2023-01-20,Onion,Lasalgaon (Nashik),2334.28,2970.9,2652.59,1243.1
2023-01-21,Onion,Lasalgaon (Nashik),2329.18,2964.4,2646.79,1461.9
2023-01-22,Onion,Lasalgaon (Nashik),2409.05,3066.07,2737.56,2778.8
2023-01-23,Onion,Lasalgaon (Nashik),2425.53,3087.03,2756.28,3104.9
2023-01-24,Onion,Lasalgaon (Nashik),2422.89,3083.67,2753.28,3400.3
2023-01-25,Onion,Lasalgaon (Nashik),2294.14,2919.82,2606.98,1777.2
2023-01-26,Onion,Lasalgaon (Nashik),2341.87,2980.57,2661.22,1129.3
2023-01-27,Onion,Lasalgaon (Nashik),2386.45,3037.31,2711.88,3290.9
2023-01-28,Onion,Lasalgaon (Nashik),2509.56,3193.98,2851.77,2263.3
2023-01-29,Onion,Lasalgaon (Nashik),2646.85,3368.71,3007.78,3200.8
2023-01-30,Onion,Lasalgaon (Nashik),2700.44,3436.92,3068.68,964.2
2023-01-31,Onion,Lasalgaon (Nashik),2518.7,3205.62,2862.16,2966.4
2023-02-01,Onion,Lasalgaon (Nashik),2375.67,3023.57,2699.62,2995.7
2023-02-02,Onion,Lasalgaon (Nashik),2275.98,2896.7,2586.34,3430.8
2023-02-03,Onion,Lasalgaon (Nashik),2303.59,2931.85,2617.72,1545.6
2023-02-04,Onion,Lasalgaon (Nashik),2235.92,2845.72,2540.82,1660.7
2023-02-05,Onion,Lasalgaon (Nashik),2353.38,2995.2,2674.29,2528.6
2023-02-06,Onion,Lasalgaon (Nashik),2372.24,3019.22,2695.73,1295.9
2023-02-07,Onion,Lasalgaon (Nashik),2400.92,3055.72,2728.32,2699.1
2023-02-08,Onion,Lasalgaon (Nashik),2463.95,3135.93,2799.94,3333.8
2023-02-09,Onion,Lasalgaon (Nashik),2485.87,3163.83,2824.85,2044.2
2023-02-10,Onion,Lasalgaon (Nashik),2345.12,2984.7,2664.91,2203.4
2023-02-11,Onion,Lasalgaon (Nashik),2569.13,3269.81,2919.47,1165.5
2023-02-12,Onion,Lasalgaon (Nashik),2697.92,3433.72,3065.82,1073.7
2023-02-13,Onion,Lasalgaon (Nashik),2832.21,3604.63,3218.42,1132.6
2023-02-14,Onion,Lasalgaon (Nashik),2720.29,3462.19,3091.24,1330.7
2023-02-15,Onion,Lasalgaon (Nashik),2510.42,3195.08,2852.75,2819.8
2023-02-16,Onion,Lasalgaon (Nashik),2355.95,2998.49,2677.22,2807.4
2023-02-17,Onion,Lasalgaon (Nashik),2256.11,2871.41,2563.76,1139.2
2023-02-18,Onion,Lasalgaon (Nashik),2329.99,2965.45,2647.72,1614.0
2023-02-19,Onion,Lasalgaon (Nashik),2403.61,3059.13,2731.37,3389.8
2023-02-20,Onion,Lasalgaon (Nashik),2528.26,3217.78,2873.02,1646.0
2023-02-21,Onion,Lasalgaon (Nashik),2721.96,3464.32,3093.14,1679.6
2023-02-22,Onion,Lasalgaon (Nashik),2744.68,3493.24,3118.96,3044.4
2023-02-23,Onion,Lasalgaon (Nashik),2748.44,3498.02,3123.23,2840.8
2023-02-24,Onion,Lasalgaon (Nashik),2677.43,3407.63,3042.53,1797.1
2023-02-25,Onion,Lasalgaon (Nashik),2613.74,3326.58,2970.16,2926.3
2023-02-26,Onion,Lasalgaon (Nashik),2475.62,3150.78,2813.2,1469.3
2023-02-27,Onion,Lasalgaon (Nashik),2504.53,3187.59,2846.06,514.8
2023-02-28,Onion,Lasalgaon (Nashik),2513.29,3198.73,2856.01,1282.1
2023-03-01,Onion,Lasalgaon (Nashik),2452.73,3121.65,2787.19,3179.3
2023-03-02,Onion,Lasalgaon (Nashik),2359.38,3002.84,2681.11,676.1
2023-03-03,Onion,Lasalgaon (Nashik),2385.65,3036.29,2710.97,2865.4
2023-03-04,Onion,Lasalgaon (Nashik),2489.39,3168.31,2828.85,1929.0
2023-03-05,Onion,Lasalgaon (Nashik),2473.67,3148.31,2810.99,1144.7
2023-03-06,Onion,Lasalgaon (Nashik),2477.23,3152.83,2815.03,1356.6
2023-03-07,Onion,Lasalgaon (Nashik),2402.85,3058.17,2730.51,3214.2
2023-03-08,Onion,Lasalgaon (Nashik),2360.43,3004.19,2682.31,2959.7
2023-03-09,Onion,Lasalgaon (Nashik),2314.29,2945.45,2629.87,2311.3
2023-03-10,Onion,Lasalgaon (Nashik),2273.44,2893.46,2583.45,2792.0
2023-03-11,Onion,Lasalgaon (Nashik),2208.41,2810.71,2509.56,3007.6
2023-03-12,Onion,Lasalgaon (Nashik),2230.47,2838.79,2534.63,1584.7
2023-03-13,Onion,Lasalgaon (Nashik),2329.69,2965.07,2647.38,1538.9
2023-03-14,Onion,Lasalgaon (Nashik),2228.77,2836.61,2532.69,1091.5
2023-03-15,Onion,Lasalgaon (Nashik),2335.64,2972.64,2654.14,507.0
2023-03-16,Onion,Lasalgaon (Nashik),2279.71,2901.45,2590.58,2122.4
2023-03-17,Onion,Lasalgaon (Nashik),2230.28,2838.54,2534.41,491.7
2023-03-18,Onion,Lasalgaon (Nashik),2040.21,2596.63,2318.42,2398.7
2023-03-19,Onion,Lasalgaon (Nashik),1855.39,2361.41,2108.4,2212.5
2023-03-20,Onion,Lasalgaon (Nashik),1910.95,2432.11,2171.53,3072.7
2023-03-21,Onion,Lasalgaon (Nashik),1833.0,2332.9,2082.95,1379.2
2023-03-22,Onion,Lasalgaon (Nashik),1893.04,2409.32,2151.18,2864.5
2023-03-23,Onion,Lasalgaon (Nashik),1896.22,2413.38,2154.8,1953.2
2023-03-24,Onion,Lasalgaon (Nashik),1913.23,2435.01,2174.12,1015.4
2023-03-25,Onion,Lasalgaon (Nashik),2010.03,2558.21,2284.12,2403.5
2023-03-26,Onion,Lasalgaon (Nashik),1996.42,2540.9,2268.66,2222.4
2023-03-27,Onion,Lasalgaon (Nashik),1756.4,2235.42,1995.91,3489.5
2023-03-28,Onion,Lasalgaon (Nashik),1647.67,2097.03,1872.35,2767.6
2023-03-29,Onion,Lasalgaon (Nashik),1718.42,2187.08,1952.75,2649.0
2023-03-30,Onion,Lasalgaon (Nashik),1858.9,2365.88,2112.39,1439.6
2023-03-31,Onion,Lasalgaon (Nashik),1849.37,2353.75,2101.56,3287.6
2023-04-01,Onion,Lasalgaon (Nashik),1797.95,2288.31,2043.13,498.1
2023-04-02,Onion,Lasalgaon (Nashik),1704.67,2169.57,1937.12,1714.5
2023-04-03,Onion,Lasalgaon (Nashik),1743.91,2219.53,1981.72,3187.5
2023-04-04,Onion,Lasalgaon (Nashik),1629.72,2074.2,1851.96,630.3
2023-04-05,Onion,Lasalgaon (Nashik),1560.14,1985.64,1772.89,1927.1
2023-04-06,Onion,Lasalgaon (Nashik),1577.05,2007.15,1792.1,2795.0
2023-04-07,Onion,Lasalgaon (Nashik),1590.78,2024.64,1807.71,550.0
2023-04-08,Onion,Lasalgaon (Nashik),1581.66,2013.02,1797.34,1452.0
2023-04-09,Onion,Lasalgaon (Nashik),1653.64,2104.64,1879.14,2455.8
2023-04-10,Onion,Lasalgaon (Nashik),1579.84,2010.7,1795.27,1444.6
2023-04-11,Onion,Lasalgaon (Nashik),1515.39,1928.67,1722.03,2660.7
2023-04-12,Onion,Lasalgaon (Nashik),1499.56,1908.54,1704.05,1545.2
2023-04-13,Onion,Lasalgaon (Nashik),1511.8,1924.12,1717.96,2529.3
2023-04-14,Onion,Lasalgaon (Nashik),1499.96,1909.04,1704.5,1973.9
2023-04-15,Onion,Lasalgaon (Nashik),1626.2,2069.7,1847.95,765.9
2023-04-16,Onion,Lasalgaon (Nashik),1590.53,2024.31,1807.42,2168.5
2023-04-17,Onion,Lasalgaon (Nashik),1632.01,2077.11,1854.56,2049.3
2023-04-18,Onion,Lasalgaon (Nashik),1596.12,2031.42,1813.77,1615.8
2023-04-19,Onion,Lasalgaon (Nashik),1617.11,2058.15,1837.63,3063.1
2023-04-20,Onion,Lasalgaon (Nashik),1590.05,2023.71,1806.88,2285.0
2023-04-21,Onion,Lasalgaon (Nashik),1567.32,1994.76,1781.04,2526.6
2023-04-22,Onion,Lasalgaon (Nashik),1668.69,2123.79,1896.24,850.1
2023-04-23,Onion,Lasalgaon (Nashik),1643.47,2091.69,1867.58,1604.4
2023-04-24,Onion,Lasalgaon (Nashik),1750.9,2228.42,1989.66,1352.2
2023-04-25,Onion,Lasalgaon (Nashik),1693.28,2155.08,1924.18,2691.9
2023-04-26,Onion,Lasalgaon (Nashik),1656.83,2108.69,1882.76,779.6
2023-04-27,Onion,Lasalgaon (Nashik),1722.78,2192.62,1957.7,1384.8
2023-04-28,Onion,Lasalgaon (Nashik),1559.51,1984.83,1772.17,1636.6
2023-04-29,Onion,Lasalgaon (Nashik),1462.5,1861.36,1661.93,1686.1
2023-04-30,Onion,Lasalgaon (Nashik),1466.92,1867.0,1666.96,2661.8
2023-05-01,Onion,Lasalgaon (Nashik),1496.63,1904.81,1700.72,1141.3
2023-05-02,Onion,Lasalgaon (Nashik),1530.61,1948.05,1739.33,1473.0
2023-05-03,Onion,Lasalgaon (Nashik),1510.71,1922.73,1716.72,752.6
2023-05-04,Onion,Lasalgaon (Nashik),1429.58,1819.46,1624.52,2757.8
2023-05-05,Onion,Lasalgaon (Nashik),1478.93,1882.27,1680.6,1197.7
2023-05-06,Onion,Lasalgaon (Nashik),1504.66,1915.02,1709.84,1429.4
2023-05-07,Onion,Lasalgaon (Nashik),1439.64,1832.26,1635.95,1364.8
2023-05-08,Onion,Lasalgaon (Nashik),1446.03,1840.41,1643.22,1876.0
2023-05-09,Onion,Lasalgaon (Nashik),1550.76,1973.7,1762.23,2911.5
2023-05-10,Onion,Lasalgaon (Nashik),1553.39,1977.05,1765.22,2417.7
2023-05-11,Onion,Lasalgaon (Nashik),1479.05,1882.43,1680.74,1928.9
2023-05-12,Onion,Lasalgaon (Nashik),1453.33,1849.69,1651.51,3186.9
2023-05-13,Onion,Lasalgaon (Nashik),1432.17,1822.77,1627.47,2372.7
2023-05-14,Onion,Lasalgaon (Nashik),1451.14,1846.9,1649.02,3454.5
2023-05-15,Onion,Lasalgaon (Nashik),1501.24,1910.66,1705.95,2440.2
2023-05-16,Onion,Lasalgaon (Nashik),1444.12,1837.96,1641.04,574.2
2023-05-17,Onion,Lasalgaon (Nashik),1406.86,1790.54,1598.7,2636.8
2023-05-18,Onion,Lasalgaon (Nashik),1463.29,1862.37,1662.83,1803.9
2023-05-19,Onion,Lasalgaon (Nashik),1502.45,1912.21,1707.33,2972.5
2023-05-20,Onion,Lasalgaon (Nashik),1577.37,2007.57,1792.47,3097.5
2023-05-21,Onion,Lasalgaon (Nashik),1481.68,1885.78,1683.73,2049.0
2023-05-22,Onion,Lasalgaon (Nashik),1423.28,1811.44,1617.36,2474.8
2023-05-23,Onion,Lasalgaon (Nashik),1477.42,1880.36,1678.89,2388.8
2023-05-24,Onion,Lasalgaon (Nashik),1419.23,1806.29,1612.76,1521.5
2023-05-25,Onion,Lasalgaon (Nashik),1434.74,1826.04,1630.39,3314.8
2023-05-26,Onion,Lasalgaon (Nashik),1428.37,1817.93,1623.15,526.9
2023-05-27,Onion,Lasalgaon (Nashik),1384.59,1762.21,1573.4,583.9
2023-05-28,Onion,Lasalgaon (Nashik),1463.99,1863.27,1663.63,2250.9
2023-05-29,Onion,Lasalgaon (Nashik),1457.61,1855.13,1656.37,1856.9
2023-05-30,Onion,Lasalgaon (Nashik),1424.0,1812.36,1618.18,1425.9
2023-05-31,Onion,Lasalgaon (Nashik),1411.44,1796.38,1603.91,3078.8
2023-06-01,Onion,Lasalgaon (Nashik),1421.67,1809.39,1615.53,2569.1
2023-06-02,Onion,Lasalgaon (Nashik),1333.88,1697.66,1515.77,3227.4
2023-06-03,Onion,Lasalgaon (Nashik),1290.36,1642.28,1466.32,3257.3
2023-06-04,Onion,Lasalgaon (Nashik),1230.22,1565.74,1397.98,2799.2
2023-06-05,Onion,Lasalgaon (Nashik),1138.73,1449.29,1294.01,1020.5
2023-06-06,Onion,Lasalgaon (Nashik),1191.88,1516.94,1354.41,1975.0
2023-06-07,Onion,Lasalgaon (Nashik),1266.74,1612.22,1439.48,2482.5
2023-06-08,Onion,Lasalgaon (Nashik),1329.46,1692.04,1510.75,2840.3
2023-06-09,Onion,Lasalgaon (Nashik),1241.29,1579.83,1410.56,1826.6
2023-06-10,Onion,Lasalgaon (Nashik),1264.65,1609.55,1437.1,756.8
2023-06-11,Onion,Lasalgaon (Nashik),1301.19,1656.07,1478.63,770.8
2023-06-12,Onion,Lasalgaon (Nashik),1273.76,1621.14,1447.45,1885.0
2023-06-13,Onion,Lasalgaon (Nashik),1316.95,1676.11,1496.53,3137.8
2023-06-14,Onion,Lasalgaon (Nashik),1261.38,1605.4,1433.39,3206.3
2023-06-15,Onion,Lasalgaon (Nashik),1212.69,1543.43,1378.06,2026.2
2023-06-16,Onion,Lasalgaon (Nashik),1179.09,1500.65,1339.87,2241.1
2023-06-17,Onion,Lasalgaon (Nashik),1152.98,1467.42,1310.2,3093.7
2023-06-18,Onion,Lasalgaon (Nashik),1116.24,1420.68,1268.46,2160.6
2023-06-19,Onion,Lasalgaon (Nashik),1168.0,1486.54,1327.27,2217.3
2023-06-20,Onion,Lasalgaon (Nashik),1127.36,1434.82,1281.09,659.7
2023-06-21,Onion,Lasalgaon (Nashik),1115.88,1420.2,1268.04,2016.6
2023-06-22,Onion,Lasalgaon (Nashik),1097.76,1397.14,1247.45,3017.5
2023-06-23,Onion,Lasalgaon (Nashik),1205.93,1534.83,1370.38,1988.8
2023-06-24,Onion,Lasalgaon (Nashik),1169.99,1489.07,1329.53,1120.7
2023-06-25,Onion,Lasalgaon (Nashik),1198.6,1525.48,1362.04,665.2
2023-06-26,Onion,Lasalgaon (Nashik),1291.82,1644.14,1467.98,3039.3
2023-06-27,Onion,Lasalgaon (Nashik),1235.55,1572.51,1404.03,1078.3
2023-06-28,Onion,Lasalgaon (Nashik),1200.64,1528.08,1364.36,3244.0
2023-06-29,Onion,Lasalgaon (Nashik),1191.26,1516.16,1353.71,689.0
2023-06-30,Onion,Lasalgaon (Nashik),1138.1,1448.48,1293.29,1501.2
2023-07-01,Onion,Lasalgaon (Nashik),1202.31,1530.21,1366.26,3186.6
2023-07-02,Onion,Lasalgaon (Nashik),1186.52,1510.12,1348.32,2410.5
2023-07-03,Onion,Lasalgaon (Nashik),1242.74,1581.66,1412.2,517.4
2023-07-04,Onion,Lasalgaon (Nashik),1273.03,1620.21,1446.62,940.1
2023-07-05,Onion,Lasalgaon (Nashik),1277.29,1625.65,1451.47,2601.6
2023-07-06,Onion,Lasalgaon (Nashik),1328.47,1690.77,1509.62,3023.7
2023-07-07,Onion,Lasalgaon (Nashik),1313.94,1672.28,1493.11,2199.8
2023-07-08,Onion,Lasalgaon (Nashik),1369.98,1743.62,1556.8,852.9
2023-07-09,Onion,Lasalgaon (Nashik),1301.92,1656.98,1479.45,617.2
2023-07-10,Onion,Lasalgaon (Nashik),1267.89,1613.67,1440.78,3487.1
2023-07-11,Onion,Lasalgaon (Nashik),1332.6,1696.04,1514.32,2898.0
2023-07-12,Onion,Lasalgaon (Nashik),1231.28,1567.08,1399.18,2993.2
2023-07-13,Onion,Lasalgaon (Nashik),1260.59,1604.39,1432.49,2493.0
2023-07-14,Onion,Lasalgaon (Nashik),1246.27,1586.17,1416.22,1310.8
2023-07-15,Onion,Lasalgaon (Nashik),1226.69,1561.25,1393.97,723.2
2023-07-16,Onion,Lasalgaon (Nashik),1201.6,1529.3,1365.45,2886.4
2023-07-17,Onion,Lasalgaon (Nashik),1271.29,1618.01,1444.65,2118.8
2023-07-18,Onion,Lasalgaon (Nashik),1204.77,1533.35,1369.06,543.5
2023-07-19,Onion,Lasalgaon (Nashik),1253.08,1594.82,1423.95,2881.5
2023-07-20,Onion,Lasalgaon (Nashik),1283.43,1633.45,1458.44,2001.9
2023-07-21,Onion,Lasalgaon (Nashik),1268.73,1614.75,1441.74,2473.9
2023-07-22,Onion,Lasalgaon (Nashik),1271.55,1618.33,1444.94,427.4
2023-07-23,Onion,Lasalgaon (Nashik),1313.62,1671.88,1492.75,2353.7
2023-07-24,Onion,Lasalgaon (Nashik),1289.62,1641.34,1465.48,1602.5
2023-07-25,Onion,Lasalgaon (Nashik),1223.78,1557.54,1390.66,1847.5
2023-07-26,Onion,Lasalgaon (Nashik),1247.23,1587.39,1417.31,2173.1
2023-07-27,Onion,Lasalgaon (Nashik),1216.89,1548.77,1382.83,2309.7
2023-07-28,Onion,Lasalgaon (Nashik),1208.78,1538.44,1373.61,2886.6
2023-07-29,Onion,Lasalgaon (Nashik),1222.85,1556.35,1389.6,2938.2
2023-07-30,Onion,Lasalgaon (Nashik),1269.27,1615.43,1442.35,977.2
2023-07-31,Onion,Lasalgaon (Nashik),1370.39,1744.13,1557.26,3432.1
2023-08-01,Onion,Lasalgaon (Nashik),1393.96,1774.14,1584.05,3224.2
2023-08-02,Onion,Lasalgaon (Nashik),1404.9,1788.06,1596.48,945.6
2023-08-03,Onion,Lasalgaon (Nashik),1454.13,1850.71,1652.42,2526.0
2023-08-04,Onion,Lasalgaon (Nashik),1472.72,1874.36,1673.54,1625.1
2023-08-05,Onion,Lasalgaon (Nashik),1383.07,1760.27,1571.67,3214.2
2023-08-06,Onion,Lasalgaon (Nashik),1358.34,1728.8,1543.57,2037.6
2023-08-07,Onion,Lasalgaon (Nashik),1303.68,1659.24,1481.46,2070.5
2023-08-08,Onion,Lasalgaon (Nashik),1349.9,1718.06,1533.98,2469.9
2023-08-09,Onion,Lasalgaon (Nashik),1426.62,1815.7,1621.16,557.7
2023-08-10,Onion,Lasalgaon (Nashik),1452.45,1848.57,1650.51,1547.2
2023-08-11,Onion,Lasalgaon (Nashik),1401.91,1784.25,1593.08,847.6
2023-08-12,Onion,Lasalgaon (Nashik),1453.7,1850.16,1651.93,768.5
2023-08-13,Onion,Lasalgaon (Nashik),1407.47,1791.33,1599.4,902.3
2023-08-14,Onion,Lasalgaon (Nashik),1429.93,1819.91,1624.92,3426.0
2023-08-15,Onion,Lasalgaon (Nashik),1374.0,1748.72,1561.36,1989.7
2023-08-16,Onion,Lasalgaon (Nashik),1313.88,1672.22,1493.05,2174.8
2023-08-17,Onion,Lasalgaon (Nashik),1258.75,1602.05,1430.4,2512.4
2023-08-18,Onion,Lasalgaon (Nashik),1275.97,1623.97,1449.97,484.3
2023-08-19,Onion,Lasalgaon (Nashik),1259.98,1603.62,1431.8,2738.2
2023-08-20,Onion,Lasalgaon (Nashik),1298.42,1652.54,1475.48,3037.1
2023-08-21,Onion,Lasalgaon (Nashik),1251.11,1592.33,1421.72,1600.8
2023-08-22,Onion,Lasalgaon (Nashik),1293.13,1645.81,1469.47,2787.9
2023-08-23,Onion,Lasalgaon (Nashik),1279.65,1628.65,1454.15,1334.6
2023-08-24,Onion,Lasalgaon (Nashik),1360.78,1731.9,1546.34,1376.9
2023-08-25,Onion,Lasalgaon (Nashik),1430.32,1820.4,1625.36,1383.6
2023-08-26,Onion,Lasalgaon (Nashik),1431.28,1821.64,1626.46,1491.1
2023-08-27,Onion,Lasalgaon (Nashik),1450.41,1845.97,1648.19,2840.9
2023-08-28,Onion,Lasalgaon (Nashik),1476.82,1879.6,1678.21,3023.8
2023-08-29,Onion,Lasalgaon (Nashik),1515.44,1928.74,1722.09,2472.6
2023-08-30,Onion,Lasalgaon (Nashik),1510.56,1922.52,1716.54,1506.3
2023-08-31,Onion,Lasalgaon (Nashik),1586.87,2019.65,1803.26,3382.2
2023-09-01,Onion,Lasalgaon (Nashik),1565.06,1991.9,1778.48,1030.6
2023-09-02,Onion,Lasalgaon (Nashik),1464.1,1863.4,1663.75,3134.9
2023-09-03,Onion,Lasalgaon (Nashik),1492.88,1900.02,1696.45,3033.6
2023-09-04,Onion,Lasalgaon (Nashik),1500.81,1910.13,1705.47,2715.0
2023-09-05,Onion,Lasalgaon (Nashik),1563.76,1990.24,1777.0,3356.1
2023-09-06,Onion,Lasalgaon (Nashik),1611.94,2051.56,1831.75,507.8
2023-09-07,Onion,Lasalgaon (Nashik),1630.4,2075.06,1852.73,3142.1
2023-09-08,Onion,Lasalgaon (Nashik),1647.24,2096.48,1871.86,2094.3
2023-09-09,Onion,Lasalgaon (Nashik),1665.11,2119.23,1892.17,3055.7
2023-09-10,Onion,Lasalgaon (Nashik),1633.24,2078.66,1855.95,862.1
2023-09-11,Onion,Lasalgaon (Nashik),1570.32,1998.58,1784.45,2946.6
2023-09-12,Onion,Lasalgaon (Nashik),1536.21,1955.17,1745.69,3088.1
2023-09-13,Onion,Lasalgaon (Nashik),1547.23,1969.21,1758.22,1286.6
2023-09-14,Onion,Lasalgaon (Nashik),1434.66,1825.94,1630.3,1053.0
2023-09-15,Onion,Lasalgaon (Nashik),1431.87,1822.39,1627.13,2809.6
2023-09-16,Onion,Lasalgaon (Nashik),1400.27,1782.17,1591.22,2659.8
2023-09-17,Onion,Lasalgaon (Nashik),1418.65,1805.55,1612.1,511.6
2023-09-18,Onion,Lasalgaon (Nashik),1397.68,1778.86,1588.27,2425.0
2023-09-19,Onion,Lasalgaon (Nashik),1425.07,1813.73,1619.4,1742.6
2023-09-20,Onion,Lasalgaon (Nashik),1436.06,1827.72,1631.89,1113.7
2023-09-21,Onion,Lasalgaon (Nashik),1533.26,1951.42,1742.34,1459.4
2023-09-22,Onion,Lasalgaon (Nashik),1533.56,1951.8,1742.68,2927.1
2023-09-23,Onion,Lasalgaon (Nashik),1540.09,1960.11,1750.1,695.2
2023-09-24,Onion,Lasalgaon (Nashik),1562.64,1988.82,1775.73,2064.7
2023-09-25,Onion,Lasalgaon (Nashik),1477.57,1880.55,1679.06,1780.0
2023-09-26,Onion,Lasalgaon (Nashik),1441.7,1834.9,1638.3,1784.6
2023-09-27,Onion,Lasalgaon (Nashik),1549.71,1972.35,1761.03,495.2
2023-09-28,Onion,Lasalgaon (Nashik),1603.2,2040.44,1821.82,494.8
2023-09-29,Onion,Lasalgaon (Nashik),1629.18,2073.5,1851.34,792.5
2023-09-30,Onion,Lasalgaon (Nashik),1718.59,2187.29,1952.94,3361.9
2023-10-01,Onion,Lasalgaon (Nashik),1723.86,2194.0,1958.93,2793.8
2023-10-02,Onion,Lasalgaon (Nashik),1724.8,2195.2,1960.0,1298.9
2023-10-03,Onion,Lasalgaon (Nashik),1722.62,2192.42,1957.52,1320.2
2023-10-04,Onion,Lasalgaon (Nashik),1627.27,2071.07,1849.17,2035.5
2023-10-05,Onion,Lasalgaon (Nashik),1709.55,2175.79,1942.67,2993.7
2023-10-06,Onion,Lasalgaon (Nashik),1716.79,2185.01,1950.9,1904.6
2023-10-07,Onion,Lasalgaon (Nashik),1730.36,2202.28,1966.32,856.3
2023-10-08,Onion,Lasalgaon (Nashik),1727.92,2199.18,1963.55,3196.8
2023-10-09,Onion,Lasalgaon (Nashik),1706.41,2171.79,1939.1,1228.9
2023-10-10,Onion,Lasalgaon (Nashik),1585.66,2018.12,1801.89,2891.5
2023-10-11,Onion,Lasalgaon (Nashik),1621.09,2063.21,1842.15,3377.6
2023-10-12,Onion,Lasalgaon (Nashik),1788.65,2276.47,2032.56,2769.3
2023-10-13,Onion,Lasalgaon (Nashik),1877.23,2389.21,2133.22,2735.5
2023-10-14,Onion,Lasalgaon (Nashik),1872.82,2383.58,2128.2,2023.5
2023-10-15,Onion,Lasalgaon (Nashik),1824.37,2321.93,2073.15,2192.6
2023-10-16,Onion,Lasalgaon (Nashik),1845.36,2348.64,2097.0,1956.5
2023-10-17,Onion,Lasalgaon (Nashik),1890.55,2406.15,2148.35,523.1
2023-10-18,Onion,Lasalgaon (Nashik),1899.14,2417.08,2158.11,646.7
2023-10-19,Onion,Lasalgaon (Nashik),1978.19,2517.69,2247.94,2435.5
2023-10-20,Onion,Lasalgaon (Nashik),1921.7,2445.8,2183.75,931.5
2023-10-21,Onion,Lasalgaon (Nashik),2019.17,2569.85,2294.51,1857.3
2023-10-22,Onion,Lasalgaon (Nashik),2044.61,2602.23,2323.42,3389.5
2023-10-23,Onion,Lasalgaon (Nashik),2014.84,2564.34,2289.59,3341.5
2023-10-24,Onion,Lasalgaon (Nashik),2007.49,2554.99,2281.24,3300.0
2023-10-25,Onion,Lasalgaon (Nashik),2049.48,2608.42,2328.95,2253.3
2023-10-26,Onion,Lasalgaon (Nashik),2123.79,2703.01,2413.4,1518.2
2023-10-27,Onion,Lasalgaon (Nashik),2140.45,2724.21,2432.33,1999.4
2023-10-28,Onion,Lasalgaon (Nashik),2198.94,2798.64,2498.79,2245.8
2023-10-29,Onion,Lasalgaon (Nashik),2418.11,3077.59,2747.85,1651.7
2023-10-30,Onion,Lasalgaon (Nashik),2270.07,2889.17,2579.62,820.5
2023-10-31,Onion,Lasalgaon (Nashik),2108.63,2683.71,2396.17,648.1
2023-11-01,Onion,Lasalgaon (Nashik),2129.11,2709.77,2419.44,743.0
2023-11-02,Onion,Lasalgaon (Nashik),2064.52,2627.58,2346.05,2509.9
2023-11-03,Onion,Lasalgaon (Nashik),2089.39,2659.23,2374.31,2696.1
2023-11-04,Onion,Lasalgaon (Nashik),1979.64,2519.54,2249.59,571.3
2023-11-05,Onion,Lasalgaon (Nashik),2009.84,2557.98,2283.91,1909.2
2023-11-06,Onion,Lasalgaon (Nashik),2132.64,2714.26,2423.45,1264.6
2023-11-07,Onion,Lasalgaon (Nashik),2239.27,2849.99,2544.63,2777.6
2023-11-08,Onion,Lasalgaon (Nashik),2157.19,2745.51,2451.35,1491.2
2023-11-09,Onion,Lasalgaon (Nashik),2145.63,2730.81,2438.22,3108.3
2023-11-10,Onion,Lasalgaon (Nashik),2234.17,2843.49,2538.83,1094.5
2023-11-11,Onion,Lasalgaon (Nashik),2406.36,3062.64,2734.5,916.0
2023-11-12,Onion,Lasalgaon (Nashik),2323.86,2957.64,2640.75,2974.0
2023-11-13,Onion,Lasalgaon (Nashik),2256.88,2872.4,2564.64,1737.7
2023-11-14,Onion,Lasalgaon (Nashik),2366.13,3011.43,2688.78,2620.1
2023-11-15,Onion,Lasalgaon (Nashik),2340.03,2978.21,2659.12,2543.4
2023-11-16,Onion,Lasalgaon (Nashik),2257.77,2873.53,2565.65,2844.4
2023-11-17,Onion,Lasalgaon (Nashik),2361.88,3006.04,2683.96,2467.9
2023-11-18,Onion,Lasalgaon (Nashik),2222.47,2828.59,2525.53,3213.7
2023-11-19,Onion,Lasalgaon (Nashik),2178.81,2773.03,2475.92,789.9
2023-11-20,Onion,Lasalgaon (Nashik),2276.74,2897.68,2587.21,1656.5
2023-11-21,Onion,Lasalgaon (Nashik),2234.51,2843.93,2539.22,591.2
2023-11-22,Onion,Lasalgaon (Nashik),2314.59,2945.85,2630.22,844.0
2023-11-23,Onion,Lasalgaon (Nashik),2219.2,2824.44,2521.82,970.9
2023-11-24,Onion,Lasalgaon (Nashik),2300.98,2928.52,2614.75,891.6
2023-11-25,Onion,Lasalgaon (Nashik),2354.38,2996.48,2675.43,1184.5
2023-11-26,Onion,Lasalgaon (Nashik),2513.83,3199.41,2856.62,3166.8
2023-11-27,Onion,Lasalgaon (Nashik),2492.31,3172.03,2832.17,2937.7
2023-11-28,Onion,Lasalgaon (Nashik),2462.22,3133.74,2797.98,1874.6
2023-11-29,Onion,Lasalgaon (Nashik),2458.04,3128.42,2793.23,3096.2
2023-11-30,Onion,Lasalgaon (Nashik),2563.24,3262.3,2912.77,2966.3
2023-12-01,Onion,Lasalgaon (Nashik),2492.09,3171.75,2831.92,1143.2
2023-12-02,Onion,Lasalgaon (Nashik),2482.5,3159.54,2821.02,1675.5
2023-12-03,Onion,Lasalgaon (Nashik),2678.22,3408.64,3043.43,2170.0
2023-12-04,Onion,Lasalgaon (Nashik),2753.48,3504.44,3128.96,2885.5
2023-12-05,Onion,Lasalgaon (Nashik),2821.09,3590.47,3205.78,1188.1
2023-12-06,Onion,Lasalgaon (Nashik),2753.56,3504.52,3129.04,852.0
2023-12-07,Onion,Lasalgaon (Nashik),2836.14,3609.64,3222.89,1092.5
2023-12-08,Onion,Lasalgaon (Nashik),2700.9,3437.52,3069.21,3422.8
2023-12-09,Onion,Lasalgaon (Nashik),2546.65,3241.19,2893.92,1440.8
2023-12-10,Onion,Lasalgaon (Nashik),2459.18,3129.86,2794.52,400.2
2023-12-11,Onion,Lasalgaon (Nashik),2602.17,3311.85,2957.01,2390.3
2023-12-12,Onion,Lasalgaon (Nashik),2618.37,3332.47,2975.42,1427.0
2023-12-13,Onion,Lasalgaon (Nashik),2525.96,3214.86,2870.41,2686.7
2023-12-14,Onion,Lasalgaon (Nashik),2495.28,3175.8,2835.54,2359.3
2023-12-15,Onion,Lasalgaon (Nashik),2543.52,3237.2,2890.36,904.9
2023-12-16,Onion,Lasalgaon (Nashik),2663.19,3389.51,3026.35,627.3
2023-12-17,Onion,Lasalgaon (Nashik),2499.89,3181.67,2840.78,402.8
2023-12-18,Onion,Lasalgaon (Nashik),2635.35,3354.09,2994.72,941.9
2023-12-19,Onion,Lasalgaon (Nashik),2728.48,3472.6,3100.54,1053.6
2023-12-20,Onion,Lasalgaon (Nashik),2650.73,3373.65,3012.19,663.7
2023-12-21,Onion,Lasalgaon (Nashik),2608.32,3319.68,2964.0,2213.3
2023-12-22,Onion,Lasalgaon (Nashik),2656.99,3381.63,3019.31,1017.3
2023-12-23,Onion,Lasalgaon (Nashik),2625.37,3341.39,2983.38,1220.5
2023-12-24,Onion,Lasalgaon (Nashik),2637.81,3357.21,2997.51,1943.9
2023-12-25,Onion,Lasalgaon (Nashik),2531.77,3222.25,2877.01,1225.6
2023-12-26,Onion,Lasalgaon (Nashik),2365.39,3010.49,2687.94,2811.7
2023-12-27,Onion,Lasalgaon (Nashik),2606.22,3317.0,2961.61,859.5
2023-12-28,Onion,Lasalgaon (Nashik),2622.62,3337.88,2980.25,3423.0
2023-12-29,Onion,Lasalgaon (Nashik),2643.63,3364.63,3004.13,3172.7
2023-12-30,Onion,Lasalgaon (Nashik),2692.61,3426.95,3059.78,1590.6
2023-12-31,Onion,Lasalgaon (Nashik),2827.31,3598.39,3212.85,1104.8
2024-01-01,Onion,Lasalgaon (Nashik),2916.26,3711.6,3313.93,510.6
2024-01-02,Onion,Lasalgaon (Nashik),2787.67,3547.95,3167.81,1674.1
2024-01-03,Onion,Lasalgaon (Nashik),2765.18,3519.32,3142.25,736.3
2024-01-04,Onion,Lasalgaon (Nashik),2762.91,3516.43,3139.67,2206.0
2024-01-05,Onion,Lasalgaon (Nashik),2834.22,3607.18,3220.7,1186.2
2024-01-06,Onion,Lasalgaon (Nashik),2757.04,3508.96,3133.0,2908.1
2024-01-07,Onion,Lasalgaon (Nashik),2787.58,3547.84,3167.71,1302.2
2024-01-08,Onion,Lasalgaon (Nashik),2800.06,3563.72,3181.89,2702.1
2024-01-09,Onion,Lasalgaon (Nashik),2937.87,3739.11,3338.49,2543.9
2024-01-10,Onion,Lasalgaon (Nashik),2642.42,3363.08,3002.75,812.3
2024-01-11,Onion,Lasalgaon (Nashik),2646.12,3367.78,3006.95,446.4
2024-01-12,Onion,Lasalgaon (Nashik),2675.7,3405.44,3040.57,865.2
2024-01-13,Onion,Lasalgaon (Nashik),2738.57,3485.45,3112.01,2051.0
2024-01-14,Onion,Lasalgaon (Nashik),2727.7,3471.62,3099.66,2977.2
2024-01-15,Onion,Lasalgaon (Nashik),2633.8,3352.12,2992.96,2501.6
2024-01-16,Onion,Lasalgaon (Nashik),2696.58,3432.02,3064.3,499.8
2024-01-17,Onion,Lasalgaon (Nashik),2726.03,3469.49,3097.76,2199.1
2024-01-18,Onion,Lasalgaon (Nashik),2630.28,3347.64,2988.96,1341.5
2024-01-19,Onion,Lasalgaon (Nashik),2492.44,3172.2,2832.32,2412.0
2024-01-20,Onion,Lasalgaon (Nashik),2547.07,3241.73,2894.4,3422.0
2024-01-21,Onion,Lasalgaon (Nashik),2462.74,3134.4,2798.57,3107.5
2024-01-22,Onion,Lasalgaon (Nashik),2526.51,3215.55,2871.03,2746.1
2024-01-23,Onion,Lasalgaon (Nashik),2674.9,3404.42,3039.66,2241.4
2024-01-24,Onion,Lasalgaon (Nashik),2686.52,3419.2,3052.86,1672.7
2024-01-25,Onion,Lasalgaon (Nashik),2699.6,3435.86,3067.73,3199.7
2024-01-26,Onion,Lasalgaon (Nashik),2701.12,3437.8,3069.46,1020.6
2024-01-27,Onion,Lasalgaon (Nashik),2834.82,3607.96,3221.39,1198.6
2024-01-28,Onion,Lasalgaon (Nashik),2969.48,3779.34,3374.41,2429.6
2024-01-29,Onion,Lasalgaon (Nashik),2951.27,3756.17,3353.72,710.4
2024-01-30,Onion,Lasalgaon (Nashik),3007.97,3828.33,3418.15,1358.8
2024-01-31,Onion,Lasalgaon (Nashik),2982.32,3795.68,3389.0,780.8
2024-02-01,Onion,Lasalgaon (Nashik),2897.44,3687.66,3292.55,475.7
2024-02-02,Onion,Lasalgaon (Nashik),2957.45,3764.03,3360.74,2724.7
2024-02-03,Onion,Lasalgaon (Nashik),2918.56,3714.54,3316.55,2789.0
2024-02-04,Onion,Lasalgaon (Nashik),2799.5,3563.0,3181.25,3095.7
2024-02-05,Onion,Lasalgaon (Nashik),2625.02,3340.94,2982.98,3152.5
2024-02-06,Onion,Lasalgaon (Nashik),2713.99,3454.17,3084.08,726.7
2024-02-07,Onion,Lasalgaon (Nashik),2600.22,3309.38,2954.8,2156.8
2024-02-08,Onion,Lasalgaon (Nashik),2482.29,3159.27,2820.78,2540.2
2024-02-09,Onion,Lasalgaon (Nashik),2452.48,3121.34,2786.91,1705.9
2024-02-10,Onion,Lasalgaon (Nashik),2518.26,3205.06,2861.66,2626.3
2024-02-11,Onion,Lasalgaon (Nashik),2350.91,2992.07,2671.49,3199.9
2024-02-12,Onion,Lasalgaon (Nashik),2408.82,3065.76,2737.29,613.2
2024-02-13,Onion,Lasalgaon (Nashik),2441.85,3107.81,2774.83,845.1
2024-02-14,Onion,Lasalgaon (Nashik),2326.65,2961.19,2643.92,1315.5
2024-02-15,Onion,Lasalgaon (Nashik),2228.32,2836.04,2532.18,843.6
2024-02-16,Onion,Lasalgaon (Nashik),2218.2,2823.16,2520.68,749.0
2024-02-17,Onion,Lasalgaon (Nashik),2392.41,3044.89,2718.65,738.4
2024-02-18,Onion,Lasalgaon (Nashik),2365.33,3010.41,2687.87,3016.3
2024-02-19,Onion,Lasalgaon (Nashik),2461.32,3132.6,2796.96,2376.0
2024-02-20,Onion,Lasalgaon (Nashik),2541.85,3235.09,2888.47,2026.5
2024-02-21,Onion,Lasalgaon (Nashik),2379.98,3029.06,2704.52,2286.1
2024-02-22,Onion,Lasalgaon (Nashik),2374.16,3021.66,2697.91,3394.1
2024-02-23,Onion,Lasalgaon (Nashik),2458.79,3129.37,2794.08,3005.1
2024-02-24,Onion,Lasalgaon (Nashik),2402.09,3057.21,2729.65,1753.6
2024-02-25,Onion,Lasalgaon (Nashik),2507.51,3191.37,2849.44,2292.8
2024-02-26,Onion,Lasalgaon (Nashik),2392.87,3045.47,2719.17,1863.9
2024-02-27,Onion,Lasalgaon (Nashik),2254.52,2869.4,2561.96,921.5
2024-02-28,Onion,Lasalgaon (Nashik),2215.14,2819.26,2517.2,3029.5
2024-02-29,Onion,Lasalgaon (Nashik),2270.58,2889.84,2580.21,1327.3
2024-03-01,Onion,Lasalgaon (Nashik),2233.78,2843.0,2538.39,1088.1
2024-03-02,Onion,Lasalgaon (Nashik),2310.95,2941.21,2626.08,2141.3
2024-03-03,Onion,Lasalgaon (Nashik),2172.73,2765.29,2469.01,3436.7
2024-03-04,Onion,Lasalgaon (Nashik),2125.0,2704.54,2414.77,919.8
2024-03-05,Onion,Lasalgaon (Nashik),2240.15,2851.09,2545.62,3157.0
2024-03-06,Onion,Lasalgaon (Nashik),2036.3,2591.66,2313.98,1818.7
2024-03-07,Onion,Lasalgaon (Nashik),2065.44,2628.74,2347.09,954.1
2024-03-08,Onion,Lasalgaon (Nashik),1999.78,2545.18,2272.48,1224.5
2024-03-09,Onion,Lasalgaon (Nashik),1949.61,2481.33,2215.47,2638.0
2024-03-10,Onion,Lasalgaon (Nashik),1933.05,2460.25,2196.65,3440.7
2024-03-11,Onion,Lasalgaon (Nashik),1835.53,2336.13,2085.83,3017.4
2024-03-12,Onion,Lasalgaon (Nashik),1913.63,2435.53,2174.58,3310.4
2024-03-13,Onion,Lasalgaon (Nashik),1964.52,2500.3,2232.41,3214.1
2024-03-14,Onion,Lasalgaon (Nashik),2062.94,2625.56,2344.25,643.1
2024-03-15,Onion,Lasalgaon (Nashik),2075.49,2641.53,2358.51,471.9
2024-03-16,Onion,Lasalgaon (Nashik),2000.84,2546.52,2273.68,959.7
2024-03-17,Onion,Lasalgaon (Nashik),2052.48,2612.24,2332.36,1371.9
2024-03-18,Onion,Lasalgaon (Nashik),1949.3,2480.92,2215.11,2813.8
2024-03-19,Onion,Lasalgaon (Nashik),1885.58,2399.84,2142.71,1160.3
2024-03-20,Onion,Lasalgaon (Nashik),2048.41,2607.07,2327.74,1731.4
2024-03-21,Onion,Lasalgaon (Nashik),2131.06,2712.26,2421.66,806.1
2024-03-22,Onion,Lasalgaon (Nashik),2159.51,2748.47,2453.99,2102.2
2024-03-23,Onion,Lasalgaon (Nashik),2274.54,2894.86,2584.7,2664.8
2024-03-24,Onion,Lasalgaon (Nashik),2233.15,2842.19,2537.67,1471.5
2024-03-25,Onion,Lasalgaon (Nashik),2268.4,2887.06,2577.73,2586.0
2024-03-26,Onion,Lasalgaon (Nashik),2182.46,2777.68,2480.07,2455.6
2024-03-27,Onion,Lasalgaon (Nashik),2142.02,2726.2,2434.11,2478.9
2024-03-28,Onion,Lasalgaon (Nashik),2137.76,2720.78,2429.27,2646.7
2024-03-29,Onion,Lasalgaon (Nashik),2250.45,2864.21,2557.33,1278.6
2024-03-30,Onion,Lasalgaon (Nashik),2173.38,2766.12,2469.75,2752.1
2024-03-31,Onion,Lasalgaon (Nashik),2247.16,2860.02,2553.59,3246.1
2024-04-01,Onion,Lasalgaon (Nashik),2226.74,2834.04,2530.39,1296.8
2024-04-02,Onion,Lasalgaon (Nashik),2064.7,2627.8,2346.25,596.6
2024-04-03,Onion,Lasalgaon (Nashik),1908.67,2429.21,2168.94,2500.5
2024-04-04,Onion,Lasalgaon (Nashik),1856.03,2362.23,2109.13,2960.8
2024-04-05,Onion,Lasalgaon (Nashik),1932.88,2460.04,2196.46,481.9
2024-04-06,Onion,Lasalgaon (Nashik),1946.91,2477.89,2212.4,2415.9
2024-04-07,Onion,Lasalgaon (Nashik),2079.83,2647.05,2363.44,613.3
2024-04-08,Onion,Lasalgaon (Nashik),2080.06,2647.34,2363.7,1166.9
2024-04-09,Onion,Lasalgaon (Nashik),2180.02,2774.56,2477.29,2159.2
2024-04-10,Onion,Lasalgaon (Nashik),2179.71,2774.17,2476.94,768.3
2024-04-11,Onion,Lasalgaon (Nashik),2084.39,2652.85,2368.62,2546.0
2024-04-12,Onion,Lasalgaon (Nashik),2124.89,2704.41,2414.65,2831.9
2024-04-13,Onion,Lasalgaon (Nashik),2046.48,2604.62,2325.55,1087.6
2024-04-14,Onion,Lasalgaon (Nashik),1924.52,2449.4,2186.96,2261.7
2024-04-15,Onion,Lasalgaon (Nashik),1861.15,2368.73,2114.94,2589.8
2024-04-16,Onion,Lasalgaon (Nashik),1827.43,2325.83,2076.63,1206.5
2024-04-17,Onion,Lasalgaon (Nashik),1839.82,2341.58,2090.7,2479.4
2024-04-18,Onion,Lasalgaon (Nashik),1894.16,2410.74,2152.45,3141.2
2024-04-19,Onion,Lasalgaon (Nashik),1928.85,2454.89,2191.87,2702.9
2024-04-20,Onion,Lasalgaon (Nashik),2075.96,2642.14,2359.05,956.5
2024-04-21,Onion,Lasalgaon (Nashik),1907.03,2427.13,2167.08,3011.3
2024-04-22,Onion,Lasalgaon (Nashik),1882.29,2395.65,2138.97,2435.2
2024-04-23,Onion,Lasalgaon (Nashik),2065.53,2628.85,2347.19,1076.2
2024-04-24,Onion,Lasalgaon (Nashik),2019.42,2570.18,2294.8,873.7
2024-04-25,Onion,Lasalgaon (Nashik),1906.06,2425.9,2165.98,507.3
2024-04-26,Onion,Lasalgaon (Nashik),1838.8,2340.3,2089.55,3042.2
2024-04-27,Onion,Lasalgaon (Nashik),1762.15,2242.73,2002.44,3284.6
2024-04-28,Onion,Lasalgaon (Nashik),1722.94,2192.84,1957.89,2802.9
2024-04-29,Onion,Lasalgaon (Nashik),1835.41,2335.97,2085.69,1572.8
2024-04-30,Onion,Lasalgaon (Nashik),1729.37,2201.01,1965.19,2470.1
2024-05-01,Onion,Lasalgaon (Nashik),1678.29,2136.01,1907.15,1102.0
2024-05-02,Onion,Lasalgaon (Nashik),1767.75,2249.87,2008.81,2250.6
2024-05-03,Onion,Lasalgaon (Nashik),1778.97,2264.15,2021.56,672.9
2024-05-04,Onion,Lasalgaon (Nashik),1791.53,2280.13,2035.83,1164.3
2024-05-05,Onion,Lasalgaon (Nashik),1755.15,2233.83,1994.49,2059.8
2024-05-06,Onion,Lasalgaon (Nashik),1809.74,2303.3,2056.52,2261.6
2024-05-07,Onion,Lasalgaon (Nashik),1728.48,2199.88,1964.18,3310.2
2024-05-08,Onion,Lasalgaon (Nashik),1783.83,2270.33,2027.08,682.7
2024-05-09,Onion,Lasalgaon (Nashik),1780.06,2265.52,2022.79,2924.2
2024-05-10,Onion,Lasalgaon (Nashik),1755.16,2233.84,1994.5,2324.7
2024-05-11,Onion,Lasalgaon (Nashik),1708.65,2174.65,1941.65,1779.6
2024-05-12,Onion,Lasalgaon (Nashik),1762.45,2243.11,2002.78,999.9
2024-05-13,Onion,Lasalgaon (Nashik),1772.8,2256.3,2014.55,802.8
2024-05-14,Onion,Lasalgaon (Nashik),1733.39,2206.13,1969.76,2457.5
2024-05-15,Onion,Lasalgaon (Nashik),1729.81,2201.57,1965.69,1469.0
2024-05-16,Onion,Lasalgaon (Nashik),1650.84,2101.06,1875.95,1537.5
2024-05-17,Onion,Lasalgaon (Nashik),1725.63,2196.25,1960.94,2227.2
2024-05-18,Onion,Lasalgaon (Nashik),1806.61,2299.33,2052.97,922.2
2024-05-19,Onion,Lasalgaon (Nashik),1869.0,2378.72,2123.86,2329.9
2024-05-20,Onion,Lasalgaon (Nashik),1868.79,2378.45,2123.62,1414.2
2024-05-21,Onion,Lasalgaon (Nashik),1884.16,2398.02,2141.09,1860.2
2024-05-22,Onion,Lasalgaon (Nashik),1767.87,2250.01,2008.94,1616.9
2024-05-23,Onion,Lasalgaon (Nashik),1727.99,2199.27,1963.63,1613.3
2024-05-24,Onion,Lasalgaon (Nashik),1698.66,2161.94,1930.3,1392.2
2024-05-25,Onion,Lasalgaon (Nashik),1678.16,2135.84,1907.0,1715.8
2024-05-26,Onion,Lasalgaon (Nashik),1707.72,2173.46,1940.59,1911.9
2024-05-27,Onion,Lasalgaon (Nashik),1666.55,2121.07,1893.81,2282.4
2024-05-28,Onion,Lasalgaon (Nashik),1609.72,2048.74,1829.23,1522.7
2024-05-29,Onion,Lasalgaon (Nashik),1676.94,2134.28,1905.61,3006.5
2024-05-30,Onion,Lasalgaon (Nashik),1645.35,2094.09,1869.72,3254.1
2024-05-31,Onion,Lasalgaon (Nashik),1595.42,2030.54,1812.98,1467.8
2024-06-01,Onion,Lasalgaon (Nashik),1470.17,1871.13,1670.65,432.5
2024-06-02,Onion,Lasalgaon (Nashik),1394.29,1774.55,1584.42,3104.8
2024-06-03,Onion,Lasalgaon (Nashik),1384.18,1761.68,1572.93,537.6
2024-06-04,Onion,Lasalgaon (Nashik),1401.0,1783.08,1592.04,2170.0
2024-06-05,Onion,Lasalgaon (Nashik),1310.34,1667.7,1489.02,1297.2
2024-06-06,Onion,Lasalgaon (Nashik),1314.97,1673.59,1494.28,1325.4
2024-06-07,Onion,Lasalgaon (Nashik),1336.67,1701.21,1518.94,3248.8
2024-06-08,Onion,Lasalgaon (Nashik),1315.1,1673.76,1494.43,1442.2
2024-06-09,Onion,Lasalgaon (Nashik),1322.74,1683.48,1503.11,1130.0
2024-06-10,Onion,Lasalgaon (Nashik),1400.19,1782.07,1591.13,2116.5
2024-06-11,Onion,Lasalgaon (Nashik),1361.33,1732.61,1546.97,3046.3
2024-06-12,Onion,Lasalgaon (Nashik),1278.46,1627.14,1452.8,2391.2
2024-06-13,Onion,Lasalgaon (Nashik),1266.17,1611.49,1438.83,1653.7
2024-06-14,Onion,Lasalgaon (Nashik),1230.71,1566.35,1398.53,1313.3
2024-06-15,Onion,Lasalgaon (Nashik),1236.49,1573.71,1405.1,2336.8
2024-06-16,Onion,Lasalgaon (Nashik),1277.7,1626.16,1451.93,1553.7
2024-06-17,Onion,Lasalgaon (Nashik),1327.79,1689.91,1508.85,2616.9
2024-06-18,Onion,Lasalgaon (Nashik),1347.75,1715.31,1531.53,2347.8
2024-06-19,Onion,Lasalgaon (Nashik),1424.32,1812.78,1618.55,2878.0
2024-06-20,Onion,Lasalgaon (Nashik),1442.88,1836.4,1639.64,1532.1
2024-06-21,Onion,Lasalgaon (Nashik),1498.17,1906.77,1702.47,1248.6
2024-06-22,Onion,Lasalgaon (Nashik),1513.26,1925.96,1719.61,2703.3
2024-06-23,Onion,Lasalgaon (Nashik),1523.36,1938.82,1731.09,2186.3
2024-06-24,Onion,Lasalgaon (Nashik),1488.13,1893.99,1691.06,2720.3
2024-06-25,Onion,Lasalgaon (Nashik),1483.93,1888.63,1686.28,732.4
2024-06-26,Onion,Lasalgaon (Nashik),1447.86,1842.74,1645.3,1829.0
2024-06-27,Onion,Lasalgaon (Nashik),1429.53,1819.41,1624.47,2301.7
2024-06-28,Onion,Lasalgaon (Nashik),1432.38,1823.02,1627.7,2488.7
2024-06-29,Onion,Lasalgaon (Nashik),1495.45,1903.29,1699.37,693.0
2024-06-30,Onion,Lasalgaon (Nashik),1476.68,1879.4,1678.04,2127.6
2024-07-01,Onion,Lasalgaon (Nashik),1508.67,1920.13,1714.4,1412.0
2024-07-02,Onion,Lasalgaon (Nashik),1434.75,1826.05,1630.4,2052.8
2024-07-03,Onion,Lasalgaon (Nashik),1418.34,1805.16,1611.75,2023.8
2024-07-04,Onion,Lasalgaon (Nashik),1488.96,1895.04,1692.0,2112.7
2024-07-05,Onion,Lasalgaon (Nashik),1505.35,1915.91,1710.63,2264.1
2024-07-06,Onion,Lasalgaon (Nashik),1401.23,1783.39,1592.31,1898.6
2024-07-07,Onion,Lasalgaon (Nashik),1401.08,1783.2,1592.14,2467.9
2024-07-08,Onion,Lasalgaon (Nashik),1389.7,1768.7,1579.2,1040.2
2024-07-09,Onion,Lasalgaon (Nashik),1330.7,1693.62,1512.16,1228.5
2024-07-10,Onion,Lasalgaon (Nashik),1249.7,1590.52,1420.11,1687.6
2024-07-11,Onion,Lasalgaon (Nashik),1214.14,1545.26,1379.7,1678.2
2024-07-12,Onion,Lasalgaon (Nashik),1176.24,1497.04,1336.64,3288.2
2024-07-13,Onion,Lasalgaon (Nashik),1221.56,1554.72,1388.14,1479.1
2024-07-14,Onion,Lasalgaon (Nashik),1259.92,1603.54,1431.73,3228.2
2024-07-15,Onion,Lasalgaon (Nashik),1300.78,1655.54,1478.16,2853.2
2024-07-16,Onion,Lasalgaon (Nashik),1363.71,1735.63,1549.67,2111.5
2024-07-17,Onion,Lasalgaon (Nashik),1260.31,1604.03,1432.17,3004.4
2024-07-18,Onion,Lasalgaon (Nashik),1257.35,1600.27,1428.81,1408.4
2024-07-19,Onion,Lasalgaon (Nashik),1284.5,1634.82,1459.66,606.7
2024-07-20,Onion,Lasalgaon (Nashik),1261.74,1605.86,1433.8,1238.2
2024-07-21,Onion,Lasalgaon (Nashik),1242.72,1581.64,1412.18,582.8
2024-07-22,Onion,Lasalgaon (Nashik),1217.22,1549.18,1383.2,1221.0
2024-07-23,Onion,Lasalgaon (Nashik),1238.38,1576.12,1407.25,2063.5
2024-07-24,Onion,Lasalgaon (Nashik),1248.39,1588.85,1418.62,1079.1
2024-07-25,Onion,Lasalgaon (Nashik),1321.36,1681.74,1501.55,965.9
2024-07-26,Onion,Lasalgaon (Nashik),1351.25,1719.77,1535.51,2589.3
2024-07-27,Onion,Lasalgaon (Nashik),1371.18,1745.14,1558.16,501.8
2024-07-28,Onion,Lasalgaon (Nashik),1378.37,1754.29,1566.33,1136.5
2024-07-29,Onion,Lasalgaon (Nashik),1345.98,1713.06,1529.52,534.0
2024-07-30,Onion,Lasalgaon (Nashik),1362.5,1734.1,1548.3,1590.1
2024-07-31,Onion,Lasalgaon (Nashik),1415.93,1802.09,1609.01,3471.7
2024-08-01,Onion,Lasalgaon (Nashik),1449.46,1844.76,1647.11,1065.8
2024-08-02,Onion,Lasalgaon (Nashik),1398.39,1779.77,1589.08,1381.9
2024-08-03,Onion,Lasalgaon (Nashik),1329.2,1691.72,1510.46,843.9
2024-08-04,Onion,Lasalgaon (Nashik),1377.98,1753.8,1565.89,3272.8
2024-08-05,Onion,Lasalgaon (Nashik),1399.07,1780.63,1589.85,583.2
2024-08-06,Onion,Lasalgaon (Nashik),1425.27,1813.99,1619.63,2028.5
2024-08-07,Onion,Lasalgaon (Nashik),1389.16,1768.02,1578.59,2900.5
2024-08-08,Onion,Lasalgaon (Nashik),1441.16,1834.2,1637.68,3162.3
2024-08-09,Onion,Lasalgaon (Nashik),1491.69,1898.51,1695.1,898.5
2024-08-10,Onion,Lasalgaon (Nashik),1485.54,1890.68,1688.11,3456.8
2024-08-11,Onion,Lasalgaon (Nashik),1527.56,1944.16,1735.86,2479.9
2024-08-12,Onion,Lasalgaon (Nashik),1482.7,1887.08,1684.89,547.3
2024-08-13,Onion,Lasalgaon (Nashik),1487.95,1893.75,1690.85,3248.0
2024-08-14,Onion,Lasalgaon (Nashik),1388.42,1767.08,1577.75,2729.0
2024-08-15,Onion,Lasalgaon (Nashik),1388.13,1766.71,1577.42,1795.0
2024-08-16,Onion,Lasalgaon (Nashik),1540.87,1961.11,1750.99,2486.9
2024-08-17,Onion,Lasalgaon (Nashik),1592.45,2026.75,1809.6,1608.3
2024-08-18,Onion,Lasalgaon (Nashik),1708.35,2174.27,1941.31,3064.2
2024-08-19,Onion,Lasalgaon (Nashik),1749.61,2226.77,1988.19,906.3
2024-08-20,Onion,Lasalgaon (Nashik),1767.59,2249.67,2008.63,1585.7
2024-08-21,Onion,Lasalgaon (Nashik),1784.39,2271.05,2027.72,2275.2
2024-08-22,Onion,Lasalgaon (Nashik),1759.23,2239.03,1999.13,2661.7
2024-08-23,Onion,Lasalgaon (Nashik),1812.46,2306.76,2059.61,835.6
2024-08-24,Onion,Lasalgaon (Nashik),1764.37,2245.57,2004.97,1752.2
2024-08-25,Onion,Lasalgaon (Nashik),1772.36,2255.74,2014.05,1907.7
2024-08-26,Onion,Lasalgaon (Nashik),2012.27,2561.07,2286.67,2871.8
2024-08-27,Onion,Lasalgaon (Nashik),2044.65,2602.29,2323.47,962.7
2024-08-28,Onion,Lasalgaon (Nashik),2000.9,2546.6,2273.75,3019.6
2024-08-29,Onion,Lasalgaon (Nashik),2079.11,2646.15,2362.63,2061.5
2024-08-30,Onion,Lasalgaon (Nashik),2105.75,2680.05,2392.9,2295.9
2024-08-31,Onion,Lasalgaon (Nashik),2076.28,2642.54,2359.41,690.8
2024-09-01,Onion,Lasalgaon (Nashik),1984.03,2525.13,2254.58,3220.3
2024-09-02,Onion,Lasalgaon (Nashik),1970.7,2508.16,2239.43,1529.2
2024-09-03,Onion,Lasalgaon (Nashik),1938.06,2466.62,2202.34,1744.0
2024-09-04,Onion,Lasalgaon (Nashik),1944.15,2474.37,2209.26,3349.9
2024-09-05,Onion,Lasalgaon (Nashik),1975.31,2514.03,2244.67,2035.5
2024-09-06,Onion,Lasalgaon (Nashik),1998.79,2543.91,2271.35,1659.8
2024-09-07,Onion,Lasalgaon (Nashik),1929.72,2456.0,2192.86,504.3
2024-09-08,Onion,Lasalgaon (Nashik),1973.27,2511.43,2242.35,2675.2
2024-09-09,Onion,Lasalgaon (Nashik),2007.5,2555.0,2281.25,1935.2
2024-09-10,Onion,Lasalgaon (Nashik),1900.35,2418.63,2159.49,1484.1
2024-09-11,Onion,Lasalgaon (Nashik),1931.86,2458.74,2195.3,1254.6
2024-09-12,Onion,Lasalgaon (Nashik),1932.21,2459.17,2195.69,750.1
2024-09-13,Onion,Lasalgaon (Nashik),1967.3,2503.84,2235.57,738.4
2024-09-14,Onion,Lasalgaon (Nashik),1892.37,2408.47,2150.42,2506.7
2024-09-15,Onion,Lasalgaon (Nashik),1878.26,2390.52,2134.39,3454.1
2024-09-16,Onion,Lasalgaon (Nashik),1871.14,2381.46,2126.3,837.5
2024-09-17,Onion,Lasalgaon (Nashik),1795.25,2284.87,2040.06,538.6
2024-09-18,Onion,Lasalgaon (Nashik),1845.23,2348.47,2096.85,525.6
2024-09-19,Onion,Lasalgaon (Nashik),1836.74,2337.66,2087.2,1668.2
2024-09-20,Onion,Lasalgaon (Nashik),1877.66,2389.74,2133.7,727.4
2024-09-21,Onion,Lasalgaon (Nashik),1818.84,2314.88,2066.86,1019.9
2024-09-22,Onion,Lasalgaon (Nashik),1738.62,2212.78,1975.7,1647.0
2024-09-23,Onion,Lasalgaon (Nashik),1681.43,2140.01,1910.72,1794.4
2024-09-24,Onion,Lasalgaon (Nashik),1566.9,1994.24,1780.57,2239.3
2024-09-25,Onion,Lasalgaon (Nashik),1546.44,1968.2,1757.32,2841.4
2024-09-26,Onion,Lasalgaon (Nashik),1597.32,2032.96,1815.14,1711.2
2024-09-27,Onion,Lasalgaon (Nashik),1715.8,2183.74,1949.77,3001.6
2024-09-28,Onion,Lasalgaon (Nashik),1817.93,2313.73,2065.83,1442.6
2024-09-29,Onion,Lasalgaon (Nashik),1932.0,2458.9,2195.45,2283.6
2024-09-30,Onion,Lasalgaon (Nashik),2047.13,2605.43,2326.28,863.3
2024-10-01,Onion,Lasalgaon (Nashik),2234.87,2844.37,2539.62,1964.6
2024-10-02,Onion,Lasalgaon (Nashik),2254.9,2869.88,2562.39,2666.9
2024-10-03,Onion,Lasalgaon (Nashik),2341.5,2980.1,2660.8,1435.5
2024-10-04,Onion,Lasalgaon (Nashik),2400.35,3054.99,2727.67,1333.0
2024-10-05,Onion,Lasalgaon (Nashik),2170.97,2763.05,2467.01,507.8
2024-10-06,Onion,Lasalgaon (Nashik),2193.45,2791.67,2492.56,1639.0
2024-10-07,Onion,Lasalgaon (Nashik),2207.07,2808.99,2508.03,2679.9
2024-10-08,Onion,Lasalgaon (Nashik),2248.58,2861.84,2555.21,2362.3
2024-10-09,Onion,Lasalgaon (Nashik),2211.3,2814.38,2512.84,2675.9
2024-10-10,Onion,Lasalgaon (Nashik),2158.13,2746.71,2452.42,2054.5
2024-10-11,Onion,Lasalgaon (Nashik),2127.55,2707.79,2417.67,3348.2
2024-10-12,Onion,Lasalgaon (Nashik),2202.72,2803.46,2503.09,1535.1
2024-10-13,Onion,Lasalgaon (Nashik),2253.41,2867.97,2560.69,1388.0
2024-10-14,Onion,Lasalgaon (Nashik),2395.71,3049.09,2722.4,3140.9
2024-10-15,Onion,Lasalgaon (Nashik),2283.65,2906.47,2595.06,918.5
2024-10-16,Onion,Lasalgaon (Nashik),2394.1,3047.04,2720.57,1561.0
2024-10-17,Onion,Lasalgaon (Nashik),2580.94,3284.84,2932.89,3452.4
2024-10-18,Onion,Lasalgaon (Nashik),2486.22,3164.28,2825.25,3296.0
2024-10-19,Onion,Lasalgaon (Nashik),2493.37,3173.37,2833.37,1751.3
2024-10-20,Onion,Lasalgaon (Nashik),2343.33,2982.41,2662.87,1785.7
2024-10-21,Onion,Lasalgaon (Nashik),2108.91,2684.07,2396.49,2972.7
2024-10-22,Onion,Lasalgaon (Nashik),2015.73,2565.47,2290.6,1600.6
2024-10-23,Onion,Lasalgaon (Nashik),2038.64,2594.64,2316.64,465.3
2024-10-24,Onion,Lasalgaon (Nashik),2074.93,2640.81,2357.87,1018.8
2024-10-25,Onion,Lasalgaon (Nashik),2060.99,2623.07,2342.03,3379.1
2024-10-26,Onion,Lasalgaon (Nashik),2132.17,2713.67,2422.92,3050.0
2024-10-27,Onion,Lasalgaon (Nashik),2177.7,2771.62,2474.66,3039.7
2024-10-28,Onion,Lasalgaon (Nashik),2359.76,3003.32,2681.54,2540.0
2024-10-29,Onion,Lasalgaon (Nashik),2238.44,2848.92,2543.68,1279.6
2024-10-30,Onion,Lasalgaon (Nashik),2173.99,2766.89,2470.44,2387.5
2024-10-31,Onion,Lasalgaon (Nashik),2138.66,2721.94,2430.3,3366.0
2024-11-01,Onion,Lasalgaon (Nashik),2101.26,2674.32,2387.79,2294.3
2024-11-02,Onion,Lasalgaon (Nashik),2080.65,2648.11,2364.38,1290.5
2024-11-03,Onion,Lasalgaon (Nashik),2305.58,2934.38,2619.98,1443.4
2024-11-04,Onion,Lasalgaon (Nashik),2283.29,2906.01,2594.65,1464.9
2024-11-05,Onion,Lasalgaon (Nashik),2354.41,2996.53,2675.47,3222.9
2024-11-06,Onion,Lasalgaon (Nashik),2234.8,2844.3,2539.55,405.5
2024-11-07,Onion,Lasalgaon (Nashik),2188.16,2784.94,2486.55,2767.4
2024-11-08,Onion,Lasalgaon (Nashik),2280.09,2901.93,2591.01,1835.9
2024-11-09,Onion,Lasalgaon (Nashik),2384.87,3035.29,2710.08,1336.3
2024-11-10,Onion,Lasalgaon (Nashik),2246.51,2859.19,2552.85,996.5
2024-11-11,Onion,Lasalgaon (Nashik),2456.83,3126.87,2791.85,3297.4
2024-11-12,Onion,Lasalgaon (Nashik),2504.68,3187.78,2846.23,1677.2
2024-11-13,Onion,Lasalgaon (Nashik),2434.22,3098.1,2766.16,3487.8
2024-11-14,Onion,Lasalgaon (Nashik),2487.98,3166.52,2827.25,1867.8
2024-11-15,Onion,Lasalgaon (Nashik),2431.64,3094.82,2763.23,3405.6
2024-11-16,Onion,Lasalgaon (Nashik),2304.26,2932.7,2618.48,2218.0
2024-11-17,Onion,Lasalgaon (Nashik),2336.54,2973.78,2655.16,1335.0
2024-11-18,Onion,Lasalgaon (Nashik),2428.8,3091.2,2760.0,2910.1
2024-11-19,Onion,Lasalgaon (Nashik),2544.46,3238.4,2891.43,1345.1
2024-11-20,Onion,Lasalgaon (Nashik),2386.3,3037.12,2711.71,3005.8
2024-11-21,Onion,Lasalgaon (Nashik),2309.62,2939.52,2624.57,2488.6
2024-11-22,Onion,Lasalgaon (Nashik),2307.52,2936.84,2622.18,1462.3
2024-11-23,Onion,Lasalgaon (Nashik),2422.82,3083.58,2753.2,2132.0
2024-11-24,Onion,Lasalgaon (Nashik),2563.61,3262.77,2913.19,1729.9
2024-11-25,Onion,Lasalgaon (Nashik),2527.72,3217.1,2872.41,648.4
2024-11-26,Onion,Lasalgaon (Nashik),2415.16,3073.84,2744.5,3466.4
2024-11-27,Onion,Lasalgaon (Nashik),2482.47,3159.51,2820.99,738.6
2024-11-28,Onion,Lasalgaon (Nashik),2444.65,3111.37,2778.01,1948.3
2024-11-29,Onion,Lasalgaon (Nashik),2497.71,3178.91,2838.31,2745.6
2024-11-30,Onion,Lasalgaon (Nashik),2613.92,3326.8,2970.36,2774.2
2024-12-01,Onion,Lasalgaon (Nashik),2682.28,3413.8,3048.04,1403.5
2024-12-02,Onion,Lasalgaon (Nashik),2577.26,3280.16,2928.71,2538.3
2024-12-03,Onion,Lasalgaon (Nashik),2459.38,3130.12,2794.75,1196.0
2024-12-04,Onion,Lasalgaon (Nashik),2327.34,2962.06,2644.7,1979.3
2024-12-05,Onion,Lasalgaon (Nashik),2415.4,3074.14,2744.77,1319.6
2024-12-06,Onion,Lasalgaon (Nashik),2541.17,3234.21,2887.69,2555.5
2024-12-07,Onion,Lasalgaon (Nashik),2445.63,3112.63,2779.13,1227.7
2024-12-08,Onion,Lasalgaon (Nashik),2405.38,3061.4,2733.39,2571.4
2024-12-09,Onion,Lasalgaon (Nashik),2329.36,2964.64,2647.0,2343.8
2024-12-10,Onion,Lasalgaon (Nashik),2332.2,2968.26,2650.23,1452.4
2024-12-11,Onion,Lasalgaon (Nashik),2269.34,2888.24,2578.79,1173.4
2024-12-12,Onion,Lasalgaon (Nashik),2210.89,2813.85,2512.37,3081.3
2024-12-13,Onion,Lasalgaon (Nashik),2345.94,2985.74,2665.84,2961.0
2024-12-14,Onion,Lasalgaon (Nashik),2448.76,3116.6,2782.68,3317.9
2024-12-15,Onion,Lasalgaon (Nashik),2461.51,3132.83,2797.17,2477.3
2024-12-16,Onion,Lasalgaon (Nashik),2585.33,3290.41,2937.87,3131.6
2024-12-17,Onion,Lasalgaon (Nashik),2527.26,3216.52,2871.89,754.6
2024-12-18,Onion,Lasalgaon (Nashik),2580.2,3283.88,2932.04,1409.6
2024-12-19,Onion,Lasalgaon (Nashik),2487.9,3166.42,2827.16,2670.5
2024-12-20,Onion,Lasalgaon (Nashik),2421.16,3081.48,2751.32,784.6
2024-12-21,Onion,Lasalgaon (Nashik),2526.93,3216.09,2871.51,2445.0
2024-12-22,Onion,Lasalgaon (Nashik),2412.48,3070.44,2741.46,1090.2
2024-12-23,Onion,Lasalgaon (Nashik),2381.83,3031.43,2706.63,2981.8
2024-12-24,Onion,Lasalgaon (Nashik),2282.91,2905.53,2594.22,2514.5
2024-12-25,Onion,Lasalgaon (Nashik),2185.3,2781.3,2483.3,2148.7
2024-12-26,Onion,Lasalgaon (Nashik),2203.9,2804.96,2504.43,3053.6
2024-12-27,Onion,Lasalgaon (Nashik),2225.8,2832.84,2529.32,1101.1
2024-12-28,Onion,Lasalgaon (Nashik),2109.67,2685.03,2397.35,3214.3
2024-12-29,Onion,Lasalgaon (Nashik),2320.34,2953.16,2636.75,1742.9
2024-12-30,Onion,Lasalgaon (Nashik),2475.82,3151.04,2813.43,2752.9
2024-12-31,Onion,Lasalgaon (Nashik),2389.42,3041.08,2715.25,803.6
2025-01-01,Onion,Lasalgaon (Nashik),2433.68,3097.4,2765.54,2352.4
2025-01-02,Onion,Lasalgaon (Nashik),2451.71,3120.35,2786.03,3004.4
2025-01-03,Onion,Lasalgaon (Nashik),2392.29,3044.73,2718.51,3085.6
2025-01-04,Onion,Lasalgaon (Nashik),2276.39,2897.23,2586.81,1438.4
2025-01-05,Onion,Lasalgaon (Nashik),2287.01,2910.73,2598.87,1821.7
2025-01-06,Onion,Lasalgaon (Nashik),2279.38,2901.02,2590.2,1855.7
2025-01-07,Onion,Lasalgaon (Nashik),2400.21,3054.81,2727.51,3202.8
2025-01-08,Onion,Lasalgaon (Nashik),2418.61,3078.23,2748.42,1918.3
2025-01-09,Onion,Lasalgaon (Nashik),2325.23,2959.39,2642.31,1846.8
2025-01-10,Onion,Lasalgaon (Nashik),2268.83,2887.61,2578.22,3396.4
2025-01-11,Onion,Lasalgaon (Nashik),2275.81,2896.49,2586.15,1509.9
2025-01-12,Onion,Lasalgaon (Nashik),2374.09,3021.57,2697.83,2485.6
2025-01-13,Onion,Lasalgaon (Nashik),2269.78,2888.8,2579.29,3160.8
2025-01-14,Onion,Lasalgaon (Nashik),2301.79,2929.55,2615.67,2921.4
2025-01-15,Onion,Lasalgaon (Nashik),2431.92,3095.16,2763.54,717.5
2025-01-16,Onion,Lasalgaon (Nashik),2296.67,2923.03,2609.85,3485.0
2025-01-17,Onion,Lasalgaon (Nashik),2437.61,3102.41,2770.01,452.1
2025-01-18,Onion,Lasalgaon (Nashik),2385.36,3035.92,2710.64,1938.3
2025-01-19,Onion,Lasalgaon (Nashik),2383.35,3033.35,2708.35,2758.1
2025-01-20,Onion,Lasalgaon (Nashik),2336.56,2973.8,2655.18,837.1
2025-01-21,Onion,Lasalgaon (Nashik),2376.52,3024.66,2700.59,1175.5
2025-01-22,Onion,Lasalgaon (Nashik),2427.65,3089.73,2758.69,3369.3
2025-01-23,Onion,Lasalgaon (Nashik),2480.19,3156.61,2818.4,1771.2
2025-01-24,Onion,Lasalgaon (Nashik),2769.86,3525.28,3147.57,2438.9
2025-01-25,Onion,Lasalgaon (Nashik),2493.99,3174.17,2834.08,2704.8
2025-01-26,Onion,Lasalgaon (Nashik),2441.58,3107.46,2774.52,1841.7
2025-01-27,Onion,Lasalgaon (Nashik),2316.75,2948.59,2632.67,3435.3
2025-01-28,Onion,Lasalgaon (Nashik),2302.83,2930.87,2616.85,2720.6
2025-01-29,Onion,Lasalgaon (Nashik),2244.92,2857.18,2551.05,2801.4
2025-01-30,Onion,Lasalgaon (Nashik),2230.33,2838.61,2534.47,2039.0
2025-01-31,Onion,Lasalgaon (Nashik),2236.88,2846.94,2541.91,854.3
2025-02-01,Onion,Lasalgaon (Nashik),2193.43,2791.63,2492.53,2713.7
2025-02-02,Onion,Lasalgaon (Nashik),2286.45,2910.03,2598.24,869.0
2025-02-03,Onion,Lasalgaon (Nashik),2162.36,2752.1,2457.23,2974.7
2025-02-04,Onion,Lasalgaon (Nashik),2128.88,2709.48,2419.18,2944.5
2025-02-05,Onion,Lasalgaon (Nashik),2143.99,2728.71,2436.35,699.9
2025-02-06,Onion,Lasalgaon (Nashik),2276.11,2896.87,2586.49,1487.3
2025-02-07,Onion,Lasalgaon (Nashik),2163.89,2754.05,2458.97,1437.3
2025-02-08,Onion,Lasalgaon (Nashik),2070.78,2635.54,2353.16,1398.5
2025-02-09,Onion,Lasalgaon (Nashik),2129.31,2710.03,2419.67,2265.9
2025-02-10,Onion,Lasalgaon (Nashik),2147.97,2733.77,2440.87,3436.8
2025-02-11,Onion,Lasalgaon (Nashik),2039.86,2596.18,2318.02,752.1
2025-02-12,Onion,Lasalgaon (Nashik),2151.23,2737.93,2444.58,3035.5
2025-02-13,Onion,Lasalgaon (Nashik),2183.62,2779.16,2481.39,513.7
2025-02-14,Onion,Lasalgaon (Nashik),2163.8,2753.92,2458.86,3426.4
2025-02-15,Onion,Lasalgaon (Nashik),2144.58,2729.46,2437.02,2231.6
2025-02-16,Onion,Lasalgaon (Nashik),2162.87,2752.75,2457.81,1806.0
2025-02-17,Onion,Lasalgaon (Nashik),2140.48,2724.24,2432.36,1167.7
2025-02-18,Onion,Lasalgaon (Nashik),2177.61,2771.51,2474.56,1300.8
2025-02-19,Onion,Lasalgaon (Nashik),2213.57,2817.27,2515.42,3361.1
2025-02-20,Onion,Lasalgaon (Nashik),2125.16,2704.74,2414.95,1377.7
2025-02-21,Onion,Lasalgaon (Nashik),2007.0,2554.36,2280.68,608.4
2025-02-22,Onion,Lasalgaon (Nashik),2151.35,2738.09,2444.72,1215.9
2025-02-23,Onion,Lasalgaon (Nashik),2113.58,2690.0,2401.79,3306.7
2025-02-24,Onion,Lasalgaon (Nashik),2270.55,2889.79,2580.17,2394.5
2025-02-25,Onion,Lasalgaon (Nashik),2284.46,2907.5,2595.98,786.2
2025-02-26,Onion,Lasalgaon (Nashik),2056.93,2617.91,2337.42,1808.2
2025-02-27,Onion,Lasalgaon (Nashik),2089.3,2659.1,2374.2,3295.0
2025-02-28,Onion,Lasalgaon (Nashik),2026.98,2579.8,2303.39,1532.0
2025-03-01,Onion,Lasalgaon (Nashik),1865.84,2374.7,2120.27,2396.1
2025-03-02,Onion,Lasalgaon (Nashik),1881.64,2394.82,2138.23,2185.0
2025-03-03,Onion,Lasalgaon (Nashik),1815.88,2311.12,2063.5,653.7
2025-03-04,Onion,Lasalgaon (Nashik),1818.12,2313.96,2066.04,2260.3
2025-03-05,Onion,Lasalgaon (Nashik),1918.83,2442.15,2180.49,1826.0
2025-03-06,Onion,Lasalgaon (Nashik),1990.74,2533.66,2262.2,3148.2
2025-03-07,Onion,Lasalgaon (Nashik),2002.99,2549.27,2276.13,1424.1
2025-03-08,Onion,Lasalgaon (Nashik),2016.36,2566.28,2291.32,2565.3
2025-03-09,Onion,Lasalgaon (Nashik),2028.76,2582.06,2305.41,1902.5
2025-03-10,Onion,Lasalgaon (Nashik),1980.86,2521.1,2250.98,1143.2
2025-03-11,Onion,Lasalgaon (Nashik),1909.71,2430.53,2170.12,1582.2
2025-03-12,Onion,Lasalgaon (Nashik),1884.15,2398.01,2141.08,2221.3
2025-03-13,Onion,Lasalgaon (Nashik),1902.9,2421.88,2162.39,2923.1
2025-03-14,Onion,Lasalgaon (Nashik),1850.73,2355.47,2103.1,3280.3
2025-03-15,Onion,Lasalgaon (Nashik),1841.19,2343.33,2092.26,1658.6
2025-03-16,Onion,Lasalgaon (Nashik),1850.13,2354.71,2102.42,495.1
2025-03-17,Onion,Lasalgaon (Nashik),1790.44,2278.74,2034.59,1980.6
2025-03-18,Onion,Lasalgaon (Nashik),1874.23,2385.39,2129.81,1822.5
2025-03-19,Onion,Lasalgaon (Nashik),1974.7,2513.26,2243.98,2740.1
2025-03-20,Onion,Lasalgaon (Nashik),1987.83,2529.97,2258.9,1153.4
2025-03-21,Onion,Lasalgaon (Nashik),1913.69,2435.61,2174.65,2285.6
2025-03-22,Onion,Lasalgaon (Nashik),1774.58,2258.56,2016.57,3455.2
2025-03-23,Onion,Lasalgaon (Nashik),1615.34,2055.88,1835.61,1680.4
2025-03-24,Onion,Lasalgaon (Nashik),1704.49,2169.35,1936.92,3149.5
2025-03-25,Onion,Lasalgaon (Nashik),1727.33,2198.43,1962.88,1781.5
2025-03-26,Onion,Lasalgaon (Nashik),1695.18,2157.5,1926.34,973.4
2025-03-27,Onion,Lasalgaon (Nashik),1607.53,2045.95,1826.74,413.7
2025-03-28,Onion,Lasalgaon (Nashik),1608.29,2046.91,1827.6,1007.8
2025-03-29,Onion,Lasalgaon (Nashik),1679.52,2137.56,1908.54,933.6
2025-03-30,Onion,Lasalgaon (Nashik),1707.92,2173.72,1940.82,416.8
2025-03-31,Onion,Lasalgaon (Nashik),1645.72,2094.56,1870.14,1064.2
2025-04-01,Onion,Lasalgaon (Nashik),1860.42,2367.8,2114.11,1647.3
2025-04-02,Onion,Lasalgaon (Nashik),1896.64,2413.9,2155.27,2398.3
2025-04-03,Onion,Lasalgaon (Nashik),1800.88,2292.02,2046.45,2803.7
2025-04-04,Onion,Lasalgaon (Nashik),1827.8,2326.3,2077.05,2113.5
2025-04-05,Onion,Lasalgaon (Nashik),1854.71,2360.55,2107.63,2003.5
2025-04-06,Onion,Lasalgaon (Nashik),1904.35,2423.71,2164.03,1077.9
2025-04-07,Onion,Lasalgaon (Nashik),1924.83,2449.79,2187.31,1110.6
2025-04-08,Onion,Lasalgaon (Nashik),1826.17,2324.21,2075.19,1309.2
2025-04-09,Onion,Lasalgaon (Nashik),1850.19,2354.79,2102.49,2246.8
2025-04-10,Onion,Lasalgaon (Nashik),1787.98,2275.6,2031.79,2434.8
2025-04-11,Onion,Lasalgaon (Nashik),1795.07,2284.63,2039.85,1151.7
2025-04-12,Onion,Lasalgaon (Nashik),1788.78,2276.64,2032.71,875.1
2025-04-13,Onion,Lasalgaon (Nashik),1833.15,2333.11,2083.13,539.0
2025-04-14,Onion,Lasalgaon (Nashik),1844.01,2346.93,2095.47,3315.2
2025-04-15,Onion,Lasalgaon (Nashik),1814.2,2308.98,2061.59,1325.1
2025-04-16,Onion,Lasalgaon (Nashik),2005.29,2552.19,2278.74,2757.5
2025-04-17,Onion,Lasalgaon (Nashik),1963.32,2498.78,2231.05,2137.6
2025-04-18,Onion,Lasalgaon (Nashik),1921.73,2445.83,2183.78,1185.7
2025-04-19,Onion,Lasalgaon (Nashik),1943.8,2473.92,2208.86,2983.5
2025-04-20,Onion,Lasalgaon (Nashik),1966.9,2503.32,2235.11,1032.9
2025-04-21,Onion,Lasalgaon (Nashik),2027.56,2580.54,2304.05,669.5
2025-04-22,Onion,Lasalgaon (Nashik),1897.63,2415.17,2156.4,1973.4
2025-04-23,Onion,Lasalgaon (Nashik),1844.26,2347.24,2095.75,2792.6
2025-04-24,Onion,Lasalgaon (Nashik),1914.64,2436.82,2175.73,685.6
2025-04-25,Onion,Lasalgaon (Nashik),1920.14,2443.82,2181.98,2052.7
2025-04-26,Onion,Lasalgaon (Nashik),1926.18,2451.5,2188.84,1263.8
2025-04-27,Onion,Lasalgaon (Nashik),1806.65,2299.37,2053.01,3072.3
2025-04-28,Onion,Lasalgaon (Nashik),1698.61,2161.87,1930.24,533.3
2025-04-29,Onion,Lasalgaon (Nashik),1639.68,2086.86,1863.27,936.7
2025-04-30,Onion,Lasalgaon (Nashik),1651.47,2101.87,1876.67,1381.1
2025-05-01,Onion,Lasalgaon (Nashik),1698.73,2162.01,1930.37,2004.5
2025-05-02,Onion,Lasalgaon (Nashik),1752.14,2230.0,1991.07,2176.1
2025-05-03,Onion,Lasalgaon (Nashik),1618.42,2059.8,1839.11,2496.0
2025-05-04,Onion,Lasalgaon (Nashik),1610.73,2050.03,1830.38,541.3
2025-05-05,Onion,Lasalgaon (Nashik),1612.02,2051.66,1831.84,1742.4
2025-05-06,Onion,Lasalgaon (Nashik),1582.39,2013.95,1798.17,3274.1
2025-05-07,Onion,Lasalgaon (Nashik),1555.44,1979.66,1767.55,1875.0
2025-05-08,Onion,Lasalgaon (Nashik),1490.15,1896.55,1693.35,720.3
2025-05-09,Onion,Lasalgaon (Nashik),1470.24,1871.22,1670.73,2476.0
2025-05-10,Onion,Lasalgaon (Nashik),1342.08,1708.1,1525.09,1752.7
2025-05-11,Onion,Lasalgaon (Nashik),1418.03,1804.77,1611.4,2895.0
2025-05-12,Onion,Lasalgaon (Nashik),1432.25,1822.87,1627.56,801.8
2025-05-13,Onion,Lasalgaon (Nashik),1519.06,1933.36,1726.21,3325.8
2025-05-14,Onion,Lasalgaon (Nashik),1468.98,1869.62,1669.3,2218.7
2025-05-15,Onion,Lasalgaon (Nashik),1373.13,1747.63,1560.38,3207.1
2025-05-16,Onion,Lasalgaon (Nashik),1476.96,1879.76,1678.36,1375.8
2025-05-17,Onion,Lasalgaon (Nashik),1355.85,1725.63,1540.74,1585.1
2025-05-18,Onion,Lasalgaon (Nashik),1296.39,1649.95,1473.17,2143.6
2025-05-19,Onion,Lasalgaon (Nashik),1342.29,1708.37,1525.33,2022.1
2025-05-20,Onion,Lasalgaon (Nashik),1422.92,1810.98,1616.95,2185.2
2025-05-21,Onion,Lasalgaon (Nashik),1385.44,1763.28,1574.36,1074.6
2025-05-22,Onion,Lasalgaon (Nashik),1375.85,1751.09,1563.47,2901.1
2025-05-23,Onion,Lasalgaon (Nashik),1363.89,1735.85,1549.87,864.2
2025-05-24,Onion,Lasalgaon (Nashik),1395.11,1775.59,1585.35,3138.2
2025-05-25,Onion,Lasalgaon (Nashik),1348.38,1716.12,1532.25,1674.8
2025-05-26,Onion,Lasalgaon (Nashik),1383.42,1760.72,1572.07,3184.1
2025-05-27,Onion,Lasalgaon (Nashik),1433.48,1824.42,1628.95,2462.7
2025-05-28,Onion,Lasalgaon (Nashik),1426.31,1815.31,1620.81,3094.7
2025-05-29,Onion,Lasalgaon (Nashik),1430.45,1820.57,1625.51,1854.5
2025-05-30,Onion,Lasalgaon (Nashik),1563.03,1989.31,1776.17,2740.1
2025-05-31,Onion,Lasalgaon (Nashik),1573.41,2002.53,1787.97,1378.9
2025-06-01,Onion,Lasalgaon (Nashik),1539.26,1959.06,1749.16,1020.2
2025-06-02,Onion,Lasalgaon (Nashik),1597.84,2033.62,1815.73,3322.1
2025-06-03,Onion,Lasalgaon (Nashik),1663.73,2117.47,1890.6,777.7
2025-06-04,Onion,Lasalgaon (Nashik),1604.75,2042.41,1823.58,1425.6
2025-06-05,Onion,Lasalgaon (Nashik),1534.37,1952.83,1743.6,2899.9
2025-06-06,Onion,Lasalgaon (Nashik),1615.58,2056.2,1835.89,2379.0
2025-06-07,Onion,Lasalgaon (Nashik),1681.53,2140.13,1910.83,1299.6
2025-06-08,Onion,Lasalgaon (Nashik),1753.37,2231.57,1992.47,3255.4
2025-06-09,Onion,Lasalgaon (Nashik),1848.45,2352.57,2100.51,2517.7
2025-06-10,Onion,Lasalgaon (Nashik),1743.59,2219.11,1981.35,3283.3
2025-06-11,Onion,Lasalgaon (Nashik),1618.77,2060.25,1839.51,3332.8
2025-06-12,Onion,Lasalgaon (Nashik),1670.95,2126.67,1898.81,1596.5
2025-06-13,Onion,Lasalgaon (Nashik),1718.16,2186.76,1952.46,3303.8
2025-06-14,Onion,Lasalgaon (Nashik),1711.65,2178.47,1945.06,2784.7
2025-06-15,Onion,Lasalgaon (Nashik),1743.24,2218.66,1980.95,1309.6
2025-06-16,Onion,Lasalgaon (Nashik),1674.44,2131.1,1902.77,2266.0
2025-06-17,Onion,Lasalgaon (Nashik),1595.6,2030.76,1813.18,2437.2
2025-06-18,Onion,Lasalgaon (Nashik),1578.72,2009.28,1794.0,3223.2
2025-06-19,Onion,Lasalgaon (Nashik),1595.17,2030.21,1812.69,2482.2
2025-06-20,Onion,Lasalgaon (Nashik),1623.12,2065.8,1844.46,1684.9
2025-06-21,Onion,Lasalgaon (Nashik),1604.36,2041.92,1823.14,2856.8
2025-06-22,Onion,Lasalgaon (Nashik),1631.09,2075.93,1853.51,1828.0
2025-06-23,Onion,Lasalgaon (Nashik),1696.46,2159.14,1927.8,2613.0
2025-06-24,Onion,Lasalgaon (Nashik),1712.0,2178.92,1945.46,852.4
2025-06-25,Onion,Lasalgaon (Nashik),1663.6,2117.3,1890.45,1298.8
2025-06-26,Onion,Lasalgaon (Nashik),1760.77,2240.97,2000.87,1069.2
2025-06-27,Onion,Lasalgaon (Nashik),1664.69,2118.69,1891.69,2925.0
2025-06-28,Onion,Lasalgaon (Nashik),1663.92,2117.72,1890.82,3213.4
2025-06-29,Onion,Lasalgaon (Nashik),1775.95,2260.31,2018.13,648.5
2025-06-30,Onion,Lasalgaon (Nashik),1930.05,2456.43,2193.24,1499.8
2025-07-01,Onion,Lasalgaon (Nashik),2022.38,2573.94,2298.16,3007.6
2025-07-02,Onion,Lasalgaon (Nashik),1954.66,2487.76,2221.21,2863.9
2025-07-03,Onion,Lasalgaon (Nashik),1797.75,2288.05,2042.9,1203.9
2025-07-04,Onion,Lasalgaon (Nashik),1745.15,2221.11,1983.13,2487.7
2025-07-05,Onion,Lasalgaon (Nashik),1725.21,2195.73,1960.47,2054.6
2025-07-06,Onion,Lasalgaon (Nashik),1718.05,2186.61,1952.33,3160.6
2025-07-07,Onion,Lasalgaon (Nashik),1638.7,2085.62,1862.16,3148.3
2025-07-08,Onion,Lasalgaon (Nashik),1596.85,2032.35,1814.6,975.7
2025-07-09,Onion,Lasalgaon (Nashik),1603.56,2040.9,1822.23,2916.5
2025-07-10,Onion,Lasalgaon (Nashik),1600.73,2037.29,1819.01,1435.3
2025-07-11,Onion,Lasalgaon (Nashik),1675.59,2132.57,1904.08,711.7
2025-07-12,Onion,Lasalgaon (Nashik),1702.78,2167.18,1934.98,2714.8
2025-07-13,Onion,Lasalgaon (Nashik),1730.69,2202.69,1966.69,862.0
2025-07-14,Onion,Lasalgaon (Nashik),1683.41,2142.53,1912.97,1164.7
2025-07-15,Onion,Lasalgaon (Nashik),1679.1,2137.04,1908.07,1319.1
2025-07-16,Onion,Lasalgaon (Nashik),1550.47,1973.33,1761.9,3470.4
2025-07-17,Onion,Lasalgaon (Nashik),1524.72,1940.56,1732.64,3433.4
2025-07-18,Onion,Lasalgaon (Nashik),1434.54,1825.78,1630.16,3311.5
2025-07-19,Onion,Lasalgaon (Nashik),1447.12,1841.8,1644.46,777.3
2025-07-20,Onion,Lasalgaon (Nashik),1482.36,1886.64,1684.5,2971.2
2025-07-21,Onion,Lasalgaon (Nashik),1492.41,1899.43,1695.92,2743.0
2025-07-22,Onion,Lasalgaon (Nashik),1584.71,2016.91,1800.81,1641.6
2025-07-23,Onion,Lasalgaon (Nashik),1542.76,1963.52,1753.14,912.3
2025-07-24,Onion,Lasalgaon (Nashik),1538.04,1957.5,1747.77,2092.2
2025-07-25,Onion,Lasalgaon (Nashik),1507.25,1918.31,1712.78,668.2
2025-07-26,Onion,Lasalgaon (Nashik),1492.1,1899.04,1695.57,1867.4
2025-07-27,Onion,Lasalgaon (Nashik),1574.06,2003.36,1788.71,3205.4
2025-07-28,Onion,Lasalgaon (Nashik),1493.86,1901.28,1697.57,3409.9
2025-07-29,Onion,Lasalgaon (Nashik),1596.59,2032.03,1814.31,1680.0
2025-07-30,Onion,Lasalgaon (Nashik),1682.29,2141.09,1911.69,2005.2
2025-07-31,Onion,Lasalgaon (Nashik),1717.14,2185.44,1951.29,2773.9
2025-08-01,Onion,Lasalgaon (Nashik),1689.62,2150.42,1920.02,567.7
2025-08-02,Onion,Lasalgaon (Nashik),1702.31,2166.57,1934.44,1407.3
2025-08-03,Onion,Lasalgaon (Nashik),1673.43,2129.83,1901.63,1721.0
2025-08-04,Onion,Lasalgaon (Nashik),1768.87,2251.29,2010.08,2902.7
2025-08-05,Onion,Lasalgaon (Nashik),1688.81,2149.39,1919.1,2281.3
2025-08-06,Onion,Lasalgaon (Nashik),1625.9,2069.32,1847.61,2717.2
2025-08-07,Onion,Lasalgaon (Nashik),1630.72,2075.46,1853.09,1269.3
2025-08-08,Onion,Lasalgaon (Nashik),1484.46,1889.32,1686.89,3432.7
2025-08-09,Onion,Lasalgaon (Nashik),1580.52,2011.56,1796.04,2878.1
2025-08-10,Onion,Lasalgaon (Nashik),1567.04,1994.42,1780.73,2342.0
2025-08-11,Onion,Lasalgaon (Nashik),1620.29,2062.19,1841.24,2954.5
2025-08-12,Onion,Lasalgaon (Nashik),1636.27,2082.53,1859.4,942.6
2025-08-13,Onion,Lasalgaon (Nashik),1534.02,1952.4,1743.21,3007.9
2025-08-14,Onion,Lasalgaon (Nashik),1546.4,1968.14,1757.27,1249.2
2025-08-15,Onion,Lasalgaon (Nashik),1581.32,2012.6,1796.96,2460.5
2025-08-16,Onion,Lasalgaon (Nashik),1519.24,1933.58,1726.41,3390.0
2025-08-17,Onion,Lasalgaon (Nashik),1472.89,1874.59,1673.74,2366.0
2025-08-18,Onion,Lasalgaon (Nashik),1428.15,1817.65,1622.9,854.8
2025-08-19,Onion,Lasalgaon (Nashik),1487.95,1893.75,1690.85,2853.9
2025-08-20,Onion,Lasalgaon (Nashik),1431.83,1822.33,1627.08,2110.4
2025-08-21,Onion,Lasalgaon (Nashik),1399.17,1780.77,1589.97,1778.6
2025-08-22,Onion,Lasalgaon (Nashik),1413.04,1798.42,1605.73,1218.7
2025-08-23,Onion,Lasalgaon (Nashik),1438.01,1830.19,1634.1,2408.8
2025-08-24,Onion,Lasalgaon (Nashik),1422.6,1810.58,1616.59,3089.1
2025-08-25,Onion,Lasalgaon (Nashik),1530.12,1947.42,1738.77,975.2
2025-08-26,Onion,Lasalgaon (Nashik),1643.2,2091.34,1867.27,1873.7
2025-08-27,Onion,Lasalgaon (Nashik),1575.72,2005.46,1790.59,3412.7
2025-08-28,Onion,Lasalgaon (Nashik),1702.66,2167.02,1934.84,1593.3
2025-08-29,Onion,Lasalgaon (Nashik),1742.28,2217.44,1979.86,2422.0
2025-08-30,Onion,Lasalgaon (Nashik),1794.85,2284.35,2039.6,3309.3
2025-08-31,Onion,Lasalgaon (Nashik),1855.13,2361.07,2108.1,3433.7
2025-09-01,Onion,Lasalgaon (Nashik),1762.77,2243.53,2003.15,2960.0
2025-09-02,Onion,Lasalgaon (Nashik),1687.17,2147.31,1917.24,1617.1
2025-09-03,Onion,Lasalgaon (Nashik),1730.61,2202.59,1966.6,2587.1
2025-09-04,Onion,Lasalgaon (Nashik),1693.73,2155.65,1924.69,2927.2
2025-09-05,Onion,Lasalgaon (Nashik),1896.76,2414.06,2155.41,3367.3
2025-09-06,Onion,Lasalgaon (Nashik),1868.49,2378.07,2123.28,446.8
2025-09-07,Onion,Lasalgaon (Nashik),1943.15,2473.09,2208.12,1536.8
2025-09-08,Onion,Lasalgaon (Nashik),1874.99,2386.35,2130.67,2296.6
2025-09-09,Onion,Lasalgaon (Nashik),2043.69,2601.05,2322.37,3302.0
2025-09-10,Onion,Lasalgaon (Nashik),2195.01,2793.65,2494.33,3252.6
2025-09-11,Onion,Lasalgaon (Nashik),2065.28,2628.54,2346.91,3462.6
2025-09-12,Onion,Lasalgaon (Nashik),2093.12,2663.96,2378.54,467.3
2025-09-13,Onion,Lasalgaon (Nashik),2099.2,2671.72,2385.46,1160.3
2025-09-14,Onion,Lasalgaon (Nashik),2226.44,2833.66,2530.05,3004.3
2025-09-15,Onion,Lasalgaon (Nashik),2023.82,2575.78,2299.8,1952.7
2025-09-16,Onion,Lasalgaon (Nashik),2002.18,2548.24,2275.21,651.3
2025-09-17,Onion,Lasalgaon (Nashik),2075.65,2641.73,2358.69,1452.9
2025-09-18,Onion,Lasalgaon (Nashik),2047.96,2606.5,2327.23,490.5
2025-09-19,Onion,Lasalgaon (Nashik),1998.74,2543.84,2271.29,792.6
2025-09-20,Onion,Lasalgaon (Nashik),1891.95,2407.93,2149.94,2393.6
2025-09-21,Onion,Lasalgaon (Nashik),1926.21,2451.55,2188.88,3160.6
2025-09-22,Onion,Lasalgaon (Nashik),1916.78,2439.54,2178.16,1419.9
2025-09-23,Onion,Lasalgaon (Nashik),1818.58,2314.56,2066.57,1391.4
2025-09-24,Onion,Lasalgaon (Nashik),1839.38,2341.02,2090.2,2686.6
2025-09-25,Onion,Lasalgaon (Nashik),1799.87,2290.75,2045.31,3335.6
2025-09-26,Onion,Lasalgaon (Nashik),1831.99,2331.63,2081.81,1340.2
2025-09-27,Onion,Lasalgaon (Nashik),1896.17,2413.31,2154.74,2824.9
2025-09-28,Onion,Lasalgaon (Nashik),1987.82,2529.96,2258.89,1129.3
2025-09-29,Onion,Lasalgaon (Nashik),2021.4,2572.7,2297.05,2214.4
2025-09-30,Onion,Lasalgaon (Nashik),1949.0,2480.54,2214.77,3211.4
2025-10-01,Onion,Lasalgaon (Nashik),1941.88,2471.48,2206.68,812.3
2025-10-02,Onion,Lasalgaon (Nashik),1923.86,2448.56,2186.21,1450.7
2025-10-03,Onion,Lasalgaon (Nashik),2012.56,2561.44,2287.0,1766.7
2025-10-04,Onion,Lasalgaon (Nashik),1965.89,2502.05,2233.97,2053.0
2025-10-05,Onion,Lasalgaon (Nashik),2095.5,2667.0,2381.25,622.2
2025-10-06,Onion,Lasalgaon (Nashik),2097.73,2669.83,2383.78,1112.5
2025-10-07,Onion,Lasalgaon (Nashik),2157.62,2746.06,2451.84,896.0
2025-10-08,Onion,Lasalgaon (Nashik),2123.49,2702.63,2413.06,2387.4
2025-10-09,Onion,Lasalgaon (Nashik),2231.76,2840.42,2536.09,2494.6
2025-10-10,Onion,Lasalgaon (Nashik),2181.88,2776.94,2479.41,3106.8
2025-10-11,Onion,Lasalgaon (Nashik),2328.03,2962.95,2645.49,2041.1
2025-10-12,Onion,Lasalgaon (Nashik),2363.31,3007.85,2685.58,937.6
2025-10-13,Onion,Lasalgaon (Nashik),2431.96,3095.22,2763.59,3496.2
2025-10-14,Onion,Lasalgaon (Nashik),2478.82,3154.86,2816.84,1046.1
2025-10-15,Onion,Lasalgaon (Nashik),2394.48,3047.52,2721.0,1145.8
2025-10-16,Onion,Lasalgaon (Nashik),2523.19,3211.33,2867.26,2572.0
2025-10-17,Onion,Lasalgaon (Nashik),2368.21,3014.09,2691.15,933.1
2025-10-18,Onion,Lasalgaon (Nashik),2375.82,3023.76,2699.79,930.8
2025-10-19,Onion,Lasalgaon (Nashik),2447.57,3115.09,2781.33,611.5
2025-10-20,Onion,Lasalgaon (Nashik),2541.81,3235.03,2888.42,3403.9
2025-10-21,Onion,Lasalgaon (Nashik),2471.54,3145.6,2808.57,469.3
2025-10-22,Onion,Lasalgaon (Nashik),2420.48,3080.62,2750.55,2816.3
2025-10-23,Onion,Lasalgaon (Nashik),2397.3,3051.1,2724.2,2891.1
2025-10-24,Onion,Lasalgaon (Nashik),2304.63,2933.17,2618.9,3105.6
2025-10-25,Onion,Lasalgaon (Nashik),2286.82,2910.5,2598.66,1494.9
2025-10-26,Onion,Lasalgaon (Nashik),2214.08,2817.92,2516.0,1282.7
2025-10-27,Onion,Lasalgaon (Nashik),2264.28,2881.8,2573.04,2292.7
2025-10-28,Onion,Lasalgaon (Nashik),2253.5,2868.1,2560.8,3332.1
2025-10-29,Onion,Lasalgaon (Nashik),2190.98,2788.52,2489.75,843.3
2025-10-30,Onion,Lasalgaon (Nashik),2139.11,2722.51,2430.81,2781.3
2025-10-31,Onion,Lasalgaon (Nashik),2164.03,2754.21,2459.12,2460.8
2025-11-01,Onion,Lasalgaon (Nashik),2108.37,2683.39,2395.88,2664.4
2025-11-02,Onion,Lasalgaon (Nashik),2012.85,2561.81,2287.33,3318.4
2025-11-03,Onion,Lasalgaon (Nashik),1947.98,2479.24,2213.61,2116.9
2025-11-04,Onion,Lasalgaon (Nashik),1987.26,2529.24,2258.25,3239.4
2025-11-05,Onion,Lasalgaon (Nashik),1873.82,2384.86,2129.34,999.0
2025-11-06,Onion,Lasalgaon (Nashik),1905.25,2424.87,2165.06,1151.5
2025-11-07,Onion,Lasalgaon (Nashik),1991.47,2534.59,2263.03,2439.6
2025-11-08,Onion,Lasalgaon (Nashik),1964.57,2500.37,2232.47,2490.7
2025-11-09,Onion,Lasalgaon (Nashik),1963.22,2498.64,2230.93,953.6
2025-11-10,Onion,Lasalgaon (Nashik),1875.11,2386.51,2130.81,3153.9
2025-11-11,Onion,Lasalgaon (Nashik),1830.01,2329.11,2079.56,1274.5
2025-11-12,Onion,Lasalgaon (Nashik),1816.62,2312.06,2064.34,2811.0
2025-11-13,Onion,Lasalgaon (Nashik),1868.17,2377.67,2122.92,3115.5
2025-11-14,Onion,Lasalgaon (Nashik),1866.08,2375.0,2120.54,923.6
2025-11-15,Onion,Lasalgaon (Nashik),1811.96,2306.14,2059.05,1450.1
2025-11-16,Onion,Lasalgaon (Nashik),1802.06,2293.52,2047.79,2872.5
2025-11-17,Onion,Lasalgaon (Nashik),1747.33,2223.87,1985.6,3000.9
2025-11-18,Onion,Lasalgaon (Nashik),1900.3,2418.56,2159.43,824.9
2025-11-19,Onion,Lasalgaon (Nashik),1879.95,2392.67,2136.31,427.5
2025-11-20,Onion,Lasalgaon (Nashik),2022.06,2573.54,2297.8,3340.6
2025-11-21,Onion,Lasalgaon (Nashik),1922.85,2447.27,2185.06,2014.0
2025-11-22,Onion,Lasalgaon (Nashik),1877.39,2389.41,2133.4,2748.1
2025-11-23,Onion,Lasalgaon (Nashik),2013.37,2562.47,2287.92,2619.4
2025-11-24,Onion,Lasalgaon (Nashik),2015.04,2564.6,2289.82,3360.7
2025-11-25,Onion,Lasalgaon (Nashik),2213.29,2816.91,2515.1,448.9
2025-11-26,Onion,Lasalgaon (Nashik),2300.52,2927.94,2614.23,1991.1
2025-11-27,Onion,Lasalgaon (Nashik),2440.33,3105.87,2773.1,3264.1
2025-11-28,Onion,Lasalgaon (Nashik),2305.19,2933.87,2619.53,1060.4
2025-11-29,Onion,Lasalgaon (Nashik),2335.6,2972.58,2654.09,850.7
2025-11-30,Onion,Lasalgaon (Nashik),2317.01,2948.93,2632.97,1896.5
2025-12-01,Onion,Lasalgaon (Nashik),2478.77,3154.79,2816.78,1412.4
2025-12-02,Onion,Lasalgaon (Nashik),2442.54,3108.68,2775.61,3453.6
2025-12-03,Onion,Lasalgaon (Nashik),2451.69,3120.33,2786.01,2388.7
2025-12-04,Onion,Lasalgaon (Nashik),2383.66,3033.74,2708.7,1588.0
2025-12-05,Onion,Lasalgaon (Nashik),2246.25,2858.87,2552.56,1053.9
2025-12-06,Onion,Lasalgaon (Nashik),2314.66,2945.92,2630.29,1890.2
2025-12-07,Onion,Lasalgaon (Nashik),2294.78,2920.64,2607.71,2485.7
2025-12-08,Onion,Lasalgaon (Nashik),2338.18,2975.86,2657.02,634.5
2025-12-09,Onion,Lasalgaon (Nashik),2261.53,2878.31,2569.92,2200.9
2025-12-10,Onion,Lasalgaon (Nashik),2269.28,2888.18,2578.73,605.2
2025-12-11,Onion,Lasalgaon (Nashik),2208.31,2810.57,2509.44,879.4
2025-12-12,Onion,Lasalgaon (Nashik),2179.3,2773.66,2476.48,402.4
2025-12-13,Onion,Lasalgaon (Nashik),2209.04,2811.5,2510.27,2146.2
2025-12-14,Onion,Lasalgaon (Nashik),2178.02,2772.02,2475.02,2443.1
2025-12-15,Onion,Lasalgaon (Nashik),2240.96,2852.14,2546.55,1201.1
2025-12-16,Onion,Lasalgaon (Nashik),2155.99,2743.99,2449.99,2193.2
2025-12-17,Onion,Lasalgaon (Nashik),2138.3,2721.48,2429.89,1332.4
2025-12-18,Onion,Lasalgaon (Nashik),2266.99,2885.27,2576.13,2109.4
2025-12-19,Onion,Lasalgaon (Nashik),2215.53,2819.77,2517.65,2557.8
2025-12-20,Onion,Lasalgaon (Nashik),2081.78,2649.54,2365.66,2366.7
2025-12-21,Onion,Lasalgaon (Nashik),2204.53,2805.77,2505.15,3118.5
2025-12-22,Onion,Lasalgaon (Nashik),2206.66,2808.48,2507.57,1463.7
2025-12-23,Onion,Lasalgaon (Nashik),2134.32,2716.4,2425.36,752.6
2025-12-24,Onion,Lasalgaon (Nashik),2057.12,2618.16,2337.64,3089.6
2025-12-25,Onion,Lasalgaon (Nashik),2122.14,2700.9,2411.52,476.4
2025-12-26,Onion,Lasalgaon (Nashik),2047.06,2605.36,2326.21,3362.7
2025-12-27,Onion,Lasalgaon (Nashik),1935.83,2463.79,2199.81,1133.9
2025-12-28,Onion,Lasalgaon (Nashik),2007.69,2555.25,2281.47,450.7
2025-12-29,Onion,Lasalgaon (Nashik),2046.62,2604.8,2325.71,515.9
2025-12-30,Onion,Lasalgaon (Nashik),2114.09,2690.65,2402.37,2281.2
2025-12-31,Onion,Lasalgaon (Nashik),2086.43,2655.45,2370.94,2801.7
2026-01-01,Onion,Lasalgaon (Nashik),2136.61,2719.33,2427.97,2930.3
2026-01-02,Onion,Lasalgaon (Nashik),2073.24,2638.66,2355.95,1754.9
2026-01-03,Onion,Lasalgaon (Nashik),2062.47,2624.97,2343.72,2734.2
2026-01-04,Onion,Lasalgaon (Nashik),2095.94,2667.56,2381.75,2530.4
2026-01-05,Onion,Lasalgaon (Nashik),2134.24,2716.3,2425.27,1463.8
2026-01-06,Onion,Lasalgaon (Nashik),2245.33,2857.69,2551.51,1985.8
2026-01-07,Onion,Lasalgaon (Nashik),2329.03,2964.21,2646.62,2826.9
2026-01-08,Onion,Lasalgaon (Nashik),2260.07,2876.45,2568.26,3452.1
2026-01-09,Onion,Lasalgaon (Nashik),2227.41,2834.89,2531.15,645.4
2026-01-10,Onion,Lasalgaon (Nashik),2308.83,2938.51,2623.67,2495.1
2026-01-11,Onion,Lasalgaon (Nashik),2442.77,3108.97,2775.87,2866.5
2026-01-12,Onion,Lasalgaon (Nashik),2503.09,3185.75,2844.42,565.6
2026-01-13,Onion,Lasalgaon (Nashik),2475.64,3150.82,2813.23,1664.8
2026-01-14,Onion,Lasalgaon (Nashik),2511.84,3196.88,2854.36,2764.0
2026-01-15,Onion,Lasalgaon (Nashik),2638.43,3358.01,2998.22,2386.9
2026-01-16,Onion,Lasalgaon (Nashik),2786.21,3546.09,3166.15,1953.2
2026-01-17,Onion,Lasalgaon (Nashik),2726.09,3469.57,3097.83,3465.2
2026-01-18,Onion,Lasalgaon (Nashik),2629.44,3346.56,2988.0,2972.5
2026-01-19,Onion,Lasalgaon (Nashik),2641.96,3362.5,3002.23,1924.2
2026-01-20,Onion,Lasalgaon (Nashik),2587.33,3292.97,2940.15,1968.9
2026-01-21,Onion,Lasalgaon (Nashik),2595.97,3303.97,2949.97,1310.6
2026-01-22,Onion,Lasalgaon (Nashik),2517.83,3204.51,2861.17,2878.2
2026-01-23,Onion,Lasalgaon (Nashik),2560.59,3258.93,2909.76,2701.9
2026-01-24,Onion,Lasalgaon (Nashik),2620.59,3335.29,2977.94,3389.0
2026-01-25,Onion,Lasalgaon (Nashik),2778.12,3535.8,3156.96,3477.7
2026-01-26,Onion,Lasalgaon (Nashik),2913.12,3707.6,3310.36,2588.9
2026-01-27,Onion,Lasalgaon (Nashik),2928.89,3727.67,3328.28,1387.8
2026-01-28,Onion,Lasalgaon (Nashik),2821.32,3590.78,3206.05,2397.1
2026-01-29,Onion,Lasalgaon (Nashik),2909.11,3702.51,3305.81,1411.4
2026-01-30,Onion,Lasalgaon (Nashik),2828.07,3599.37,3213.72,2520.5
2026-01-31,Onion,Lasalgaon (Nashik),2672.21,3400.99,3036.6,2050.7
2026-02-01,Onion,Lasalgaon (Nashik),2641.76,3362.24,3002.0,2506.6
2026-02-02,Onion,Lasalgaon (Nashik),2510.02,3194.58,2852.3,3191.0
2026-02-03,Onion,Lasalgaon (Nashik),2699.1,3435.22,3067.16,1709.2
2026-02-04,Onion,Lasalgaon (Nashik),2804.97,3569.97,3187.47,3222.7
2026-02-05,Onion,Lasalgaon (Nashik),2937.65,3738.83,3338.24,1597.3
2026-02-06,Onion,Lasalgaon (Nashik),2865.4,3646.88,3256.14,1818.1
2026-02-07,Onion,Lasalgaon (Nashik),2829.76,3601.52,3215.64,1376.0
2026-02-08,Onion,Lasalgaon (Nashik),2830.19,3602.07,3216.13,1244.2
2026-02-09,Onion,Lasalgaon (Nashik),2764.34,3518.24,3141.29,3267.8
2026-02-10,Onion,Lasalgaon (Nashik),2748.18,3497.68,3122.93,2289.2
2026-02-11,Onion,Lasalgaon (Nashik),2773.53,3529.95,3151.74,533.7
2026-02-12,Onion,Lasalgaon (Nashik),2679.43,3410.19,3044.81,3284.3
2026-02-13,Onion,Lasalgaon (Nashik),2658.06,3382.98,3020.52,1531.0
2026-02-14,Onion,Lasalgaon (Nashik),2772.87,3529.11,3150.99,1640.4
2026-02-15,Onion,Lasalgaon (Nashik),2767.56,3522.36,3144.96,1219.5
2026-02-16,Onion,Lasalgaon (Nashik),2567.57,3267.81,2917.69,583.4
2026-02-17,Onion,Lasalgaon (Nashik),2468.04,3141.14,2804.59,1040.2
2026-02-18,Onion,Lasalgaon (Nashik),2397.8,3051.74,2724.77,1193.5
2026-02-19,Onion,Lasalgaon (Nashik),2353.5,2995.36,2674.43,1414.2
2026-02-20,Onion,Lasalgaon (Nashik),2369.83,3016.15,2692.99,560.9
2026-02-21,Onion,Lasalgaon (Nashik),2288.46,2912.58,2600.52,1386.0
2026-02-22,Onion,Lasalgaon (Nashik),2429.5,3092.08,2760.79,1509.0
2026-02-23,Onion,Lasalgaon (Nashik),2403.95,3059.57,2731.76,1077.6
2026-02-24,Onion,Lasalgaon (Nashik),2444.17,3110.77,2777.47,1249.4
2026-02-25,Onion,Lasalgaon (Nashik),2357.09,2999.93,2678.51,3339.5
2026-02-26,Onion,Lasalgaon (Nashik),2175.73,2769.11,2472.42,641.8
2026-02-27,Onion,Lasalgaon (Nashik),2220.3,2825.84,2523.07,1328.0
2026-02-28,Onion,Lasalgaon (Nashik),2291.42,2916.36,2603.89,1365.6
2026-03-01,Onion,Lasalgaon (Nashik),2377.99,3026.53,2702.26,3057.8
2026-03-02,Onion,Lasalgaon (Nashik),2362.38,3006.66,2684.52,1872.3
2026-03-03,Onion,Lasalgaon (Nashik),2373.38,3020.66,2697.02,551.2
2026-03-04,Onion,Lasalgaon (Nashik),2293.08,2918.46,2605.77,2531.4
2026-03-05,Onion,Lasalgaon (Nashik),2155.56,2743.44,2449.5,403.1
2026-03-06,Onion,Lasalgaon (Nashik),2164.98,2755.42,2460.2,888.0
2026-03-07,Onion,Lasalgaon (Nashik),2209.19,2811.69,2510.44,2490.5
2026-03-08,Onion,Lasalgaon (Nashik),2248.73,2862.01,2555.37,2658.1
2026-03-09,Onion,Lasalgaon (Nashik),2320.16,2952.92,2636.54,3117.6
2026-03-10,Onion,Lasalgaon (Nashik),2400.97,3055.77,2728.37,3466.2
2026-03-11,Onion,Lasalgaon (Nashik),2463.12,3134.88,2799.0,3221.4
2026-03-12,Onion,Lasalgaon (Nashik),2519.62,3206.78,2863.2,885.0
2026-03-13,Onion,Lasalgaon (Nashik),2525.03,3213.67,2869.35,2479.4
2026-03-14,Onion,Lasalgaon (Nashik),2452.29,3121.09,2786.69,945.4
2026-03-15,Onion,Lasalgaon (Nashik),2259.85,2876.17,2568.01,3448.4
2026-03-16,Onion,Lasalgaon (Nashik),2272.03,2891.67,2581.85,2713.5
2026-03-17,Onion,Lasalgaon (Nashik),2387.27,3038.35,2712.81,3417.4
2026-03-18,Onion,Lasalgaon (Nashik),2418.62,3078.24,2748.43,2389.3
2026-03-19,Onion,Lasalgaon (Nashik),2589.7,3295.98,2942.84,932.7
2026-03-20,Onion,Lasalgaon (Nashik),2636.74,3355.86,2996.3,2297.4
2026-03-21,Onion,Lasalgaon (Nashik),2422.51,3083.19,2752.85,2201.9
2026-03-22,Onion,Lasalgaon (Nashik),2514.63,3200.43,2857.53,1735.8
2026-03-23,Onion,Lasalgaon (Nashik),2418.47,3078.05,2748.26,528.6
2026-03-24,Onion,Lasalgaon (Nashik),2405.15,3061.11,2733.13,1329.5
2026-03-25,Onion,Lasalgaon (Nashik),2364.28,3009.08,2686.68,456.3
2026-03-26,Onion,Lasalgaon (Nashik),2358.94,3002.28,2680.61,1245.5
2026-03-27,Onion,Lasalgaon (Nashik),2508.29,3192.37,2850.33,2948.7
2026-03-28,Onion,Lasalgaon (Nashik),2615.96,3329.4,2972.68,578.5
2026-03-29,Onion,Lasalgaon (Nashik),2470.49,3144.27,2807.38,1323.3
2026-03-30,Onion,Lasalgaon (Nashik),2504.91,3188.07,2846.49,2526.2
2026-03-31,Onion,Lasalgaon (Nashik),2431.33,3094.43,2762.88,700.1
2026-04-01,Onion,Lasalgaon (Nashik),2548.18,3243.14,2895.66,946.0
2026-04-02,Onion,Lasalgaon (Nashik),2697.03,3432.59,3064.81,2407.6
2026-04-03,Onion,Lasalgaon (Nashik),2642.68,3363.42,3003.05,472.7
2026-04-04,Onion,Lasalgaon (Nashik),2732.74,3478.04,3105.39,478.6
2026-04-05,Onion,Lasalgaon (Nashik),2832.54,3605.04,3218.79,1124.1
2026-04-06,Onion,Lasalgaon (Nashik),2897.31,3687.49,3292.4,3083.3
2026-04-07,Onion,Lasalgaon (Nashik),3002.27,3821.07,3411.67,1966.2
2026-04-08,Onion,Lasalgaon (Nashik),2964.1,3772.5,3368.3,2931.3
2026-04-09,Onion,Lasalgaon (Nashik),2983.09,3796.65,3389.87,3346.2
2026-04-10,Onion,Lasalgaon (Nashik),2955.96,3762.14,3359.05,3024.5
2026-04-11,Onion,Lasalgaon (Nashik),2943.76,3746.6,3345.18,1739.9
2026-04-12,Onion,Lasalgaon (Nashik),2921.27,3717.99,3319.63,2262.6
2026-04-13,Onion,Lasalgaon (Nashik),2677.22,3407.38,3042.3,1263.4
2026-04-14,Onion,Lasalgaon (Nashik),2649.06,3371.54,3010.3,1154.6
2026-04-15,Onion,Lasalgaon (Nashik),2747.56,3496.9,3122.23,2912.0
2026-04-16,Onion,Lasalgaon (Nashik),2598.38,3307.02,2952.7,1808.5
2026-04-17,Onion,Lasalgaon (Nashik),2537.44,3229.48,2883.46,1401.4
2026-04-18,Onion,Lasalgaon (Nashik),2255.64,2870.82,2563.23,3450.6
2026-04-19,Onion,Lasalgaon (Nashik),2283.9,2906.78,2595.34,638.6
2026-04-20,Onion,Lasalgaon (Nashik),2286.67,2910.31,2598.49,2480.2
2026-04-21,Onion,Lasalgaon (Nashik),2357.1,2999.94,2678.52,1478.3
2026-04-22,Onion,Lasalgaon (Nashik),2483.48,3160.8,2822.14,1252.9
2026-04-23,Onion,Lasalgaon (Nashik),2385.81,3036.49,2711.15,1934.4
2026-04-24,Onion,Lasalgaon (Nashik),2307.19,2936.43,2621.81,2374.1
2026-04-25,Onion,Lasalgaon (Nashik),2341.11,2979.59,2660.35,789.8
2026-04-26,Onion,Lasalgaon (Nashik),2281.95,2904.29,2593.12,550.6
2026-04-27,Onion,Lasalgaon (Nashik),2323.6,2957.32,2640.46,1779.7
2026-04-28,Onion,Lasalgaon (Nashik),2164.38,2754.66,2459.52,1958.3
2026-04-29,Onion,Lasalgaon (Nashik),2131.14,2712.36,2421.75,1703.2
2026-04-30,Onion,Lasalgaon (Nashik),2035.74,2590.94,2313.34,2816.3
2026-05-01,Onion,Lasalgaon (Nashik),1913.8,2435.74,2174.77,3236.6
2026-05-02,Onion,Lasalgaon (Nashik),1921.82,2445.96,2183.89,1616.0
2026-05-03,Onion,Lasalgaon (Nashik),1839.3,2340.92,2090.11,1889.3
2026-05-04,Onion,Lasalgaon (Nashik),1797.43,2287.63,2042.53,1662.9
2026-05-05,Onion,Lasalgaon (Nashik),1762.85,2243.63,2003.24,2473.8
2026-05-06,Onion,Lasalgaon (Nashik),1581.88,2013.3,1797.59,1665.2
2026-05-07,Onion,Lasalgaon (Nashik),1629.6,2074.04,1851.82,2936.3
2026-05-08,Onion,Lasalgaon (Nashik),1652.95,2103.75,1878.35,2342.8
2026-05-09,Onion,Lasalgaon (Nashik),1666.69,2121.25,1893.97,1525.0
2026-05-10,Onion,Lasalgaon (Nashik),1646.17,2095.13,1870.65,971.6
2026-05-11,Onion,Lasalgaon (Nashik),1735.96,2209.4,1972.68,3213.5
2026-05-12,Onion,Lasalgaon (Nashik),1753.14,2231.26,1992.2,2558.1
2026-05-13,Onion,Lasalgaon (Nashik),1678.86,2136.72,1907.79,3129.0
2026-05-14,Onion,Lasalgaon (Nashik),1702.41,2166.71,1934.56,2346.0
2026-05-15,Onion,Lasalgaon (Nashik),1775.35,2259.53,2017.44,2845.9
2026-05-16,Onion,Lasalgaon (Nashik),1761.17,2241.49,2001.33,826.5
2026-05-17,Onion,Lasalgaon (Nashik),1750.8,2228.28,1989.54,1713.9
2026-05-18,Onion,Lasalgaon (Nashik),1775.41,2259.61,2017.51,1020.9
2026-05-19,Onion,Lasalgaon (Nashik),1819.65,2315.91,2067.78,3102.7
2026-05-20,Onion,Lasalgaon (Nashik),1840.93,2343.01,2091.97,834.4
2026-05-21,Onion,Lasalgaon (Nashik),1805.76,2298.24,2052.0,677.0
2026-05-22,Onion,Lasalgaon (Nashik),1841.33,2343.51,2092.42,1305.4
2026-05-23,Onion,Lasalgaon (Nashik),1814.3,2309.1,2061.7,564.2
2026-05-24,Onion,Lasalgaon (Nashik),1784.97,2271.77,2028.37,3166.7
2026-05-25,Onion,Lasalgaon (Nashik),1858.92,2365.9,2112.41,3230.6
2026-05-26,Onion,Lasalgaon (Nashik),1822.29,2319.27,2070.78,3252.6
2026-05-27,Onion,Lasalgaon (Nashik),1753.98,2232.34,1993.16,3108.5
2026-05-28,Onion,Lasalgaon (Nashik),1780.76,2266.42,2023.59,3411.5
2026-05-29,Onion,Lasalgaon (Nashik),1708.67,2174.67,1941.67,3393.8
2026-05-30,Onion,Lasalgaon (Nashik),1776.56,2261.08,2018.82,732.4
2026-05-31,Onion,Lasalgaon (Nashik),1771.51,2254.65,2013.08,2769.2
2026-06-01,Onion,Lasalgaon (Nashik),1829.86,2328.92,2079.39,1923.2
2026-06-02,Onion,Lasalgaon (Nashik),1815.66,2310.84,2063.25,602.5
2026-06-03,Onion,Lasalgaon (Nashik),1733.21,2205.91,1969.56,3003.0
2026-06-04,Onion,Lasalgaon (Nashik),1547.43,1969.45,1758.44,2492.2
2026-06-05,Onion,Lasalgaon (Nashik),1493.54,1900.88,1697.21,2021.0
2026-06-06,Onion,Lasalgaon (Nashik),1560.82,1986.5,1773.66,750.1
2026-06-07,Onion,Lasalgaon (Nashik),1530.28,1947.64,1738.96,1274.8
2026-06-08,Onion,Lasalgaon (Nashik),1581.28,2012.54,1796.91,3095.6
2026-06-09,Onion,Lasalgaon (Nashik),1643.88,2092.22,1868.05,1864.5
2026-06-10,Onion,Lasalgaon (Nashik),1536.27,1955.25,1745.76,815.2
2026-06-11,Onion,Lasalgaon (Nashik),1509.75,1921.49,1715.62,786.5
2026-06-12,Onion,Lasalgaon (Nashik),1501.02,1910.38,1705.7,1769.2
2026-06-13,Onion,Lasalgaon (Nashik),1585.18,2017.5,1801.34,2728.1
2026-06-14,Onion,Lasalgaon (Nashik),1678.01,2135.65,1906.83,484.2
2026-06-15,Onion,Lasalgaon (Nashik),1622.36,2064.82,1843.59,3215.0
2026-06-16,Onion,Lasalgaon (Nashik),1656.45,2108.21,1882.33,1353.6
2026-06-17,Onion,Lasalgaon (Nashik),1668.72,2123.82,1896.27,3130.5
2026-06-18,Onion,Lasalgaon (Nashik),1590.86,2024.74,1807.8,2520.3
2026-06-19,Onion,Lasalgaon (Nashik),1653.23,2104.11,1878.67,2525.5
2026-06-20,Onion,Lasalgaon (Nashik),1754.37,2232.83,1993.6,1141.7
2026-06-21,Onion,Lasalgaon (Nashik),1671.68,2127.6,1899.64,3439.6
2026-06-22,Onion,Lasalgaon (Nashik),1703.78,2168.44,1936.11,812.5
2026-06-23,Onion,Lasalgaon (Nashik),1648.19,2097.69,1872.94,2122.8
2026-06-24,Onion,Lasalgaon (Nashik),1707.5,2173.18,1940.34,1592.7
2026-06-25,Onion,Lasalgaon (Nashik),1768.22,2250.46,2009.34,587.8
2026-06-26,Onion,Lasalgaon (Nashik),1729.87,2201.65,1965.76,1219.4
2026-06-27,Onion,Lasalgaon (Nashik),1705.04,2170.06,1937.55,2724.8
2026-06-28,Onion,Lasalgaon (Nashik),1800.51,2291.55,2046.03,3213.7
2026-06-29,Onion,Lasalgaon (Nashik),1770.22,2253.0,2011.61,3358.0
2026-06-30,Onion,Lasalgaon (Nashik),1827.86,2326.36,2077.11,1571.5
2026-07-01,Onion,Lasalgaon (Nashik),1692.94,2154.66,1923.8,1063.0
2026-07-02,Onion,Lasalgaon (Nashik),1589.98,2023.6,1806.79,1977.3
2026-07-03,Onion,Lasalgaon (Nashik),1650.18,2100.22,1875.2,689.2
2026-07-04,Onion,Lasalgaon (Nashik),1656.66,2108.48,1882.57,782.5
2026-07-05,Onion,Lasalgaon (Nashik),1628.47,2072.59,1850.53,2165.4
2026-07-06,Onion,Lasalgaon (Nashik),1553.58,1977.28,1765.43,1405.5
2026-07-07,Onion,Lasalgaon (Nashik),1561.89,1987.85,1774.87,1962.9
2026-07-08,Onion,Lasalgaon (Nashik),1479.41,1882.89,1681.15,609.3
2026-07-09,Onion,Lasalgaon (Nashik),1469.1,1869.76,1669.43,2983.3
2026-07-10,Onion,Lasalgaon (Nashik),1505.99,1916.71,1711.35,1761.0
2026-07-11,Onion,Lasalgaon (Nashik),1487.33,1892.97,1690.15,2863.7
2026-07-12,Onion,Lasalgaon (Nashik),1398.81,1780.31,1589.56,2130.2
2026-07-13,Onion,Lasalgaon (Nashik),1314.6,1673.12,1493.86,2678.8
2026-07-14,Onion,Lasalgaon (Nashik),1298.0,1652.0,1475.0,3455.6
2026-07-15,Onion,Lasalgaon (Nashik),1197.96,1524.68,1361.32,3259.1
2026-07-16,Onion,Lasalgaon (Nashik),1246.13,1585.99,1416.06,2458.3
2026-07-17,Onion,Lasalgaon (Nashik),1221.9,1555.14,1388.52,3481.4
2026-07-18,Onion,Lasalgaon (Nashik),1203.09,1531.21,1367.15,668.4
2026-07-19,Onion,Lasalgaon (Nashik),1197.72,1524.38,1361.05,978.8
2026-07-20,Onion,Lasalgaon (Nashik),1174.3,1494.56,1334.43,3029.8
2026-07-21,Onion,Lasalgaon (Nashik),1248.97,1589.59,1419.28,3008.1
2026-07-22,Onion,Lasalgaon (Nashik),1227.51,1562.29,1394.9,1896.0
2026-07-23,Onion,Lasalgaon (Nashik),1182.53,1505.03,1343.78,760.4
2026-07-24,Onion,Lasalgaon (Nashik),1245.32,1584.96,1415.14,649.3
2026-07-25,Onion,Lasalgaon (Nashik),1223.01,1556.55,1389.78,1500.7
2026-07-26,Onion,Lasalgaon (Nashik),1307.64,1664.28,1485.96,566.6
2026-07-27,Onion,Lasalgaon (Nashik),1353.68,1722.86,1538.27,3307.7
2026-07-28,Onion,Lasalgaon (Nashik),1339.05,1704.25,1521.65,2373.6
2026-07-29,Onion,Lasalgaon (Nashik),1353.02,1722.02,1537.52,3123.1
2026-07-30,Onion,Lasalgaon (Nashik),1309.52,1666.66,1488.09,1843.4
2026-07-31,Onion,Lasalgaon (Nashik),1264.85,1609.81,1437.33,2488.5
2026-08-01,Onion,Lasalgaon (Nashik),1333.64,1697.36,1515.5,1021.1
2026-08-02,Onion,Lasalgaon (Nashik),1326.44,1688.2,1507.32,3381.8
2026-08-03,Onion,Lasalgaon (Nashik),1329.42,1692.0,1510.71,524.8
2026-08-04,Onion,Lasalgaon (Nashik),1317.07,1676.27,1496.67,3318.7
2026-08-05,Onion,Lasalgaon (Nashik),1336.69,1701.25,1518.97,2390.3
2026-08-06,Onion,Lasalgaon (Nashik),1334.86,1698.92,1516.89,1394.3
2026-08-07,Onion,Lasalgaon (Nashik),1351.72,1720.38,1536.05,590.1
2026-08-08,Onion,Lasalgaon (Nashik),1368.5,1741.72,1555.11,3020.8
2026-08-09,Onion,Lasalgaon (Nashik),1454.53,1851.23,1652.88,1988.5
2026-08-10,Onion,Lasalgaon (Nashik),1439.43,1832.01,1635.72,2514.5
2026-08-11,Onion,Lasalgaon (Nashik),1446.83,1841.41,1644.12,1665.1
2026-08-12,Onion,Lasalgaon (Nashik),1467.28,1867.44,1667.36,882.7
2026-08-13,Onion,Lasalgaon (Nashik),1428.94,1818.64,1623.79,1992.5
2026-08-14,Onion,Lasalgaon (Nashik),1471.58,1872.92,1672.25,2735.2
2026-08-15,Onion,Lasalgaon (Nashik),1479.32,1882.76,1681.04,2043.8
2026-08-16,Onion,Lasalgaon (Nashik),1461.42,1860.0,1660.71,1477.2
2026-08-17,Onion,Lasalgaon (Nashik),1433.95,1825.03,1629.49,2420.1
2026-08-18,Onion,Lasalgaon (Nashik),1445.98,1840.34,1643.16,2501.2
2026-08-19,Onion,Lasalgaon (Nashik),1474.87,1877.11,1675.99,573.8
2026-08-20,Onion,Lasalgaon (Nashik),1514.78,1927.9,1721.34,2502.5
2026-08-21,Onion,Lasalgaon (Nashik),1572.08,2000.84,1786.46,825.9
2026-08-22,Onion,Lasalgaon (Nashik),1566.63,1993.89,1780.26,606.5
2026-08-23,Onion,Lasalgaon (Nashik),1663.02,2116.56,1889.79,1999.5
2026-08-24,Onion,Lasalgaon (Nashik),1681.15,2139.65,1910.4,712.6
2023-01-01,Onion,Pimpalgaon Baswant,2367.16,3012.74,2689.95,2567.1
2023-01-02,Onion,Pimpalgaon Baswant,2354.94,2997.2,2676.07,1206.4
2023-01-03,Onion,Pimpalgaon Baswant,2278.64,2900.08,2589.36,1480.3
2023-01-04,Onion,Pimpalgaon Baswant,2138.8,2722.1,2430.45,2158.7
2023-01-05,Onion,Pimpalgaon Baswant,2080.61,2648.05,2364.33,1986.7
2023-01-06,Onion,Pimpalgaon Baswant,2224.06,2830.62,2527.34,3443.6
2023-01-07,Onion,Pimpalgaon Baswant,2105.45,2679.67,2392.56,2241.2
2023-01-08,Onion,Pimpalgaon Baswant,2238.62,2849.16,2543.89,402.1
2023-01-09,Onion,Pimpalgaon Baswant,2315.53,2947.03,2631.28,2160.8
2023-01-10,Onion,Pimpalgaon Baswant,2149.37,2735.57,2442.47,1437.1
2023-01-11,Onion,Pimpalgaon Baswant,2108.47,2683.51,2395.99,1854.6
2023-01-12,Onion,Pimpalgaon Baswant,2212.68,2816.14,2514.41,407.1
2023-01-13,Onion,Pimpalgaon Baswant,2323.43,2957.09,2640.26,1593.0
2023-01-14,Onion,Pimpalgaon Baswant,2392.68,3045.24,2718.96,775.6
2023-01-15,Onion,Pimpalgaon Baswant,2423.46,3084.4,2753.93,2614.8
2023-01-16,Onion,Pimpalgaon Baswant,2518.45,3205.29,2861.87,1957.3
2023-01-17,Onion,Pimpalgaon Baswant,2554.0,3250.54,2902.27,2745.1
2023-01-18,Onion,Pimpalgaon Baswant,2382.56,3032.34,2707.45,1658.2
2023-01-19,Onion,Pimpalgaon Baswant,2320.23,2953.03,2636.63,3054.5
2023-01-20,Onion,Pimpalgaon Baswant,2192.09,2789.93,2491.01,1210.2
2023-01-21,Onion,Pimpalgaon Baswant,2177.93,2771.91,2474.92,2268.6
2023-01-22,Onion,Pimpalgaon Baswant,2317.52,2949.58,2633.55,1997.0
2023-01-23,Onion,Pimpalgaon Baswant,2229.78,2837.9,2533.84,1656.8
2023-01-24,Onion,Pimpalgaon Baswant,2090.97,2661.23,2376.1,1721.7
2023-01-25,Onion,Pimpalgaon Baswant,2131.73,2713.11,2422.42,3262.4
2023-01-26,Onion,Pimpalgaon Baswant,1960.65,2495.37,2228.01,3018.8
2023-01-27,Onion,Pimpalgaon Baswant,1959.9,2494.42,2227.16,863.7
2023-01-28,Onion,Pimpalgaon Baswant,1987.24,2529.22,2258.23,840.5
2023-01-29,Onion,Pimpalgaon Baswant,2113.87,2690.39,2402.13,3254.5
2023-01-30,Onion,Pimpalgaon Baswant,2152.1,2739.04,2445.57,1534.8
2023-01-31,Onion,Pimpalgaon Baswant,2311.22,2941.56,2626.39,1459.3
2023-02-01,Onion,Pimpalgaon Baswant,2264.92,2882.62,2573.77,1297.6
2023-02-02,Onion,Pimpalgaon Baswant,2314.57,2945.81,2630.19,995.7
2023-02-03,Onion,Pimpalgaon Baswant,2236.86,2846.92,2541.89,1532.5
2023-02-04,Onion,Pimpalgaon Baswant,2282.25,2904.69,2593.47,433.0
2023-02-05,Onion,Pimpalgaon Baswant,2362.04,3006.24,2684.14,1778.4
2023-02-06,Onion,Pimpalgaon Baswant,2301.51,2929.19,2615.35,1916.7
2023-02-07,Onion,Pimpalgaon Baswant,2301.83,2929.61,2615.72,1993.5
2023-02-08,Onion,Pimpalgaon Baswant,2303.38,2931.58,2617.48,2627.4
2023-02-09,Onion,Pimpalgaon Baswant,2440.15,3105.65,2772.9,1436.6
2023-02-10,Onion,Pimpalgaon Baswant,2433.99,3097.81,2765.9,1766.2
2023-02-11,Onion,Pimpalgaon Baswant,2399.9,3054.42,2727.16,804.9
2023-02-12,Onion,Pimpalgaon Baswant,2367.35,3012.99,2690.17,2754.1
2023-02-13,Onion,Pimpalgaon Baswant,2146.14,2731.44,2438.79,1598.5
2023-02-14,Onion,Pimpalgaon Baswant,2116.7,2693.98,2405.34,896.3
2023-02-15,Onion,Pimpalgaon Baswant,2156.83,2745.05,2450.94,686.2
2023-02-16,Onion,Pimpalgaon Baswant,2121.77,2700.43,2411.1,433.1
2023-02-17,Onion,Pimpalgaon Baswant,2101.19,2674.25,2387.72,1299.8
2023-02-18,Onion,Pimpalgaon Baswant,2113.27,2689.61,2401.44,2322.8
2023-02-19,Onion,Pimpalgaon Baswant,2185.41,2781.43,2483.42,2654.3
2023-02-20,Onion,Pimpalgaon Baswant,2199.89,2799.85,2499.87,2714.3
2023-02-21,Onion,Pimpalgaon Baswant,2208.88,2811.3,2510.09,2839.0
2023-02-22,Onion,Pimpalgaon Baswant,2223.23,2829.57,2526.4,2717.1
2023-02-23,Onion,Pimpalgaon Baswant,2140.16,2723.84,2432.0,1006.7
2023-02-24,Onion,Pimpalgaon Baswant,2051.94,2611.56,2331.75,1605.1
2023-02-25,Onion,Pimpalgaon Baswant,1971.43,2509.09,2240.26,1004.7
2023-02-26,Onion,Pimpalgaon Baswant,1993.44,2537.1,2265.27,1886.1
2023-02-27,Onion,Pimpalgaon Baswant,1918.56,2441.8,2180.18,420.7
2023-02-28,Onion,Pimpalgaon Baswant,1964.08,2499.74,2231.91,3374.2
2023-03-01,Onion,Pimpalgaon Baswant,1904.23,2423.57,2163.9,3489.0
2023-03-02,Onion,Pimpalgaon Baswant,1897.39,2414.87,2156.13,1009.4
2023-03-03,Onion,Pimpalgaon Baswant,1971.56,2509.26,2240.41,2401.6
2023-03-04,Onion,Pimpalgaon Baswant,2145.07,2730.09,2437.58,3416.4
2023-03-05,Onion,Pimpalgaon Baswant,2165.47,2756.05,2460.76,2747.2
2023-03-06,Onion,Pimpalgaon Baswant,1995.07,2539.17,2267.12,2163.0
2023-03-07,Onion,Pimpalgaon Baswant,1968.65,2505.55,2237.1,638.1
2023-03-08,Onion,Pimpalgaon Baswant,2002.27,2548.35,2275.31,2132.1
2023-03-09,Onion,Pimpalgaon Baswant,2048.83,2607.61,2328.22,1172.9
2023-03-10,Onion,Pimpalgaon Baswant,1981.54,2521.96,2251.75,1580.5
2023-03-11,Onion,Pimpalgaon Baswant,1836.54,2337.42,2086.98,1226.6
2023-03-12,Onion,Pimpalgaon Baswant,1830.29,2329.47,2079.88,3476.4
2023-03-13,Onion,Pimpalgaon Baswant,1782.78,2269.0,2025.89,3078.2
2023-03-14,Onion,Pimpalgaon Baswant,1732.11,2204.51,1968.31,2419.0
2023-03-15,Onion,Pimpalgaon Baswant,1630.24,2074.86,1852.55,3209.7
2023-03-16,Onion,Pimpalgaon Baswant,1639.68,2086.86,1863.27,652.9
2023-03-17,Onion,Pimpalgaon Baswant,1534.11,1952.51,1743.31,964.6
2023-03-18,Onion,Pimpalgaon Baswant,1507.82,1919.04,1713.43,2975.6
2023-03-19,Onion,Pimpalgaon Baswant,1501.61,1911.13,1706.37,2267.8
2023-03-20,Onion,Pimpalgaon Baswant,1489.13,1895.25,1692.19,2369.6
2023-03-21,Onion,Pimpalgaon Baswant,1495.1,1902.86,1698.98,2795.8
2023-03-22,Onion,Pimpalgaon Baswant,1581.65,2013.01,1797.33,2302.1
2023-03-23,Onion,Pimpalgaon Baswant,1677.22,2134.64,1905.93,1739.7
2023-03-24,Onion,Pimpalgaon Baswant,1666.44,2120.92,1893.68,1027.6
2023-03-25,Onion,Pimpalgaon Baswant,1614.83,2055.23,1835.03,3295.7
2023-03-26,Onion,Pimpalgaon Baswant,1547.31,1969.31,1758.31,2217.0
2023-03-27,Onion,Pimpalgaon Baswant,1489.08,1895.2,1692.14,2289.4
2023-03-28,Onion,Pimpalgaon Baswant,1446.83,1841.41,1644.12,2631.6
2023-03-29,Onion,Pimpalgaon Baswant,1491.2,1897.88,1694.54,3397.5
2023-03-30,Onion,Pimpalgaon Baswant,1518.24,1932.3,1725.27,2193.5
2023-03-31,Onion,Pimpalgaon Baswant,1464.47,1863.87,1664.17,2385.5
2023-04-01,Onion,Pimpalgaon Baswant,1431.24,1821.58,1626.41,1439.5
2023-04-02,Onion,Pimpalgaon Baswant,1499.89,1908.95,1704.42,2843.0
2023-04-03,Onion,Pimpalgaon Baswant,1406.94,1790.66,1598.8,3487.8
2023-04-04,Onion,Pimpalgaon Baswant,1434.42,1825.62,1630.02,1084.9
2023-04-05,Onion,Pimpalgaon Baswant,1496.18,1904.24,1700.21,2541.5
2023-04-06,Onion,Pimpalgaon Baswant,1468.78,1869.36,1669.07,1205.8
2023-04-07,Onion,Pimpalgaon Baswant,1502.86,1912.74,1707.8,3068.6
2023-04-08,Onion,Pimpalgaon Baswant,1529.44,1946.56,1738.0,2148.9
2023-04-09,Onion,Pimpalgaon Baswant,1533.88,1952.2,1743.04,3400.2
2023-04-10,Onion,Pimpalgaon Baswant,1470.03,1870.95,1670.49,2421.7
2023-04-11,Onion,Pimpalgaon Baswant,1465.05,1864.61,1664.83,2194.8
2023-04-12,Onion,Pimpalgaon Baswant,1399.97,1781.79,1590.88,2894.7
2023-04-13,Onion,Pimpalgaon Baswant,1351.79,1720.45,1536.12,1577.4
2023-04-14,Onion,Pimpalgaon Baswant,1419.67,1806.85,1613.26,2131.5
2023-04-15,Onion,Pimpalgaon Baswant,1399.13,1780.71,1589.92,2648.4
2023-04-16,Onion,Pimpalgaon Baswant,1321.22,1681.56,1501.39,3481.4
2023-04-17,Onion,Pimpalgaon Baswant,1363.89,1735.87,1549.88,2678.9
2023-04-18,Onion,Pimpalgaon Baswant,1426.47,1815.51,1620.99,3175.8
2023-04-19,Onion,Pimpalgaon Baswant,1492.59,1899.65,1696.12,3224.6
2023-04-20,Onion,Pimpalgaon Baswant,1526.05,1942.25,1734.15,2563.3
2023-04-21,Onion,Pimpalgaon Baswant,1540.11,1960.13,1750.12,3165.1
2023-04-22,Onion,Pimpalgaon Baswant,1406.28,1789.82,1598.05,2439.9
2023-04-23,Onion,Pimpalgaon Baswant,1446.19,1840.61,1643.4,3154.1
2023-04-24,Onion,Pimpalgaon Baswant,1404.77,1787.89,1596.33,1734.3
2023-04-25,Onion,Pimpalgaon Baswant,1396.43,1777.27,1586.85,2768.2
2023-04-26,Onion,Pimpalgaon Baswant,1436.78,1828.62,1632.7,3396.5
2023-04-27,Onion,Pimpalgaon Baswant,1462.05,1860.79,1661.42,993.0
2023-04-28,Onion,Pimpalgaon Baswant,1468.82,1869.4,1669.11,1403.8
2023-04-29,Onion,Pimpalgaon Baswant,1534.39,1952.87,1743.63,3171.6
2023-04-30,Onion,Pimpalgaon Baswant,1625.97,2069.41,1847.69,2694.4
2023-05-01,Onion,Pimpalgaon Baswant,1587.86,2020.92,1804.39,2624.6
2023-05-02,Onion,Pimpalgaon Baswant,1542.94,1963.74,1753.34,1226.9
2023-05-03,Onion,Pimpalgaon Baswant,1666.84,2121.44,1894.14,1340.7
2023-05-04,Onion,Pimpalgaon Baswant,1716.03,2184.03,1950.03,559.0
2023-05-05,Onion,Pimpalgaon Baswant,1704.48,2169.34,1936.91,1179.7
2023-05-06,Onion,Pimpalgaon Baswant,1649.72,2099.64,1874.68,833.8
2023-05-07,Onion,Pimpalgaon Baswant,1673.41,2129.79,1901.6,601.7
2023-05-08,Onion,Pimpalgaon Baswant,1781.35,2267.17,2024.26,423.3
2023-05-09,Onion,Pimpalgaon Baswant,1731.14,2203.28,1967.21,2923.4
2023-05-10,Onion,Pimpalgaon Baswant,1764.08,2245.2,2004.64,588.9
2023-05-11,Onion,Pimpalgaon Baswant,1688.57,2149.09,1918.83,2518.8
2023-05-12,Onion,Pimpalgaon Baswant,1744.07,2219.73,1981.9,1386.0
2023-05-13,Onion,Pimpalgaon Baswant,1746.92,2223.36,1985.14,1285.3
2023-05-14,Onion,Pimpalgaon Baswant,1843.04,2345.68,2094.36,689.4
2023-05-15,Onion,Pimpalgaon Baswant,1865.9,2374.78,2120.34,2292.6
2023-05-16,Onion,Pimpalgaon Baswant,1861.72,2369.46,2115.59,2996.3
2023-05-17,Onion,Pimpalgaon Baswant,1800.82,2291.96,2046.39,1184.7
2023-05-18,Onion,Pimpalgaon Baswant,1733.2,2205.88,1969.54,2098.2
2023-05-19,Onion,Pimpalgaon Baswant,1702.62,2166.96,1934.79,3459.7
2023-05-20,Onion,Pimpalgaon Baswant,1734.23,2207.21,1970.72,2457.6
2023-05-21,Onion,Pimpalgaon Baswant,1731.05,2203.15,1967.1,1836.1
2023-05-22,Onion,Pimpalgaon Baswant,1740.09,2214.65,1977.37,680.7
2023-05-23,Onion,Pimpalgaon Baswant,1743.07,2218.45,1980.76,2622.2
2023-05-24,Onion,Pimpalgaon Baswant,1788.61,2276.41,2032.51,958.0
2023-05-25,Onion,Pimpalgaon Baswant,1886.51,2401.01,2143.76,2140.9
2023-05-26,Onion,Pimpalgaon Baswant,1883.97,2397.77,2140.87,435.8
2023-05-27,Onion,Pimpalgaon Baswant,1921.48,2445.52,2183.5,3449.8
2023-05-28,Onion,Pimpalgaon Baswant,1800.66,2291.74,2046.2,3290.2
2023-05-29,Onion,Pimpalgaon Baswant,1665.63,2119.89,1892.76,2818.5
2023-05-30,Onion,Pimpalgaon Baswant,1601.19,2037.87,1819.53,2102.3
2023-05-31,Onion,Pimpalgaon Baswant,1623.9,2066.78,1845.34,2017.0
2023-06-01,Onion,Pimpalgaon Baswant,1552.81,1976.31,1764.56,1391.5
2023-06-02,Onion,Pimpalgaon Baswant,1484.48,1889.34,1686.91,3225.1
2023-06-03,Onion,Pimpalgaon Baswant,1518.64,1932.82,1725.73,2578.3
2023-06-04,Onion,Pimpalgaon Baswant,1511.6,1923.86,1717.73,2331.7
2023-06-05,Onion,Pimpalgaon Baswant,1499.96,1909.04,1704.5,1104.5
2023-06-06,Onion,Pimpalgaon Baswant,1459.77,1857.89,1658.83,1778.9
2023-06-07,Onion,Pimpalgaon Baswant,1492.93,1900.09,1696.51,2008.3
2023-06-08,Onion,Pimpalgaon Baswant,1501.15,1910.55,1705.85,1493.4
2023-06-09,Onion,Pimpalgaon Baswant,1495.39,1903.23,1699.31,709.0
2023-06-10,Onion,Pimpalgaon Baswant,1436.13,1827.81,1631.97,549.3
2023-06-11,Onion,Pimpalgaon Baswant,1369.91,1743.53,1556.72,2606.7
2023-06-12,Onion,Pimpalgaon Baswant,1450.85,1846.53,1648.69,1094.7
2023-06-13,Onion,Pimpalgaon Baswant,1415.44,1801.48,1608.46,792.7
2023-06-14,Onion,Pimpalgaon Baswant,1392.34,1772.06,1582.2,2635.1
2023-06-15,Onion,Pimpalgaon Baswant,1360.56,1731.62,1546.09,1751.6
2023-06-16,Onion,Pimpalgaon Baswant,1299.33,1653.69,1476.51,1406.6
2023-06-17,Onion,Pimpalgaon Baswant,1247.7,1587.98,1417.84,424.7
2023-06-18,Onion,Pimpalgaon Baswant,1265.41,1610.53,1437.97,1142.5
2023-06-19,Onion,Pimpalgaon Baswant,1181.2,1503.34,1342.27,476.1
2023-06-20,Onion,Pimpalgaon Baswant,1234.1,1570.68,1402.39,471.5
2023-06-21,Onion,Pimpalgaon Baswant,1175.7,1496.34,1336.02,1826.9
2023-06-22,Onion,Pimpalgaon Baswant,1107.14,1409.08,1258.11,1123.4
2023-06-23,Onion,Pimpalgaon Baswant,1035.17,1317.49,1176.33,1111.9
2023-06-24,Onion,Pimpalgaon Baswant,1047.34,1332.98,1190.16,1488.0
2023-06-25,Onion,Pimpalgaon Baswant,1144.72,1456.92,1300.82,1913.5
2023-06-26,Onion,Pimpalgaon Baswant,1193.96,1519.58,1356.77,2028.6
2023-06-27,Onion,Pimpalgaon Baswant,1225.13,1559.25,1392.19,2369.2
2023-06-28,Onion,Pimpalgaon Baswant,1218.94,1551.38,1385.16,2072.1
2023-06-29,Onion,Pimpalgaon Baswant,1257.88,1600.94,1429.41,1674.3
2023-06-30,Onion,Pimpalgaon Baswant,1275.36,1623.18,1449.27,3401.9
2023-07-01,Onion,Pimpalgaon Baswant,1289.4,1641.06,1465.23,1977.2
2023-07-02,Onion,Pimpalgaon Baswant,1310.87,1668.37,1489.62,2890.9
2023-07-03,Onion,Pimpalgaon Baswant,1398.24,1779.58,1588.91,1106.9
2023-07-04,Onion,Pimpalgaon Baswant,1458.74,1856.58,1657.66,1126.8
2023-07-05,Onion,Pimpalgaon Baswant,1546.83,1968.69,1757.76,846.3
2023-07-06,Onion,Pimpalgaon Baswant,1540.01,1960.01,1750.01,1019.3
2023-07-07,Onion,Pimpalgaon Baswant,1600.67,2037.21,1818.94,1115.9
2023-07-08,Onion,Pimpalgaon Baswant,1636.41,2082.71,1859.56,1226.8
2023-07-09,Onion,Pimpalgaon Baswant,1553.19,1976.79,1764.99,1879.3
2023-07-10,Onion,Pimpalgaon Baswant,1501.96,1911.58,1706.77,3353.0
2023-07-11,Onion,Pimpalgaon Baswant,1546.27,1967.99,1757.13,1850.6
2023-07-12,Onion,Pimpalgaon Baswant,1544.49,1965.71,1755.1,1921.7
2023-07-13,Onion,Pimpalgaon Baswant,1597.16,2032.76,1814.96,2195.4
2023-07-14,Onion,Pimpalgaon Baswant,1598.3,2034.2,1816.25,1955.5
2023-07-15,Onion,Pimpalgaon Baswant,1590.08,2023.74,1806.91,454.1
2023-07-16,Onion,Pimpalgaon Baswant,1540.92,1961.16,1751.04,761.4
2023-07-17,Onion,Pimpalgaon Baswant,1433.67,1824.67,1629.17,3026.9
2023-07-18,Onion,Pimpalgaon Baswant,1483.8,1888.48,1686.14,2046.5
2023-07-19,Onion,Pimpalgaon Baswant,1455.51,1852.47,1653.99,2151.6
2023-07-20,Onion,Pimpalgaon Baswant,1448.27,1843.25,1645.76,1794.9
2023-07-21,Onion,Pimpalgaon Baswant,1416.28,1802.54,1609.41,2063.1
2023-07-22,Onion,Pimpalgaon Baswant,1445.72,1840.0,1642.86,2362.5
2023-07-23,Onion,Pimpalgaon Baswant,1430.44,1820.56,1625.5,2748.5
2023-07-24,Onion,Pimpalgaon Baswant,1401.32,1783.5,1592.41,1129.5
2023-07-25,Onion,Pimpalgaon Baswant,1375.62,1750.8,1563.21,1950.9
2023-07-26,Onion,Pimpalgaon Baswant,1352.95,1721.93,1537.44,3242.8
2023-07-27,Onion,Pimpalgaon Baswant,1356.95,1727.03,1541.99,2195.9
2023-07-28,Onion,Pimpalgaon Baswant,1381.31,1758.03,1569.67,3009.2
2023-07-29,Onion,Pimpalgaon Baswant,1259.83,1603.41,1431.62,2519.9
2023-07-30,Onion,Pimpalgaon Baswant,1229.32,1564.58,1396.95,1465.3
2023-07-31,Onion,Pimpalgaon Baswant,1228.95,1564.11,1396.53,3472.8
2023-08-01,Onion,Pimpalgaon Baswant,1287.99,1639.27,1463.63,2251.5
2023-08-02,Onion,Pimpalgaon Baswant,1333.24,1696.86,1515.05,609.1
2023-08-03,Onion,Pimpalgaon Baswant,1313.69,1671.97,1492.83,1086.5
2023-08-04,Onion,Pimpalgaon Baswant,1277.8,1626.28,1452.04,1096.4
2023-08-05,Onion,Pimpalgaon Baswant,1287.77,1638.99,1463.38,1656.8
2023-08-06,Onion,Pimpalgaon Baswant,1256.02,1598.58,1427.3,806.0
2023-08-07,Onion,Pimpalgaon Baswant,1297.15,1650.91,1474.03,2642.7
2023-08-08,Onion,Pimpalgaon Baswant,1389.62,1768.6,1579.11,914.4
2023-08-09,Onion,Pimpalgaon Baswant,1455.97,1853.05,1654.51,1155.2
2023-08-10,Onion,Pimpalgaon Baswant,1512.36,1924.82,1718.59,2709.3
2023-08-11,Onion,Pimpalgaon Baswant,1474.94,1877.2,1676.07,1030.7
2023-08-12,Onion,Pimpalgaon Baswant,1378.1,1753.94,1566.02,3110.3
2023-08-13,Onion,Pimpalgaon Baswant,1335.75,1700.05,1517.9,2719.9
2023-08-14,Onion,Pimpalgaon Baswant,1371.6,1745.68,1558.64,1166.3
2023-08-15,Onion,Pimpalgaon Baswant,1481.52,1885.56,1683.54,1707.6
2023-08-16,Onion,Pimpalgaon Baswant,1551.98,1975.24,1763.61,995.6
2023-08-17,Onion,Pimpalgaon Baswant,1579.39,2010.13,1794.76,460.2
2023-08-18,Onion,Pimpalgaon Baswant,1540.57,1960.73,1750.65,2780.1
2023-08-19,Onion,Pimpalgaon Baswant,1574.28,2003.64,1788.96,2981.7
2023-08-20,Onion,Pimpalgaon Baswant,1541.65,1962.11,1751.88,2277.7
2023-08-21,Onion,Pimpalgaon Baswant,1476.75,1879.51,1678.13,2949.5
2023-08-22,Onion,Pimpalgaon Baswant,1446.31,1840.75,1643.53,1617.5
2023-08-23,Onion,Pimpalgaon Baswant,1409.69,1794.15,1601.92,2676.1
2023-08-24,Onion,Pimpalgaon Baswant,1509.35,1920.99,1715.17,974.7
2023-08-25,Onion,Pimpalgaon Baswant,1485.55,1890.71,1688.13,1599.7
2023-08-26,Onion,Pimpalgaon Baswant,1555.6,1979.86,1767.73,1889.9
2023-08-27,Onion,Pimpalgaon Baswant,1578.85,2009.45,1794.15,1081.7
2023-08-28,Onion,Pimpalgaon Baswant,1592.02,2026.2,1809.11,2527.1
2023-08-29,Onion,Pimpalgaon Baswant,1626.58,2070.2,1848.39,3363.7
2023-08-30,Onion,Pimpalgaon Baswant,1657.67,2109.77,1883.72,3447.7
2023-08-31,Onion,Pimpalgaon Baswant,1797.92,2288.26,2043.09,881.8
2023-09-01,Onion,Pimpalgaon Baswant,1737.74,2211.68,1974.71,1629.6
2023-09-02,Onion,Pimpalgaon Baswant,1719.46,2188.4,1953.93,2415.9
2023-09-03,Onion,Pimpalgaon Baswant,1753.0,2231.08,1992.04,3169.3
2023-09-04,Onion,Pimpalgaon Baswant,1812.9,2307.32,2060.11,1055.9
2023-09-05,Onion,Pimpalgaon Baswant,1741.1,2215.94,1978.52,441.4
2023-09-06,Onion,Pimpalgaon Baswant,1730.65,2202.65,1966.65,1852.9
2023-09-07,Onion,Pimpalgaon Baswant,1825.96,2323.96,2074.96,3092.9
2023-09-08,Onion,Pimpalgaon Baswant,1826.21,2324.27,2075.24,3146.4
2023-09-09,Onion,Pimpalgaon Baswant,1820.82,2317.4,2069.11,1815.6
2023-09-10,Onion,Pimpalgaon Baswant,1811.06,2304.98,2058.02,2377.5
2023-09-11,Onion,Pimpalgaon Baswant,1777.42,2262.16,2019.79,459.4
2023-09-12,Onion,Pimpalgaon Baswant,1847.88,2351.84,2099.86,1466.3
2023-09-13,Onion,Pimpalgaon Baswant,1786.54,2273.78,2030.16,2330.3
2023-09-14,Onion,Pimpalgaon Baswant,1830.69,2329.97,2080.33,1972.1
2023-09-15,Onion,Pimpalgaon Baswant,1865.45,2374.21,2119.83,1948.1
2023-09-16,Onion,Pimpalgaon Baswant,1785.83,2272.87,2029.35,2020.7
2023-09-17,Onion,Pimpalgaon Baswant,1831.25,2330.69,2080.97,2739.0
2023-09-18,Onion,Pimpalgaon Baswant,1898.32,2416.04,2157.18,2558.2
2023-09-19,Onion,Pimpalgaon Baswant,2033.68,2588.32,2311.0,887.3
2023-09-20,Onion,Pimpalgaon Baswant,2076.53,2642.85,2359.69,765.0
2023-09-21,Onion,Pimpalgaon Baswant,2078.13,2644.89,2361.51,572.9
2023-09-22,Onion,Pimpalgaon Baswant,2105.6,2679.86,2392.73,640.7
2023-09-23,Onion,Pimpalgaon Baswant,2016.62,2566.6,2291.61,410.4
2023-09-24,Onion,Pimpalgaon Baswant,2078.38,2645.2,2361.79,3072.4
2023-09-25,Onion,Pimpalgaon Baswant,2142.34,2726.62,2434.48,532.6
2023-09-26,Onion,Pimpalgaon Baswant,2056.48,2617.34,2336.91,3295.0
2023-09-27,Onion,Pimpalgaon Baswant,1928.73,2454.75,2191.74,676.5
2023-09-28,Onion,Pimpalgaon Baswant,1845.96,2349.4,2097.68,2268.1
2023-09-29,Onion,Pimpalgaon Baswant,1837.36,2338.46,2087.91,3349.2
2023-09-30,Onion,Pimpalgaon Baswant,1815.9,2311.14,2063.52,3217.9
2023-10-01,Onion,Pimpalgaon Baswant,1915.49,2437.89,2176.69,562.0
2023-10-02,Onion,Pimpalgaon Baswant,1947.44,2478.56,2213.0,2655.4
2023-10-03,Onion,Pimpalgaon Baswant,1929.29,2455.47,2192.38,609.1
2023-10-04,Onion,Pimpalgaon Baswant,1988.24,2530.48,2259.36,1399.3
2023-10-05,Onion,Pimpalgaon Baswant,2006.75,2554.05,2280.4,3318.3
2023-10-06,Onion,Pimpalgaon Baswant,1967.44,2504.02,2235.73,2828.7
2023-10-07,Onion,Pimpalgaon Baswant,1915.81,2438.31,2177.06,3063.3
2023-10-08,Onion,Pimpalgaon Baswant,1905.38,2425.04,2165.21,2038.8
2023-10-09,Onion,Pimpalgaon Baswant,2013.81,2563.03,2288.42,2249.7
2023-10-10,Onion,Pimpalgaon Baswant,2087.57,2656.91,2372.24,3002.3
2023-10-11,Onion,Pimpalgaon Baswant,2252.67,2867.03,2559.85,835.8
2023-10-12,Onion,Pimpalgaon Baswant,2220.53,2826.13,2523.33,1605.1
2023-10-13,Onion,Pimpalgaon Baswant,2264.6,2882.22,2573.41,1146.4
2023-10-14,Onion,Pimpalgaon Baswant,2213.69,2817.43,2515.56,1684.9
2023-10-15,Onion,Pimpalgaon Baswant,2170.04,2761.88,2465.96,3307.6
2023-10-16,Onion,Pimpalgaon Baswant,2104.18,2678.04,2391.11,1562.1
2023-10-17,Onion,Pimpalgaon Baswant,2006.51,2553.73,2280.12,1345.1
2023-10-18,Onion,Pimpalgaon Baswant,2098.18,2670.42,2384.3,686.7
2023-10-19,Onion,Pimpalgaon Baswant,2087.93,2657.37,2372.65,1038.9
2023-10-20,Onion,Pimpalgaon Baswant,1999.78,2545.18,2272.48,747.1
2023-10-21,Onion,Pimpalgaon Baswant,1914.66,2436.84,2175.75,2507.0
2023-10-22,Onion,Pimpalgaon Baswant,1920.62,2444.42,2182.52,1707.6
2023-10-23,Onion,Pimpalgaon Baswant,1946.21,2476.99,2211.6,2560.4
2023-10-24,Onion,Pimpalgaon Baswant,1977.22,2516.46,2246.84,3252.8
2023-10-25,Onion,Pimpalgaon Baswant,1911.04,2432.24,2171.64,1923.1
2023-10-26,Onion,Pimpalgaon Baswant,1840.29,2342.19,2091.24,504.9
2023-10-27,Onion,Pimpalgaon Baswant,1744.13,2219.81,1981.97,2318.4
2023-10-28,Onion,Pimpalgaon Baswant,1794.01,2283.29,2038.65,1264.5
2023-10-29,Onion,Pimpalgaon Baswant,1809.54,2303.06,2056.3,2920.8
2023-10-30,Onion,Pimpalgaon Baswant,1926.77,2452.25,2189.51,3147.2
2023-10-31,Onion,Pimpalgaon Baswant,1919.9,2443.52,2181.71,1789.3
2023-11-01,Onion,Pimpalgaon Baswant,1957.0,2490.72,2223.86,1165.1
2023-11-02,Onion,Pimpalgaon Baswant,1935.06,2462.8,2198.93,2608.8
2023-11-03,Onion,Pimpalgaon Baswant,1846.06,2349.54,2097.8,3253.6
2023-11-04,Onion,Pimpalgaon Baswant,1941.7,2471.26,2206.48,740.0
2023-11-05,Onion,Pimpalgaon Baswant,1851.77,2356.79,2104.28,3061.3
2023-11-06,Onion,Pimpalgaon Baswant,1924.92,2449.9,2187.41,1314.6
2023-11-07,Onion,Pimpalgaon Baswant,2028.38,2581.58,2304.98,1023.9
2023-11-08,Onion,Pimpalgaon Baswant,1968.32,2505.14,2236.73,3490.0
2023-11-09,Onion,Pimpalgaon Baswant,1954.0,2486.92,2220.46,1496.4
2023-11-10,Onion,Pimpalgaon Baswant,1962.8,2498.12,2230.46,2278.0
2023-11-11,Onion,Pimpalgaon Baswant,1945.7,2476.34,2211.02,1909.8
2023-11-12,Onion,Pimpalgaon Baswant,2021.84,2573.24,2297.54,2106.7
2023-11-13,Onion,Pimpalgaon Baswant,1922.03,2446.23,2184.13,944.1
2023-11-14,Onion,Pimpalgaon Baswant,1848.32,2352.4,2100.36,3451.8
2023-11-15,Onion,Pimpalgaon Baswant,1881.78,2395.0,2138.39,2835.2
2023-11-16,Onion,Pimpalgaon Baswant,1841.12,2343.24,2092.18,406.2
2023-11-17,Onion,Pimpalgaon Baswant,1909.34,2430.06,2169.7,2811.5
2023-11-18,Onion,Pimpalgaon Baswant,1864.29,2372.73,2118.51,1087.3
2023-11-19,Onion,Pimpalgaon Baswant,1837.55,2338.71,2088.13,2758.7
2023-11-20,Onion,Pimpalgaon Baswant,1953.03,2485.67,2219.35,1639.2
2023-11-21,Onion,Pimpalgaon Baswant,1924.11,2448.87,2186.49,964.7
2023-11-22,Onion,Pimpalgaon Baswant,1875.01,2386.37,2130.69,2510.0
2023-11-23,Onion,Pimpalgaon Baswant,1884.86,2398.92,2141.89,2412.5
2023-11-24,Onion,Pimpalgaon Baswant,1912.42,2433.98,2173.2,2735.1
2023-11-25,Onion,Pimpalgaon Baswant,1934.95,2462.67,2198.81,2080.1
2023-11-26,Onion,Pimpalgaon Baswant,1942.31,2472.03,2207.17,2105.4
2023-11-27,Onion,Pimpalgaon Baswant,2085.82,2654.68,2370.25,1087.6
2023-11-28,Onion,Pimpalgaon Baswant,2030.27,2583.99,2307.13,2402.5
2023-11-29,Onion,Pimpalgaon Baswant,2043.04,2600.24,2321.64,2245.7
2023-11-30,Onion,Pimpalgaon Baswant,2107.08,2681.74,2394.41,547.6
2023-12-01,Onion,Pimpalgaon Baswant,2034.21,2588.99,2311.6,2996.1
2023-12-02,Onion,Pimpalgaon Baswant,2117.32,2694.76,2406.04,2741.5
2023-12-03,Onion,Pimpalgaon Baswant,2175.06,2768.26,2471.66,1308.0
2023-12-04,Onion,Pimpalgaon Baswant,2103.14,2676.72,2389.93,420.9
2023-12-05,Onion,Pimpalgaon Baswant,2214.62,2818.6,2516.61,3155.2
2023-12-06,Onion,Pimpalgaon Baswant,2327.35,2962.09,2644.72,1359.6
2023-12-07,Onion,Pimpalgaon Baswant,2233.92,2843.16,2538.54,2247.8
2023-12-08,Onion,Pimpalgaon Baswant,2305.98,2934.88,2620.43,3036.0
2023-12-09,Onion,Pimpalgaon Baswant,2262.53,2879.59,2571.06,2275.0
2023-12-10,Onion,Pimpalgaon Baswant,2261.95,2878.85,2570.4,2755.2
2023-12-11,Onion,Pimpalgaon Baswant,2309.02,2938.76,2623.89,3472.4
2023-12-12,Onion,Pimpalgaon Baswant,2358.66,3001.92,2680.29,2598.9
2023-12-13,Onion,Pimpalgaon Baswant,2342.89,2981.85,2662.37,787.1
2023-12-14,Onion,Pimpalgaon Baswant,2281.35,2903.53,2592.44,2773.4
2023-12-15,Onion,Pimpalgaon Baswant,2377.15,3025.47,2701.31,2266.1
2023-12-16,Onion,Pimpalgaon Baswant,2326.88,2961.48,2644.18,1925.1
2023-12-17,Onion,Pimpalgaon Baswant,2320.13,2952.89,2636.51,1946.0
2023-12-18,Onion,Pimpalgaon Baswant,2277.55,2898.69,2588.12,2753.5
2023-12-19,Onion,Pimpalgaon Baswant,2291.79,2916.83,2604.31,2870.7
2023-12-20,Onion,Pimpalgaon Baswant,2230.08,2838.28,2534.18,1995.3
2023-12-21,Onion,Pimpalgaon Baswant,2252.0,2866.18,2559.09,3475.1
2023-12-22,Onion,Pimpalgaon Baswant,2268.25,2886.87,2577.56,779.3
2023-12-23,Onion,Pimpalgaon Baswant,2312.85,2943.63,2628.24,3452.3
2023-12-24,Onion,Pimpalgaon Baswant,2372.81,3019.93,2696.37,832.7
2023-12-25,Onion,Pimpalgaon Baswant,2550.41,3245.97,2898.19,1970.8
2023-12-26,Onion,Pimpalgaon Baswant,2543.75,3237.49,2890.62,3238.6
2023-12-27,Onion,Pimpalgaon Baswant,2538.33,3230.61,2884.47,1928.7
2023-12-28,Onion,Pimpalgaon Baswant,2496.6,3177.48,2837.04,935.5
2023-12-29,Onion,Pimpalgaon Baswant,2423.12,3083.98,2753.55,3314.4
2023-12-30,Onion,Pimpalgaon Baswant,2553.14,3249.46,2901.3,1953.5
2023-12-31,Onion,Pimpalgaon Baswant,2503.93,3186.81,2845.37,2719.6
2024-01-01,Onion,Pimpalgaon Baswant,2370.34,3016.8,2693.57,2050.2
2024-01-02,Onion,Pimpalgaon Baswant,2318.51,2950.83,2634.67,1156.4
2024-01-03,Onion,Pimpalgaon Baswant,2398.02,3052.02,2725.02,3384.2
2024-01-04,Onion,Pimpalgaon Baswant,2305.88,2934.76,2620.32,1561.8
2024-01-05,Onion,Pimpalgaon Baswant,2440.47,3106.05,2773.26,1353.9
2024-01-06,Onion,Pimpalgaon Baswant,2514.34,3200.06,2857.2,3139.6
2024-01-07,Onion,Pimpalgaon Baswant,2525.56,3214.34,2869.95,2043.5
2024-01-08,Onion,Pimpalgaon Baswant,2463.01,3134.75,2798.88,2917.1
2024-01-09,Onion,Pimpalgaon Baswant,2406.21,3062.45,2734.33,2965.6
2024-01-10,Onion,Pimpalgaon Baswant,2474.15,3148.91,2811.53,2458.5
2024-01-11,Onion,Pimpalgaon Baswant,2502.07,3184.45,2843.26,967.7
2024-01-12,Onion,Pimpalgaon Baswant,2461.59,3132.93,2797.26,937.3
2024-01-13,Onion,Pimpalgaon Baswant,2322.77,2956.25,2639.51,1681.7
2024-01-14,Onion,Pimpalgaon Baswant,2368.65,3014.65,2691.65,656.1
2024-01-15,Onion,Pimpalgaon Baswant,2257.46,2873.14,2565.3,1638.9
2024-01-16,Onion,Pimpalgaon Baswant,2302.64,2930.64,2616.64,2758.5
2024-01-17,Onion,Pimpalgaon Baswant,2282.33,2904.79,2593.56,2569.8
2024-01-18,Onion,Pimpalgaon Baswant,2262.89,2880.05,2571.47,2842.7
2024-01-19,Onion,Pimpalgaon Baswant,2247.26,2860.16,2553.71,3260.8
2024-01-20,Onion,Pimpalgaon Baswant,2188.21,2784.99,2486.6,2752.1
2024-01-21,Onion,Pimpalgaon Baswant,2182.78,2778.08,2480.43,2769.6
2024-01-22,Onion,Pimpalgaon Baswant,2237.5,2847.72,2542.61,1844.4
2024-01-23,Onion,Pimpalgaon Baswant,2256.24,2871.58,2563.91,1007.9
2024-01-24,Onion,Pimpalgaon Baswant,2306.21,2935.17,2620.69,3187.9
2024-01-25,Onion,Pimpalgaon Baswant,2298.66,2925.56,2612.11,2605.8
2024-01-26,Onion,Pimpalgaon Baswant,2299.49,2926.63,2613.06,1455.6
2024-01-27,Onion,Pimpalgaon Baswant,2230.14,2838.36,2534.25,3292.8
2024-01-28,Onion,Pimpalgaon Baswant,2137.37,2720.29,2428.83,2978.0
2024-01-29,Onion,Pimpalgaon Baswant,2296.12,2922.34,2609.23,2389.4
2024-01-30,Onion,Pimpalgaon Baswant,2329.52,2964.84,2647.18,2488.4
2024-01-31,Onion,Pimpalgaon Baswant,2430.47,3093.33,2761.9,686.4
2024-02-01,Onion,Pimpalgaon Baswant,2386.49,3037.35,2711.92,1190.5
2024-02-02,Onion,Pimpalgaon Baswant,2537.08,3229.02,2883.05,2570.3
2024-02-03,Onion,Pimpalgaon Baswant,2708.86,3447.64,3078.25,2391.6
2024-02-04,Onion,Pimpalgaon Baswant,2639.3,3359.12,2999.21,642.1
2024-02-05,Onion,Pimpalgaon Baswant,2706.44,3444.56,3075.5,1514.9
2024-02-06,Onion,Pimpalgaon Baswant,2516.57,3202.91,2859.74,970.8
2024-02-07,Onion,Pimpalgaon Baswant,2469.49,3142.99,2806.24,427.7
2024-02-08,Onion,Pimpalgaon Baswant,2457.77,3128.07,2792.92,2290.5
2024-02-09,Onion,Pimpalgaon Baswant,2493.38,3173.4,2833.39,1397.3
2024-02-10,Onion,Pimpalgaon Baswant,2561.15,3259.65,2910.4,2474.7
2024-02-11,Onion,Pimpalgaon Baswant,2523.43,3211.63,2867.53,2513.6
2024-02-12,Onion,Pimpalgaon Baswant,2557.39,3254.87,2906.13,1220.5
2024-02-13,Onion,Pimpalgaon Baswant,2536.18,3227.86,2882.02,3249.3
2024-02-14,Onion,Pimpalgaon Baswant,2722.02,3464.4,3093.21,776.6
2024-02-15,Onion,Pimpalgaon Baswant,2544.98,3239.06,2892.02,3225.5
2024-02-16,Onion,Pimpalgaon Baswant,2492.68,3172.5,2832.59,2559.0
2024-02-17,Onion,Pimpalgaon Baswant,2492.91,3172.79,2832.85,3348.8
2024-02-18,Onion,Pimpalgaon Baswant,2493.02,3172.94,2832.98,2646.0
2024-02-19,Onion,Pimpalgaon Baswant,2273.07,2892.99,2583.03,2237.7
2024-02-20,Onion,Pimpalgaon Baswant,2197.81,2797.21,2497.51,528.0
2024-02-21,Onion,Pimpalgaon Baswant,2245.6,2858.04,2551.82,1895.5
2024-02-22,Onion,Pimpalgaon Baswant,2270.88,2890.22,2580.55,1639.4
2024-02-23,Onion,Pimpalgaon Baswant,2085.73,2654.57,2370.15,3123.3
2024-02-24,Onion,Pimpalgaon Baswant,2057.1,2618.12,2337.61,1439.7
2024-02-25,Onion,Pimpalgaon Baswant,2084.54,2653.06,2368.8,2725.1
2024-02-26,Onion,Pimpalgaon Baswant,2079.11,2646.13,2362.62,1245.4
2024-02-27,Onion,Pimpalgaon Baswant,2052.01,2611.65,2331.83,821.0
2024-02-28,Onion,Pimpalgaon Baswant,1893.65,2410.09,2151.87,2065.6
2024-02-29,Onion,Pimpalgaon Baswant,1815.85,2311.09,2063.47,1162.0
2024-03-01,Onion,Pimpalgaon Baswant,1798.91,2289.53,2044.22,910.9
2024-03-02,Onion,Pimpalgaon Baswant,1895.52,2412.48,2154.0,903.1
2024-03-03,Onion,Pimpalgaon Baswant,1854.86,2360.72,2107.79,3140.9
2024-03-04,Onion,Pimpalgaon Baswant,1866.27,2375.25,2120.76,2253.9
2024-03-05,Onion,Pimpalgaon Baswant,1812.48,2306.8,2059.64,2686.0
2024-03-06,Onion,Pimpalgaon Baswant,1823.21,2320.45,2071.83,1959.0
2024-03-07,Onion,Pimpalgaon Baswant,1920.07,2443.73,2181.9,2580.8
2024-03-08,Onion,Pimpalgaon Baswant,1909.53,2430.31,2169.92,1947.3
2024-03-09,Onion,Pimpalgaon Baswant,1902.41,2421.25,2161.83,3106.0
2024-03-10,Onion,Pimpalgaon Baswant,1984.9,2526.24,2255.57,2207.4
2024-03-11,Onion,Pimpalgaon Baswant,1917.33,2440.23,2178.78,3316.6
2024-03-12,Onion,Pimpalgaon Baswant,1921.96,2446.14,2184.05,3410.4
2024-03-13,Onion,Pimpalgaon Baswant,1871.43,2381.83,2126.63,770.2
2024-03-14,Onion,Pimpalgaon Baswant,1939.81,2468.85,2204.33,783.0
2024-03-15,Onion,Pimpalgaon Baswant,1919.83,2443.43,2181.63,978.4
2024-03-16,Onion,Pimpalgaon Baswant,1999.35,2544.63,2271.99,537.6
2024-03-17,Onion,Pimpalgaon Baswant,2130.13,2711.07,2420.6,1579.0
2024-03-18,Onion,Pimpalgaon Baswant,2058.58,2620.02,2339.3,2957.7
2024-03-19,Onion,Pimpalgaon Baswant,2148.85,2734.89,2441.87,3253.3
2024-03-20,Onion,Pimpalgaon Baswant,2242.35,2853.89,2548.12,1284.6
2024-03-21,Onion,Pimpalgaon Baswant,2208.87,2811.29,2510.08,3176.5
2024-03-22,Onion,Pimpalgaon Baswant,2130.81,2711.93,2421.37,1129.1
2024-03-23,Onion,Pimpalgaon Baswant,2204.82,2806.14,2505.48,1035.2
2024-03-24,Onion,Pimpalgaon Baswant,2190.71,2788.17,2489.44,1801.4
2024-03-25,Onion,Pimpalgaon Baswant,2144.67,2729.59,2437.13,2543.6
2024-03-26,Onion,Pimpalgaon Baswant,2153.49,2740.81,2447.15,2919.2
2024-03-27,Onion,Pimpalgaon Baswant,2123.41,2702.53,2412.97,2039.9
2024-03-28,Onion,Pimpalgaon Baswant,2127.83,2708.15,2417.99,490.9
2024-03-29,Onion,Pimpalgaon Baswant,2190.36,2787.74,2489.05,1871.6
2024-03-30,Onion,Pimpalgaon Baswant,2209.28,2811.8,2510.54,458.4
2024-03-31,Onion,Pimpalgaon Baswant,2133.95,2715.93,2424.94,2660.2
2024-04-01,Onion,Pimpalgaon Baswant,2134.17,2716.21,2425.19,2232.8
2024-04-02,Onion,Pimpalgaon Baswant,2045.45,2603.31,2324.38,2212.6
2024-04-03,Onion,Pimpalgaon Baswant,1938.88,2467.66,2203.27,1263.1
2024-04-04,Onion,Pimpalgaon Baswant,1944.87,2475.29,2210.08,3403.2
2024-04-05,Onion,Pimpalgaon Baswant,1994.78,2538.8,2266.79,1943.3
2024-04-06,Onion,Pimpalgaon Baswant,1854.12,2359.78,2106.95,3328.0
2024-04-07,Onion,Pimpalgaon Baswant,1931.5,2458.28,2194.89,2532.2
2024-04-08,Onion,Pimpalgaon Baswant,2094.41,2665.61,2380.01,601.1
2024-04-09,Onion,Pimpalgaon Baswant,2213.43,2817.09,2515.26,1134.3
2024-04-10,Onion,Pimpalgaon Baswant,1944.87,2475.29,2210.08,2267.4
2024-04-11,Onion,Pimpalgaon Baswant,1979.5,2519.36,2249.43,2590.6
2024-04-12,Onion,Pimpalgaon Baswant,1979.67,2519.57,2249.62,2003.6
2024-04-13,Onion,Pimpalgaon Baswant,2026.59,2579.29,2302.94,2640.0
2024-04-14,Onion,Pimpalgaon Baswant,2113.72,2690.18,2401.95,1254.4
2024-04-15,Onion,Pimpalgaon Baswant,2113.22,2689.56,2401.39,1721.3
2024-04-16,Onion,Pimpalgaon Baswant,1971.21,2508.81,2240.01,2394.6
2024-04-17,Onion,Pimpalgaon Baswant,1907.49,2427.71,2167.6,3452.5
2024-04-18,Onion,Pimpalgaon Baswant,1905.24,2424.84,2165.04,2433.7
2024-04-19,Onion,Pimpalgaon Baswant,1906.95,2427.03,2166.99,1601.3
2024-04-20,Onion,Pimpalgaon Baswant,1945.49,2476.07,2210.78,1027.0
2024-04-21,Onion,Pimpalgaon Baswant,1937.66,2466.12,2201.89,3008.7
2024-04-22,Onion,Pimpalgaon Baswant,2029.92,2583.54,2306.73,2251.0
2024-04-23,Onion,Pimpalgaon Baswant,1939.98,2469.06,2204.52,2076.7
2024-04-24,Onion,Pimpalgaon Baswant,1881.93,2395.19,2138.56,1998.4
2024-04-25,Onion,Pimpalgaon Baswant,1930.61,2457.15,2193.88,767.2
2024-04-26,Onion,Pimpalgaon Baswant,1941.43,2470.91,2206.17,3042.7
2024-04-27,Onion,Pimpalgaon Baswant,2074.6,2640.4,2357.5,647.3
2024-04-28,Onion,Pimpalgaon Baswant,1977.51,2516.83,2247.17,1076.9
2024-04-29,Onion,Pimpalgaon Baswant,1823.16,2320.38,2071.77,2635.8
2024-04-30,Onion,Pimpalgaon Baswant,1788.3,2276.02,2032.16,1882.1
2024-05-01,Onion,Pimpalgaon Baswant,1855.38,2361.4,2108.39,2087.1
2024-05-02,Onion,Pimpalgaon Baswant,1788.14,2275.82,2031.98,2773.7
2024-05-03,Onion,Pimpalgaon Baswant,1711.58,2178.38,1944.98,3453.0
2024-05-04,Onion,Pimpalgaon Baswant,1743.25,2218.69,1980.97,2834.6
2024-05-05,Onion,Pimpalgaon Baswant,1740.59,2215.29,1977.94,1066.9
2024-05-06,Onion,Pimpalgaon Baswant,1744.12,2219.8,1981.96,3262.0
2024-05-07,Onion,Pimpalgaon Baswant,1718.77,2187.53,1953.15,1315.2
2024-05-08,Onion,Pimpalgaon Baswant,1623.51,2066.29,1844.9,749.4
2024-05-09,Onion,Pimpalgaon Baswant,1763.92,2245.0,2004.46,1262.2
2024-05-10,Onion,Pimpalgaon Baswant,1705.99,2171.25,1938.62,524.3
2024-05-11,Onion,Pimpalgaon Baswant,1766.26,2247.96,2007.11,2445.1
2024-05-12,Onion,Pimpalgaon Baswant,1645.09,2093.75,1869.42,1009.4
2024-05-13,Onion,Pimpalgaon Baswant,1599.77,2036.07,1817.92,2710.8
2024-05-14,Onion,Pimpalgaon Baswant,1499.28,1908.18,1703.73,3127.2
2024-05-15,Onion,Pimpalgaon Baswant,1421.78,1809.54,1615.66,1632.7
2024-05-16,Onion,Pimpalgaon Baswant,1344.22,1710.82,1527.52,713.5
2024-05-17,Onion,Pimpalgaon Baswant,1376.61,1752.05,1564.33,731.9
2024-05-18,Onion,Pimpalgaon Baswant,1371.19,1745.15,1558.17,2389.3
2024-05-19,Onion,Pimpalgaon Baswant,1394.37,1774.65,1584.51,1719.3
2024-05-20,Onion,Pimpalgaon Baswant,1415.43,1801.45,1608.44,2639.3
2024-05-21,Onion,Pimpalgaon Baswant,1342.52,1708.66,1525.59,2336.3
2024-05-22,Onion,Pimpalgaon Baswant,1328.96,1691.4,1510.18,3335.2
2024-05-23,Onion,Pimpalgaon Baswant,1252.13,1593.63,1422.88,544.4
2024-05-24,Onion,Pimpalgaon Baswant,1336.32,1700.76,1518.54,788.6
2024-05-25,Onion,Pimpalgaon Baswant,1372.83,1747.23,1560.03,1717.1
2024-05-26,Onion,Pimpalgaon Baswant,1363.85,1735.81,1549.83,3076.9
2024-05-27,Onion,Pimpalgaon Baswant,1274.43,1622.01,1448.22,3157.3
2024-05-28,Onion,Pimpalgaon Baswant,1331.46,1694.58,1513.02,1553.3
2024-05-29,Onion,Pimpalgaon Baswant,1296.55,1650.15,1473.35,2964.4
2024-05-30,Onion,Pimpalgaon Baswant,1238.67,1576.49,1407.58,3359.0
2024-05-31,Onion,Pimpalgaon Baswant,1162.0,1478.9,1320.45,3312.0
2024-06-01,Onion,Pimpalgaon Baswant,1243.12,1582.16,1412.64,1115.6
2024-06-02,Onion,Pimpalgaon Baswant,1296.13,1649.63,1472.88,427.0
2024-06-03,Onion,Pimpalgaon Baswant,1274.22,1621.74,1447.98,1294.6
2024-06-04,Onion,Pimpalgaon Baswant,1317.47,1676.77,1497.12,917.1
2024-06-05,Onion,Pimpalgaon Baswant,1231.29,1567.09,1399.19,2667.3
2024-06-06,Onion,Pimpalgaon Baswant,1300.12,1654.7,1477.41,1345.8
2024-06-07,Onion,Pimpalgaon Baswant,1312.71,1670.73,1491.72,840.4
2024-06-08,Onion,Pimpalgaon Baswant,1402.46,1784.94,1593.7,1313.3
2024-06-09,Onion,Pimpalgaon Baswant,1428.43,1818.01,1623.22,2698.4
2024-06-10,Onion,Pimpalgaon Baswant,1386.48,1764.62,1575.55,472.5
2024-06-11,Onion,Pimpalgaon Baswant,1302.98,1658.34,1480.66,3423.6
2024-06-12,Onion,Pimpalgaon Baswant,1360.55,1731.61,1546.08,668.5
2024-06-13,Onion,Pimpalgaon Baswant,1301.71,1656.73,1479.22,413.7
2024-06-14,Onion,Pimpalgaon Baswant,1346.28,1713.44,1529.86,1214.1
2024-06-15,Onion,Pimpalgaon Baswant,1401.27,1783.43,1592.35,989.4
2024-06-16,Onion,Pimpalgaon Baswant,1348.26,1715.96,1532.11,1658.1
2024-06-17,Onion,Pimpalgaon Baswant,1380.75,1757.31,1569.03,1282.4
2024-06-18,Onion,Pimpalgaon Baswant,1438.15,1830.37,1634.26,3116.2
2024-06-19,Onion,Pimpalgaon Baswant,1444.53,1838.49,1641.51,2952.3
2024-06-20,Onion,Pimpalgaon Baswant,1402.47,1784.97,1593.72,3454.4
2024-06-21,Onion,Pimpalgaon Baswant,1303.31,1658.75,1481.03,1802.2
2024-06-22,Onion,Pimpalgaon Baswant,1332.44,1695.84,1514.14,3387.3
2024-06-23,Onion,Pimpalgaon Baswant,1316.95,1676.11,1496.53,2545.5
2024-06-24,Onion,Pimpalgaon Baswant,1274.7,1622.34,1448.52,2780.5
2024-06-25,Onion,Pimpalgaon Baswant,1247.66,1587.94,1417.8,1175.0
2024-06-26,Onion,Pimpalgaon Baswant,1240.37,1578.65,1409.51,2036.4
2024-06-27,Onion,Pimpalgaon Baswant,1356.78,1726.8,1541.79,2601.2
2024-06-28,Onion,Pimpalgaon Baswant,1352.36,1721.18,1536.77,2555.8
2024-06-29,Onion,Pimpalgaon Baswant,1407.23,1791.03,1599.13,3428.4
2024-06-30,Onion,Pimpalgaon Baswant,1359.46,1730.22,1544.84,3356.8
2024-07-01,Onion,Pimpalgaon Baswant,1440.52,1833.4,1636.96,1715.0
2024-07-02,Onion,Pimpalgaon Baswant,1436.88,1828.76,1632.82,2079.1
2024-07-03,Onion,Pimpalgaon Baswant,1455.0,1851.82,1653.41,707.5
2024-07-04,Onion,Pimpalgaon Baswant,1417.71,1804.35,1611.03,3232.8
2024-07-05,Onion,Pimpalgaon Baswant,1387.86,1766.36,1577.11,1522.4
2024-07-06,Onion,Pimpalgaon Baswant,1330.38,1693.22,1511.8,1869.1
2024-07-07,Onion,Pimpalgaon Baswant,1373.83,1748.51,1561.17,3340.2
2024-07-08,Onion,Pimpalgaon Baswant,1431.96,1822.5,1627.23,902.7
2024-07-09,Onion,Pimpalgaon Baswant,1471.47,1872.79,1672.13,1870.6
2024-07-10,Onion,Pimpalgaon Baswant,1468.39,1868.87,1668.63,2301.2
2024-07-11,Onion,Pimpalgaon Baswant,1476.56,1879.26,1677.91,1762.6
2024-07-12,Onion,Pimpalgaon Baswant,1544.47,1965.69,1755.08,2527.0
2024-07-13,Onion,Pimpalgaon Baswant,1537.12,1956.34,1746.73,3452.2
2024-07-14,Onion,Pimpalgaon Baswant,1507.55,1918.71,1713.13,984.9
2024-07-15,Onion,Pimpalgaon Baswant,1515.95,1929.39,1722.67,2502.5
2024-07-16,Onion,Pimpalgaon Baswant,1491.63,1898.43,1695.03,2922.6
2024-07-17,Onion,Pimpalgaon Baswant,1533.78,1952.08,1742.93,644.5
2024-07-18,Onion,Pimpalgaon Baswant,1520.46,1935.12,1727.79,684.9
2024-07-19,Onion,Pimpalgaon Baswant,1450.88,1846.58,1648.73,2424.6
2024-07-20,Onion,Pimpalgaon Baswant,1375.93,1751.19,1563.56,836.6
2024-07-21,Onion,Pimpalgaon Baswant,1303.17,1658.57,1480.87,781.5
2024-07-22,Onion,Pimpalgaon Baswant,1384.43,1762.01,1573.22,547.6
2024-07-23,Onion,Pimpalgaon Baswant,1388.77,1767.53,1578.15,1470.1
2024-07-24,Onion,Pimpalgaon Baswant,1461.43,1860.01,1660.72,3013.3
2024-07-25,Onion,Pimpalgaon Baswant,1542.9,1963.68,1753.29,3255.6
2024-07-26,Onion,Pimpalgaon Baswant,1523.77,1939.35,1731.56,2820.6
2024-07-27,Onion,Pimpalgaon Baswant,1665.3,2119.48,1892.39,2023.9
2024-07-28,Onion,Pimpalgaon Baswant,1647.82,2097.22,1872.52,2292.4
2024-07-29,Onion,Pimpalgaon Baswant,1668.31,2123.31,1895.81,2454.1
2024-07-30,Onion,Pimpalgaon Baswant,1614.8,2055.2,1835.0,476.5
2024-07-31,Onion,Pimpalgaon Baswant,1635.75,2081.87,1858.81,719.8
2024-08-01,Onion,Pimpalgaon Baswant,1606.16,2044.2,1825.18,2359.1
2024-08-02,Onion,Pimpalgaon Baswant,1639.09,2086.11,1862.6,2515.6
2024-08-03,Onion,Pimpalgaon Baswant,1749.08,2226.1,1987.59,2774.3
2024-08-04,Onion,Pimpalgaon Baswant,1782.14,2268.18,2025.16,2908.7
2024-08-05,Onion,Pimpalgaon Baswant,1689.81,2150.67,1920.24,2464.0
2024-08-06,Onion,Pimpalgaon Baswant,1595.77,2030.99,1813.38,1554.1
2024-08-07,Onion,Pimpalgaon Baswant,1535.77,1954.61,1745.19,2979.1
2024-08-08,Onion,Pimpalgaon Baswant,1649.34,2099.16,1874.25,3332.2
2024-08-09,Onion,Pimpalgaon Baswant,1616.41,2057.25,1836.83,943.7
2024-08-10,Onion,Pimpalgaon Baswant,1486.49,1891.89,1689.19,2004.8
2024-08-11,Onion,Pimpalgaon Baswant,1454.33,1850.97,1652.65,1769.6
2024-08-12,Onion,Pimpalgaon Baswant,1480.11,1883.77,1681.94,2413.3
2024-08-13,Onion,Pimpalgaon Baswant,1451.08,1846.84,1648.96,3373.8
2024-08-14,Onion,Pimpalgaon Baswant,1515.74,1929.12,1722.43,924.0
2024-08-15,Onion,Pimpalgaon Baswant,1595.95,2031.21,1813.58,2073.9
2024-08-16,Onion,Pimpalgaon Baswant,1559.28,1984.54,1771.91,2538.2
2024-08-17,Onion,Pimpalgaon Baswant,1642.95,2091.03,1866.99,2914.9
2024-08-18,Onion,Pimpalgaon Baswant,1598.25,2034.13,1816.19,2694.5
2024-08-19,Onion,Pimpalgaon Baswant,1711.91,2178.79,1945.35,444.6
2024-08-20,Onion,Pimpalgaon Baswant,1680.0,2138.18,1909.09,2798.2
2024-08-21,Onion,Pimpalgaon Baswant,1776.82,2261.4,2019.11,417.2
2024-08-22,Onion,Pimpalgaon Baswant,1770.55,2253.43,2011.99,2979.6
2024-08-23,Onion,Pimpalgaon Baswant,1718.61,2187.33,1952.97,2371.5
2024-08-24,Onion,Pimpalgaon Baswant,1715.96,2183.96,1949.96,493.0
2024-08-25,Onion,Pimpalgaon Baswant,1728.02,2199.3,1963.66,946.7
2024-08-26,Onion,Pimpalgaon Baswant,1666.2,2120.62,1893.41,2903.0
2024-08-27,Onion,Pimpalgaon Baswant,1703.58,2168.2,1935.89,3231.9
2024-08-28,Onion,Pimpalgaon Baswant,1636.23,2082.47,1859.35,2752.2
2024-08-29,Onion,Pimpalgaon Baswant,1575.14,2004.72,1789.93,3306.6
2024-08-30,Onion,Pimpalgaon Baswant,1588.55,2021.79,1805.17,2217.2
2024-08-31,Onion,Pimpalgaon Baswant,1637.31,2083.85,1860.58,424.5
2024-09-01,Onion,Pimpalgaon Baswant,1584.62,2016.78,1800.7,2405.8
2024-09-02,Onion,Pimpalgaon Baswant,1614.37,2054.65,1834.51,1376.1
2024-09-03,Onion,Pimpalgaon Baswant,1707.68,2173.42,1940.55,1528.4
2024-09-04,Onion,Pimpalgaon Baswant,1719.85,2188.91,1954.38,2936.5
2024-09-05,Onion,Pimpalgaon Baswant,1692.82,2154.5,1923.66,1781.5
2024-09-06,Onion,Pimpalgaon Baswant,1775.79,2260.09,2017.94,2080.0
2024-09-07,Onion,Pimpalgaon Baswant,1893.14,2409.46,2151.3,3275.6
2024-09-08,Onion,Pimpalgaon Baswant,1877.61,2389.69,2133.65,772.9
2024-09-09,Onion,Pimpalgaon Baswant,1897.93,2415.55,2156.74,513.7
2024-09-10,Onion,Pimpalgaon Baswant,1876.91,2388.79,2132.85,2436.5
2024-09-11,Onion,Pimpalgaon Baswant,1919.68,2443.24,2181.46,1326.8
2024-09-12,Onion,Pimpalgaon Baswant,2002.77,2548.99,2275.88,2378.0
2024-09-13,Onion,Pimpalgaon Baswant,1948.29,2479.65,2213.97,1161.4
2024-09-14,Onion,Pimpalgaon Baswant,2089.03,2658.77,2373.9,1743.9
2024-09-15,Onion,Pimpalgaon Baswant,2089.82,2659.78,2374.8,3071.2
2024-09-16,Onion,Pimpalgaon Baswant,2065.11,2628.33,2346.72,2390.2
2024-09-17,Onion,Pimpalgaon Baswant,2100.08,2672.84,2386.46,621.4
2024-09-18,Onion,Pimpalgaon Baswant,2107.94,2682.84,2395.39,2602.1
2024-09-19,Onion,Pimpalgaon Baswant,2116.42,2693.62,2405.02,1871.2
2024-09-20,Onion,Pimpalgaon Baswant,1933.66,2461.02,2197.34,1265.4
2024-09-21,Onion,Pimpalgaon Baswant,2089.4,2659.24,2374.32,1655.4
2024-09-22,Onion,Pimpalgaon Baswant,2128.05,2708.43,2418.24,1245.2
2024-09-23,Onion,Pimpalgaon Baswant,2132.06,2713.54,2422.8,1630.5
2024-09-24,Onion,Pimpalgaon Baswant,2222.72,2828.92,2525.82,2771.9
2024-09-25,Onion,Pimpalgaon Baswant,2201.17,2801.49,2501.33,698.2
2024-09-26,Onion,Pimpalgaon Baswant,2176.84,2770.52,2473.68,2776.9
2024-09-27,Onion,Pimpalgaon Baswant,2284.1,2907.04,2595.57,3292.7
2024-09-28,Onion,Pimpalgaon Baswant,2214.39,2818.31,2516.35,3106.8
2024-09-29,Onion,Pimpalgaon Baswant,2208.06,2810.26,2509.16,934.6
2024-09-30,Onion,Pimpalgaon Baswant,2284.59,2907.65,2596.12,3265.5
2024-10-01,Onion,Pimpalgaon Baswant,2296.02,2922.2,2609.11,799.1
2024-10-02,Onion,Pimpalgaon Baswant,2337.19,2974.61,2655.9,3007.9
2024-10-03,Onion,Pimpalgaon Baswant,2231.81,2840.49,2536.15,3084.8
2024-10-04,Onion,Pimpalgaon Baswant,2080.89,2648.41,2364.65,3063.3
2024-10-05,Onion,Pimpalgaon Baswant,2149.57,2735.81,2442.69,1429.0
2024-10-06,Onion,Pimpalgaon Baswant,2215.55,2819.79,2517.67,3240.9
2024-10-07,Onion,Pimpalgaon Baswant,2330.87,2966.57,2648.72,3041.5
2024-10-08,Onion,Pimpalgaon Baswant,2489.6,3168.58,2829.09,2508.3
2024-10-09,Onion,Pimpalgaon Baswant,2487.94,3166.48,2827.21,1754.3
2024-10-10,Onion,Pimpalgaon Baswant,2517.22,3203.74,2860.48,2650.3
2024-10-11,Onion,Pimpalgaon Baswant,2612.37,3324.83,2968.6,3385.9
2024-10-12,Onion,Pimpalgaon Baswant,2454.43,3123.81,2789.12,3117.8
2024-10-13,Onion,Pimpalgaon Baswant,2441.81,3107.75,2774.78,679.9
2024-10-14,Onion,Pimpalgaon Baswant,2400.27,3054.89,2727.58,3267.2
2024-10-15,Onion,Pimpalgaon Baswant,2426.78,3088.64,2757.71,3119.7
2024-10-16,Onion,Pimpalgaon Baswant,2564.41,3263.79,2914.1,3309.4
2024-10-17,Onion,Pimpalgaon Baswant,2548.3,3243.3,2895.8,2389.5
2024-10-18,Onion,Pimpalgaon Baswant,2474.42,3149.26,2811.84,1133.2
2024-10-19,Onion,Pimpalgaon Baswant,2386.52,3037.4,2711.96,1981.4
2024-10-20,Onion,Pimpalgaon Baswant,2296.8,2923.2,2610.0,3377.2
2024-10-21,Onion,Pimpalgaon Baswant,2300.82,2928.32,2614.57,802.5
2024-10-22,Onion,Pimpalgaon Baswant,2109.28,2684.54,2396.91,2017.5
2024-10-23,Onion,Pimpalgaon Baswant,2197.07,2796.27,2496.67,2958.1
2024-10-24,Onion,Pimpalgaon Baswant,2209.06,2811.54,2510.3,2412.5
2024-10-25,Onion,Pimpalgaon Baswant,2194.27,2792.71,2493.49,3289.7
2024-10-26,Onion,Pimpalgaon Baswant,2202.68,2803.42,2503.05,3264.6
2024-10-27,Onion,Pimpalgaon Baswant,2186.35,2782.63,2484.49,1976.3
2024-10-28,Onion,Pimpalgaon Baswant,2310.04,2940.06,2625.05,1604.0
2024-10-29,Onion,Pimpalgaon Baswant,2192.97,2791.05,2492.01,1813.1
2024-10-30,Onion,Pimpalgaon Baswant,2058.86,2620.36,2339.61,3156.7
2024-10-31,Onion,Pimpalgaon Baswant,2107.95,2682.85,2395.4,1620.7
2024-11-01,Onion,Pimpalgaon Baswant,2017.62,2567.88,2292.75,1808.4
2024-11-02,Onion,Pimpalgaon Baswant,2056.99,2617.99,2337.49,2083.1
2024-11-03,Onion,Pimpalgaon Baswant,2112.14,2688.18,2400.16,2263.6
2024-11-04,Onion,Pimpalgaon Baswant,1986.35,2528.09,2257.22,2417.2
2024-11-05,Onion,Pimpalgaon Baswant,2003.1,2549.4,2276.25,1645.6
2024-11-06,Onion,Pimpalgaon Baswant,2077.59,2644.21,2360.9,1839.9
2024-11-07,Onion,Pimpalgaon Baswant,2053.26,2613.24,2333.25,1941.5
2024-11-08,Onion,Pimpalgaon Baswant,1997.11,2541.77,2269.44,1419.9
2024-11-09,Onion,Pimpalgaon Baswant,2117.29,2694.73,2406.01,2416.5
2024-11-10,Onion,Pimpalgaon Baswant,2050.63,2609.89,2330.26,1476.7
2024-11-11,Onion,Pimpalgaon Baswant,2079.55,2646.71,2363.13,1733.0
2024-11-12,Onion,Pimpalgaon Baswant,2158.17,2746.77,2452.47,1558.6
2024-11-13,Onion,Pimpalgaon Baswant,2092.59,2663.29,2377.94,1414.4
2024-11-14,Onion,Pimpalgaon Baswant,2158.13,2746.71,2452.42,3281.1
2024-11-15,Onion,Pimpalgaon Baswant,2109.51,2684.83,2397.17,1892.8
2024-11-16,Onion,Pimpalgaon Baswant,2159.77,2748.79,2454.28,710.3
2024-11-17,Onion,Pimpalgaon Baswant,2175.47,2768.77,2472.12,1286.7
2024-11-18,Onion,Pimpalgaon Baswant,2292.33,2917.51,2604.92,991.4
2024-11-19,Onion,Pimpalgaon Baswant,2391.64,3043.9,2717.77,3343.8
2024-11-20,Onion,Pimpalgaon Baswant,2494.4,3174.7,2834.55,2783.4
2024-11-21,Onion,Pimpalgaon Baswant,2415.13,3073.81,2744.47,682.3
2024-11-22,Onion,Pimpalgaon Baswant,2440.57,3106.19,2773.38,826.3
2024-11-23,Onion,Pimpalgaon Baswant,2386.3,3037.12,2711.71,1627.1
2024-11-24,Onion,Pimpalgaon Baswant,2609.19,3320.79,2964.99,2631.4
2024-11-25,Onion,Pimpalgaon Baswant,2587.55,3293.25,2940.4,2054.3
2024-11-26,Onion,Pimpalgaon Baswant,2577.32,3280.22,2928.77,2591.4
2024-11-27,Onion,Pimpalgaon Baswant,2498.1,3179.4,2838.75,1076.5
2024-11-28,Onion,Pimpalgaon Baswant,2491.01,3170.37,2830.69,2598.8
2024-11-29,Onion,Pimpalgaon Baswant,2401.79,3056.83,2729.31,1611.0
2024-11-30,Onion,Pimpalgaon Baswant,2444.72,3111.46,2778.09,1566.6
2024-12-01,Onion,Pimpalgaon Baswant,2507.26,3191.06,2849.16,1137.2
2024-12-02,Onion,Pimpalgaon Baswant,2414.68,3073.22,2743.95,585.3
2024-12-03,Onion,Pimpalgaon Baswant,2350.62,2991.7,2671.16,2449.9
2024-12-04,Onion,Pimpalgaon Baswant,2420.5,3080.64,2750.57,3345.5
2024-12-05,Onion,Pimpalgaon Baswant,2383.16,3033.12,2708.14,487.0
2024-12-06,Onion,Pimpalgaon Baswant,2431.86,3095.1,2763.48,2524.9
2024-12-07,Onion,Pimpalgaon Baswant,2344.38,2983.76,2664.07,1574.8
2024-12-08,Onion,Pimpalgaon Baswant,2608.38,3319.76,2964.07,2992.8
2024-12-09,Onion,Pimpalgaon Baswant,2364.82,3009.76,2687.29,2516.5
2024-12-10,Onion,Pimpalgaon Baswant,2383.66,3033.74,2708.7,1902.4
2024-12-11,Onion,Pimpalgaon Baswant,2416.07,3074.99,2745.53,3378.9
2024-12-12,Onion,Pimpalgaon Baswant,2491.61,3171.15,2831.38,1632.3
2024-12-13,Onion,Pimpalgaon Baswant,2396.26,3049.78,2723.02,616.8
2024-12-14,Onion,Pimpalgaon Baswant,2379.15,3028.01,2703.58,1567.6
2024-12-15,Onion,Pimpalgaon Baswant,2386.68,3037.6,2712.14,3471.2
2024-12-16,Onion,Pimpalgaon Baswant,2355.71,2998.17,2676.94,1920.1
2024-12-17,Onion,Pimpalgaon Baswant,2418.63,3078.25,2748.44,2927.9
2024-12-18,Onion,Pimpalgaon Baswant,2395.91,3049.33,2722.62,893.0
2024-12-19,Onion,Pimpalgaon Baswant,2517.64,3204.28,2860.96,3091.2
2024-12-20,Onion,Pimpalgaon Baswant,2465.65,3138.11,2801.88,1004.9
2024-12-21,Onion,Pimpalgaon Baswant,2339.25,2977.23,2658.24,1975.3
2024-12-22,Onion,Pimpalgaon Baswant,2426.89,3088.77,2757.83,1976.7
2024-12-23,Onion,Pimpalgaon Baswant,2417.55,3076.89,2747.22,1274.9
2024-12-24,Onion,Pimpalgaon Baswant,2358.59,3001.85,2680.22,2820.2
2024-12-25,Onion,Pimpalgaon Baswant,2420.32,3080.4,2750.36,2261.5
2024-12-26,Onion,Pimpalgaon Baswant,2437.63,3102.43,2770.03,616.1
2024-12-27,Onion,Pimpalgaon Baswant,2495.61,3176.23,2835.92,2759.2
2024-12-28,Onion,Pimpalgaon Baswant,2368.59,3014.57,2691.58,2350.6
2024-12-29,Onion,Pimpalgaon Baswant,2410.8,3068.28,2739.54,1672.5
2024-12-30,Onion,Pimpalgaon Baswant,2500.26,3182.14,2841.2,3336.6
2024-12-31,Onion,Pimpalgaon Baswant,2524.65,3213.19,2868.92,2184.4
2025-01-01,Onion,Pimpalgaon Baswant,2437.17,3101.85,2769.51,1526.1
2025-01-02,Onion,Pimpalgaon Baswant,2533.56,3224.52,2879.04,864.4
2025-01-03,Onion,Pimpalgaon Baswant,2624.95,3340.85,2982.9,976.6
2025-01-04,Onion,Pimpalgaon Baswant,2505.06,3188.26,2846.66,2254.9
2025-01-05,Onion,Pimpalgaon Baswant,2388.4,3039.78,2714.09,1409.0
2025-01-06,Onion,Pimpalgaon Baswant,2333.11,2969.41,2651.26,3072.3
2025-01-07,Onion,Pimpalgaon Baswant,2363.19,3007.69,2685.44,520.5
2025-01-08,Onion,Pimpalgaon Baswant,2324.7,2958.72,2641.71,3484.0
2025-01-09,Onion,Pimpalgaon Baswant,2279.58,2901.28,2590.43,3283.4
2025-01-10,Onion,Pimpalgaon Baswant,2170.19,2762.07,2466.13,2365.4
2025-01-11,Onion,Pimpalgaon Baswant,2211.77,2814.97,2513.37,1751.8
2025-01-12,Onion,Pimpalgaon Baswant,2342.03,2980.77,2661.4,1120.7
2025-01-13,Onion,Pimpalgaon Baswant,2336.24,2973.4,2654.82,1630.7
2025-01-14,Onion,Pimpalgaon Baswant,2474.14,3148.9,2811.52,1942.5
2025-01-15,Onion,Pimpalgaon Baswant,2432.79,3096.27,2764.53,3257.9
2025-01-16,Onion,Pimpalgaon Baswant,2665.5,3392.46,3028.98,2518.0
2025-01-17,Onion,Pimpalgaon Baswant,2509.51,3193.93,2851.72,1527.6
2025-01-18,Onion,Pimpalgaon Baswant,2565.72,3265.46,2915.59,1231.2
2025-01-19,Onion,Pimpalgaon Baswant,2512.58,3197.84,2855.21,2213.5
2025-01-20,Onion,Pimpalgaon Baswant,2567.15,3267.29,2917.22,1029.3
2025-01-21,Onion,Pimpalgaon Baswant,2372.49,3019.53,2696.01,2249.8
2025-01-22,Onion,Pimpalgaon Baswant,2351.78,2993.18,2672.48,1243.2
2025-01-23,Onion,Pimpalgaon Baswant,2455.91,3125.71,2790.81,1790.6
2025-01-24,Onion,Pimpalgaon Baswant,2533.32,3224.22,2878.77,2120.6
2025-01-25,Onion,Pimpalgaon Baswant,2605.5,3316.1,2960.8,3021.4
2025-01-26,Onion,Pimpalgaon Baswant,2677.06,3407.16,3042.11,2746.6
2025-01-27,Onion,Pimpalgaon Baswant,2591.71,3298.53,2945.12,1254.1
2025-01-28,Onion,Pimpalgaon Baswant,2584.01,3288.73,2936.37,2582.6
2025-01-29,Onion,Pimpalgaon Baswant,2695.44,3430.56,3063.0,1787.4
2025-01-30,Onion,Pimpalgaon Baswant,2492.14,3171.82,2831.98,1470.8
2025-01-31,Onion,Pimpalgaon Baswant,2612.99,3325.63,2969.31,2092.7
2025-02-01,Onion,Pimpalgaon Baswant,2727.98,3471.98,3099.98,2315.6
2025-02-02,Onion,Pimpalgaon Baswant,2678.68,3409.24,3043.96,1095.5
2025-02-03,Onion,Pimpalgaon Baswant,2673.16,3402.2,3037.68,1696.8
2025-02-04,Onion,Pimpalgaon Baswant,2690.33,3424.05,3057.19,446.2
2025-02-05,Onion,Pimpalgaon Baswant,2607.24,3318.3,2962.77,2930.6
2025-02-06,Onion,Pimpalgaon Baswant,2500.68,3182.68,2841.68,1874.5
2025-02-07,Onion,Pimpalgaon Baswant,2475.0,3150.0,2812.5,2156.6
2025-02-08,Onion,Pimpalgaon Baswant,2613.14,3325.82,2969.48,2059.3
2025-02-09,Onion,Pimpalgaon Baswant,2410.27,3067.61,2738.94,2504.7
2025-02-10,Onion,Pimpalgaon Baswant,2460.03,3130.95,2795.49,2072.5
2025-02-11,Onion,Pimpalgaon Baswant,2673.25,3402.31,3037.78,3092.5
2025-02-12,Onion,Pimpalgaon Baswant,2665.56,3392.52,3029.04,1803.1
2025-02-13,Onion,Pimpalgaon Baswant,2643.27,3364.17,3003.72,1803.2
2025-02-14,Onion,Pimpalgaon Baswant,2533.63,3224.61,2879.12,2540.2
2025-02-15,Onion,Pimpalgaon Baswant,2407.47,3064.05,2735.76,626.4
2025-02-16,Onion,Pimpalgaon Baswant,2333.72,2970.2,2651.96,2895.2
2025-02-17,Onion,Pimpalgaon Baswant,2374.86,3022.54,2698.7,2645.2
2025-02-18,Onion,Pimpalgaon Baswant,2283.29,2906.01,2594.65,3096.8
2025-02-19,Onion,Pimpalgaon Baswant,2346.52,2986.48,2666.5,1945.4
2025-02-20,Onion,Pimpalgaon Baswant,2270.09,2889.21,2579.65,668.0
2025-02-21,Onion,Pimpalgaon Baswant,2280.85,2902.91,2591.88,1597.6
2025-02-22,Onion,Pimpalgaon Baswant,2348.48,2988.98,2668.73,3200.7
2025-02-23,Onion,Pimpalgaon Baswant,2301.09,2928.67,2614.88,1187.9
2025-02-24,Onion,Pimpalgaon Baswant,2342.81,2981.75,2662.28,1948.6
2025-02-25,Onion,Pimpalgaon Baswant,2255.84,2871.06,2563.45,3386.6
2025-02-26,Onion,Pimpalgaon Baswant,2194.36,2792.82,2493.59,1504.3
2025-02-27,Onion,Pimpalgaon Baswant,2222.81,2829.03,2525.92,1906.3
2025-02-28,Onion,Pimpalgaon Baswant,2348.55,2989.07,2668.81,1629.1
2025-03-01,Onion,Pimpalgaon Baswant,2201.24,2801.58,2501.41,801.3
2025-03-02,Onion,Pimpalgaon Baswant,2247.48,2860.42,2553.95,1399.0
2025-03-03,Onion,Pimpalgaon Baswant,2049.08,2607.92,2328.5,1264.6
2025-03-04,Onion,Pimpalgaon Baswant,2006.26,2553.42,2279.84,1101.4
2025-03-05,Onion,Pimpalgaon Baswant,1920.06,2443.72,2181.89,2478.5
2025-03-06,Onion,Pimpalgaon Baswant,1885.39,2399.59,2142.49,1680.8
2025-03-07,Onion,Pimpalgaon Baswant,1853.66,2359.2,2106.43,2131.8
2025-03-08,Onion,Pimpalgaon Baswant,1748.61,2225.51,1987.06,1599.7
2025-03-09,Onion,Pimpalgaon Baswant,1840.04,2341.88,2090.96,2759.2
2025-03-10,Onion,Pimpalgaon Baswant,1881.91,2395.15,2138.53,1513.9
2025-03-11,Onion,Pimpalgaon Baswant,1849.08,2353.38,2101.23,1490.0
2025-03-12,Onion,Pimpalgaon Baswant,1972.52,2510.48,2241.5,1388.2
2025-03-13,Onion,Pimpalgaon Baswant,2041.03,2597.67,2319.35,2641.2
2025-03-14,Onion,Pimpalgaon Baswant,2066.07,2629.55,2347.81,1273.6
2025-03-15,Onion,Pimpalgaon Baswant,2094.98,2666.34,2380.66,1881.3
2025-03-16,Onion,Pimpalgaon Baswant,2048.0,2606.54,2327.27,2135.1
2025-03-17,Onion,Pimpalgaon Baswant,2067.86,2631.82,2349.84,2691.5
2025-03-18,Onion,Pimpalgaon Baswant,1930.35,2456.81,2193.58,3192.2
2025-03-19,Onion,Pimpalgaon Baswant,1942.32,2472.04,2207.18,1383.0
2025-03-20,Onion,Pimpalgaon Baswant,1953.36,2486.1,2219.73,2694.5
2025-03-21,Onion,Pimpalgaon Baswant,1978.17,2517.67,2247.92,2690.6
2025-03-22,Onion,Pimpalgaon Baswant,1951.08,2483.2,2217.14,556.0
2025-03-23,Onion,Pimpalgaon Baswant,1907.7,2427.98,2167.84,1091.2
2025-03-24,Onion,Pimpalgaon Baswant,1866.75,2375.87,2121.31,3045.4
2025-03-25,Onion,Pimpalgaon Baswant,2080.51,2647.93,2364.22,1616.1
2025-03-26,Onion,Pimpalgaon Baswant,2165.66,2756.3,2460.98,2040.8
2025-03-27,Onion,Pimpalgaon Baswant,2222.35,2828.45,2525.4,831.7
2025-03-28,Onion,Pimpalgaon Baswant,2151.5,2738.28,2444.89,795.8
2025-03-29,Onion,Pimpalgaon Baswant,2185.79,2781.91,2483.85,862.2
2025-03-30,Onion,Pimpalgaon Baswant,2156.16,2744.2,2450.18,1692.0
2025-03-31,Onion,Pimpalgaon Baswant,2023.07,2574.81,2298.94,3373.6
2025-04-01,Onion,Pimpalgaon Baswant,2092.66,2663.38,2378.02,2064.8
2025-04-02,Onion,Pimpalgaon Baswant,1992.07,2535.37,2263.72,2230.7
2025-04-03,Onion,Pimpalgaon Baswant,1936.99,2465.27,2201.13,1726.1
2025-04-04,Onion,Pimpalgaon Baswant,1972.85,2510.91,2241.88,2698.8
2025-04-05,Onion,Pimpalgaon Baswant,1964.87,2500.75,2232.81,558.7
2025-04-06,Onion,Pimpalgaon Baswant,1755.54,2234.32,1994.93,1791.9
2025-04-07,Onion,Pimpalgaon Baswant,1654.37,2105.57,1879.97,1580.2
2025-04-08,Onion,Pimpalgaon Baswant,1547.3,1969.3,1758.3,1484.9
2025-04-09,Onion,Pimpalgaon Baswant,1673.38,2129.76,1901.57,3235.0
2025-04-10,Onion,Pimpalgaon Baswant,1663.55,2117.25,1890.4,2497.1
2025-04-11,Onion,Pimpalgaon Baswant,1636.25,2082.51,1859.38,2585.0
2025-04-12,Onion,Pimpalgaon Baswant,1678.01,2135.65,1906.83,883.6
2025-04-13,Onion,Pimpalgaon Baswant,1687.98,2148.34,1918.16,2594.1
2025-04-14,Onion,Pimpalgaon Baswant,1639.14,2086.18,1862.66,962.6
2025-04-15,Onion,Pimpalgaon Baswant,1753.05,2231.15,1992.1,446.9
2025-04-16,Onion,Pimpalgaon Baswant,1892.12,2408.16,2150.14,3337.5
2025-04-17,Onion,Pimpalgaon Baswant,1914.93,2437.19,2176.06,2673.5
2025-04-18,Onion,Pimpalgaon Baswant,1834.06,2334.26,2084.16,1816.9
2025-04-19,Onion,Pimpalgaon Baswant,1878.61,2390.95,2134.78,532.3
2025-04-20,Onion,Pimpalgaon Baswant,1898.92,2416.8,2157.86,1239.7
2025-04-21,Onion,Pimpalgaon Baswant,1946.46,2477.32,2211.89,3179.5
2025-04-22,Onion,Pimpalgaon Baswant,2043.05,2600.25,2321.65,576.7
2025-04-23,Onion,Pimpalgaon Baswant,2059.74,2621.48,2340.61,2572.1
2025-04-24,Onion,Pimpalgaon Baswant,2109.94,2685.38,2397.66,463.3
2025-04-25,Onion,Pimpalgaon Baswant,2127.73,2708.01,2417.87,2160.6
2025-04-26,Onion,Pimpalgaon Baswant,2042.11,2599.05,2320.58,2103.8
2025-04-27,Onion,Pimpalgaon Baswant,1965.74,2501.84,2233.79,3003.0
2025-04-28,Onion,Pimpalgaon Baswant,1885.85,2400.17,2143.01,1010.3
2025-04-29,Onion,Pimpalgaon Baswant,1845.51,2348.83,2097.17,3187.2
2025-04-30,Onion,Pimpalgaon Baswant,1748.01,2224.73,1986.37,2557.8
2025-05-01,Onion,Pimpalgaon Baswant,1740.49,2215.17,1977.83,3211.0
2025-05-02,Onion,Pimpalgaon Baswant,1831.93,2331.55,2081.74,3335.7
2025-05-03,Onion,Pimpalgaon Baswant,1794.18,2283.5,2038.84,2311.3
2025-05-04,Onion,Pimpalgaon Baswant,1815.2,2310.26,2062.73,3376.5
2025-05-05,Onion,Pimpalgaon Baswant,1771.0,2254.0,2012.5,1937.9
2025-05-06,Onion,Pimpalgaon Baswant,1717.74,2186.22,1951.98,2596.3
2025-05-07,Onion,Pimpalgaon Baswant,1710.88,2177.48,1944.18,489.0
2025-05-08,Onion,Pimpalgaon Baswant,1697.12,2159.98,1928.55,1796.9
2025-05-09,Onion,Pimpalgaon Baswant,1587.97,2021.05,1804.51,2365.2
2025-05-10,Onion,Pimpalgaon Baswant,1556.87,1981.47,1769.17,2129.7
2025-05-11,Onion,Pimpalgaon Baswant,1529.36,1946.46,1737.91,1385.8
2025-05-12,Onion,Pimpalgaon Baswant,1546.57,1968.37,1757.47,435.2
2025-05-13,Onion,Pimpalgaon Baswant,1521.88,1936.94,1729.41,3097.8
2025-05-14,Onion,Pimpalgaon Baswant,1428.9,1818.6,1623.75,965.8
2025-05-15,Onion,Pimpalgaon Baswant,1392.0,1771.64,1581.82,2387.4
2025-05-16,Onion,Pimpalgaon Baswant,1335.74,1700.04,1517.89,824.1
2025-05-17,Onion,Pimpalgaon Baswant,1314.36,1672.82,1493.59,2046.0
2025-05-18,Onion,Pimpalgaon Baswant,1325.73,1687.29,1506.51,2817.2
2025-05-19,Onion,Pimpalgaon Baswant,1274.88,1622.58,1448.73,2558.8
2025-05-20,Onion,Pimpalgaon Baswant,1294.11,1647.05,1470.58,586.0
2025-05-21,Onion,Pimpalgaon Baswant,1382.86,1760.0,1571.43,3192.7
2025-05-22,Onion,Pimpalgaon Baswant,1380.12,1756.52,1568.32,1779.7
2025-05-23,Onion,Pimpalgaon Baswant,1373.17,1747.67,1560.42,2389.3
2025-05-24,Onion,Pimpalgaon Baswant,1341.28,1707.08,1524.18,3364.9
2025-05-25,Onion,Pimpalgaon Baswant,1361.41,1732.71,1547.06,817.8
2025-05-26,Onion,Pimpalgaon Baswant,1411.79,1796.83,1604.31,661.2
2025-05-27,Onion,Pimpalgaon Baswant,1434.8,1826.1,1630.45,3237.8
2025-05-28,Onion,Pimpalgaon Baswant,1417.98,1804.7,1611.34,1223.1
2025-05-29,Onion,Pimpalgaon Baswant,1535.34,1954.08,1744.71,3283.5
2025-05-30,Onion,Pimpalgaon Baswant,1579.33,2010.05,1794.69,1019.4
2025-05-31,Onion,Pimpalgaon Baswant,1575.12,2004.7,1789.91,2970.4
2025-06-01,Onion,Pimpalgaon Baswant,1475.0,1877.28,1676.14,2825.4
2025-06-02,Onion,Pimpalgaon Baswant,1508.9,1920.42,1714.66,2821.3
2025-06-03,Onion,Pimpalgaon Baswant,1511.75,1924.05,1717.9,1974.1
2025-06-04,Onion,Pimpalgaon Baswant,1449.38,1844.66,1647.02,2192.6
2025-06-05,Onion,Pimpalgaon Baswant,1463.37,1862.47,1662.92,1020.4
2025-06-06,Onion,Pimpalgaon Baswant,1506.78,1917.72,1712.25,1623.9
2025-06-07,Onion,Pimpalgaon Baswant,1627.14,2070.9,1849.02,2931.1
2025-06-08,Onion,Pimpalgaon Baswant,1718.59,2187.29,1952.94,3256.2
2025-06-09,Onion,Pimpalgaon Baswant,1637.71,2084.35,1861.03,3227.3
2025-06-10,Onion,Pimpalgaon Baswant,1631.6,2076.58,1854.09,832.5
2025-06-11,Onion,Pimpalgaon Baswant,1696.73,2159.47,1928.1,2411.2
2025-06-12,Onion,Pimpalgaon Baswant,1734.2,2207.16,1970.68,719.1
2025-06-13,Onion,Pimpalgaon Baswant,1693.8,2155.74,1924.77,1566.6
2025-06-14,Onion,Pimpalgaon Baswant,1525.65,1941.73,1733.69,2569.5
2025-06-15,Onion,Pimpalgaon Baswant,1503.13,1913.07,1708.1,2181.4
2025-06-16,Onion,Pimpalgaon Baswant,1471.21,1872.45,1671.83,2855.5
2025-06-17,Onion,Pimpalgaon Baswant,1411.4,1796.32,1603.86,3096.0
2025-06-18,Onion,Pimpalgaon Baswant,1446.04,1840.42,1643.23,1960.9
2025-06-19,Onion,Pimpalgaon Baswant,1499.96,1909.04,1704.5,3232.5
2025-06-20,Onion,Pimpalgaon Baswant,1458.81,1856.67,1657.74,2525.3
2025-06-21,Onion,Pimpalgaon Baswant,1451.56,1847.44,1649.5,439.8
2025-06-22,Onion,Pimpalgaon Baswant,1422.12,1809.96,1616.04,729.5
2025-06-23,Onion,Pimpalgaon Baswant,1471.8,1873.2,1672.5,1524.7
2025-06-24,Onion,Pimpalgaon Baswant,1566.76,1994.06,1780.41,2791.7
2025-06-25,Onion,Pimpalgaon Baswant,1542.01,1962.55,1752.28,2815.1
2025-06-26,Onion,Pimpalgaon Baswant,1592.84,2027.26,1810.05,3080.8
2025-06-27,Onion,Pimpalgaon Baswant,1616.57,2057.45,1837.01,766.3
2025-06-28,Onion,Pimpalgaon Baswant,1542.08,1962.64,1752.36,2078.4
2025-06-29,Onion,Pimpalgaon Baswant,1482.18,1886.42,1684.3,1781.8
2025-06-30,Onion,Pimpalgaon Baswant,1506.65,1917.55,1712.1,1044.2
2025-07-01,Onion,Pimpalgaon Baswant,1394.18,1774.42,1584.3,2979.3
2025-07-02,Onion,Pimpalgaon Baswant,1375.7,1750.88,1563.29,2122.3
2025-07-03,Onion,Pimpalgaon Baswant,1416.91,1803.35,1610.13,2764.3
2025-07-04,Onion,Pimpalgaon Baswant,1339.2,1704.44,1521.82,838.1
2025-07-05,Onion,Pimpalgaon Baswant,1337.02,1701.66,1519.34,1477.4
2025-07-06,Onion,Pimpalgaon Baswant,1272.22,1619.18,1445.7,1306.5
2025-07-07,Onion,Pimpalgaon Baswant,1293.0,1645.64,1469.32,1117.2
2025-07-08,Onion,Pimpalgaon Baswant,1268.83,1614.87,1441.85,2960.4
2025-07-09,Onion,Pimpalgaon Baswant,1313.3,1671.48,1492.39,2102.2
2025-07-10,Onion,Pimpalgaon Baswant,1287.51,1638.65,1463.08,729.5
2025-07-11,Onion,Pimpalgaon Baswant,1308.93,1665.91,1487.42,1506.7
2025-07-12,Onion,Pimpalgaon Baswant,1280.86,1630.18,1455.52,3121.6
2025-07-13,Onion,Pimpalgaon Baswant,1288.28,1639.64,1463.96,3201.0
2025-07-14,Onion,Pimpalgaon Baswant,1266.72,1612.2,1439.46,1894.0
2025-07-15,Onion,Pimpalgaon Baswant,1322.78,1683.54,1503.16,698.5
2025-07-16,Onion,Pimpalgaon Baswant,1370.52,1744.3,1557.41,1990.0
2025-07-17,Onion,Pimpalgaon Baswant,1387.31,1765.67,1576.49,2087.4
2025-07-18,Onion,Pimpalgaon Baswant,1345.38,1712.3,1528.84,2178.9
2025-07-19,Onion,Pimpalgaon Baswant,1432.28,1822.9,1627.59,3002.6
2025-07-20,Onion,Pimpalgaon Baswant,1501.74,1911.3,1706.52,2570.0
2025-07-21,Onion,Pimpalgaon Baswant,1517.96,1931.96,1724.96,1049.8
2025-07-22,Onion,Pimpalgaon Baswant,1515.79,1929.19,1722.49,826.7
2025-07-23,Onion,Pimpalgaon Baswant,1422.94,1811.02,1616.98,2357.8
2025-07-24,Onion,Pimpalgaon Baswant,1452.76,1848.96,1650.86,1804.9
2025-07-25,Onion,Pimpalgaon Baswant,1483.5,1888.1,1685.8,3331.5
2025-07-26,Onion,Pimpalgaon Baswant,1451.06,1846.8,1648.93,3025.8
2025-07-27,Onion,Pimpalgaon Baswant,1434.24,1825.4,1629.82,429.5
2025-07-28,Onion,Pimpalgaon Baswant,1447.05,1841.71,1644.38,1074.0
2025-07-29,Onion,Pimpalgaon Baswant,1476.46,1879.14,1677.8,2953.3
2025-07-30,Onion,Pimpalgaon Baswant,1428.87,1818.57,1623.72,2215.2
2025-07-31,Onion,Pimpalgaon Baswant,1376.36,1751.72,1564.04,1297.2
2025-08-01,Onion,Pimpalgaon Baswant,1429.78,1819.72,1624.75,2702.4
2025-08-02,Onion,Pimpalgaon Baswant,1529.5,1946.64,1738.07,2311.1
2025-08-03,Onion,Pimpalgaon Baswant,1649.8,2099.74,1874.77,1181.5
2025-08-04,Onion,Pimpalgaon Baswant,1573.99,2003.25,1788.62,1914.3
2025-08-05,Onion,Pimpalgaon Baswant,1602.39,2039.41,1820.9,2864.3
2025-08-06,Onion,Pimpalgaon Baswant,1555.74,1980.04,1767.89,1106.3
2025-08-07,Onion,Pimpalgaon Baswant,1588.91,2022.25,1805.58,1688.7
2025-08-08,Onion,Pimpalgaon Baswant,1661.98,2115.24,1888.61,699.5
2025-08-09,Onion,Pimpalgaon Baswant,1678.69,2136.51,1907.6,2806.7
2025-08-10,Onion,Pimpalgaon Baswant,1536.24,1955.22,1745.73,684.8
2025-08-11,Onion,Pimpalgaon Baswant,1512.51,1925.01,1718.76,3053.3
2025-08-12,Onion,Pimpalgaon Baswant,1496.38,1904.48,1700.43,2102.9
2025-08-13,Onion,Pimpalgaon Baswant,1536.04,1954.96,1745.5,2278.7
2025-08-14,Onion,Pimpalgaon Baswant,1455.53,1852.49,1654.01,1779.1
2025-08-15,Onion,Pimpalgaon Baswant,1519.07,1933.37,1726.22,2318.8
2025-08-16,Onion,Pimpalgaon Baswant,1487.33,1892.97,1690.15,2316.9
2025-08-17,Onion,Pimpalgaon Baswant,1536.72,1955.82,1746.27,1808.8
2025-08-18,Onion,Pimpalgaon Baswant,1443.92,1837.72,1640.82,2698.1
2025-08-19,Onion,Pimpalgaon Baswant,1619.16,2060.74,1839.95,466.4
2025-08-20,Onion,Pimpalgaon Baswant,1637.54,2084.14,1860.84,3024.7
2025-08-21,Onion,Pimpalgaon Baswant,1627.71,2071.63,1849.67,1164.6
2025-08-22,Onion,Pimpalgaon Baswant,1610.17,2049.31,1829.74,1405.7
2025-08-23,Onion,Pimpalgaon Baswant,1656.55,2108.33,1882.44,514.4
2025-08-24,Onion,Pimpalgaon Baswant,1621.3,2063.48,1842.39,453.6
2025-08-25,Onion,Pimpalgaon Baswant,1611.87,2051.47,1831.67,1014.4
2025-08-26,Onion,Pimpalgaon Baswant,1623.41,2066.15,1844.78,2526.3
2025-08-27,Onion,Pimpalgaon Baswant,1706.61,2172.05,1939.33,2593.9
2025-08-28,Onion,Pimpalgaon Baswant,1666.1,2120.5,1893.3,1180.9
2025-08-29,Onion,Pimpalgaon Baswant,1627.01,2070.75,1848.88,2829.1
2025-08-30,Onion,Pimpalgaon Baswant,1573.11,2002.15,1787.63,866.3
2025-08-31,Onion,Pimpalgaon Baswant,1526.3,1942.56,1734.43,903.2
2025-09-01,Onion,Pimpalgaon Baswant,1479.03,1882.41,1680.72,1755.6
2025-09-02,Onion,Pimpalgaon Baswant,1500.57,1909.81,1705.19,1885.7
2025-09-03,Onion,Pimpalgaon Baswant,1536.52,1955.56,1746.04,878.6
2025-09-04,Onion,Pimpalgaon Baswant,1477.41,1880.35,1678.88,460.0
2025-09-05,Onion,Pimpalgaon Baswant,1578.07,2008.45,1793.26,453.7
2025-09-06,Onion,Pimpalgaon Baswant,1642.18,2090.04,1866.11,2616.6
2025-09-07,Onion,Pimpalgaon Baswant,1644.4,2092.88,1868.64,3207.4
2025-09-08,Onion,Pimpalgaon Baswant,1623.91,2066.79,1845.35,456.6
2025-09-09,Onion,Pimpalgaon Baswant,1622.29,2064.73,1843.51,1411.1
2025-09-10,Onion,Pimpalgaon Baswant,1608.32,2046.96,1827.64,1286.2
2025-09-11,Onion,Pimpalgaon Baswant,1515.06,1928.26,1721.66,3168.1
2025-09-12,Onion,Pimpalgaon Baswant,1558.29,1983.27,1770.78,3112.7
2025-09-13,Onion,Pimpalgaon Baswant,1543.17,1964.03,1753.6,475.5
2025-09-14,Onion,Pimpalgaon Baswant,1593.33,2027.87,1810.6,3129.4
2025-09-15,Onion,Pimpalgaon Baswant,1673.54,2129.96,1901.75,2317.4
2025-09-16,Onion,Pimpalgaon Baswant,1669.23,2124.47,1896.85,826.1
2025-09-17,Onion,Pimpalgaon Baswant,1687.28,2147.44,1917.36,2202.3
2025-09-18,Onion,Pimpalgaon Baswant,1735.84,2209.24,1972.54,1007.9
2025-09-19,Onion,Pimpalgaon Baswant,1745.34,2221.34,1983.34,1888.8
2025-09-20,Onion,Pimpalgaon Baswant,1753.2,2231.34,1992.27,1696.6
2025-09-21,Onion,Pimpalgaon Baswant,1761.93,2242.45,2002.19,2958.2
2025-09-22,Onion,Pimpalgaon Baswant,1857.73,2364.39,2111.06,1742.6
2025-09-23,Onion,Pimpalgaon Baswant,1881.41,2394.53,2137.97,2616.3
2025-09-24,Onion,Pimpalgaon Baswant,1866.51,2375.55,2121.03,2695.4
2025-09-25,Onion,Pimpalgaon Baswant,1970.64,2508.08,2239.36,1992.0
2025-09-26,Onion,Pimpalgaon Baswant,1947.9,2479.14,2213.52,2342.5
2025-09-27,Onion,Pimpalgaon Baswant,1968.82,2505.78,2237.3,3006.6
2025-09-28,Onion,Pimpalgaon Baswant,1996.9,2541.5,2269.2,1164.3
2025-09-29,Onion,Pimpalgaon Baswant,2038.46,2594.4,2316.43,1502.3
2025-09-30,Onion,Pimpalgaon Baswant,2099.61,2672.23,2385.92,2120.3
2025-10-01,Onion,Pimpalgaon Baswant,2056.01,2616.73,2336.37,812.1
2025-10-02,Onion,Pimpalgaon Baswant,2104.34,2678.26,2391.3,1634.5
2025-10-03,Onion,Pimpalgaon Baswant,1961.1,2495.94,2228.52,572.0
2025-10-04,Onion,Pimpalgaon Baswant,2008.54,2556.32,2282.43,1670.5
2025-10-05,Onion,Pimpalgaon Baswant,1988.18,2530.42,2259.3,2656.3
2025-10-06,Onion,Pimpalgaon Baswant,1978.77,2518.43,2248.6,1586.1
2025-10-07,Onion,Pimpalgaon Baswant,2055.14,2615.64,2335.39,2186.1
2025-10-08,Onion,Pimpalgaon Baswant,2133.4,2715.24,2424.32,557.4
2025-10-09,Onion,Pimpalgaon Baswant,2012.47,2561.33,2286.9,2334.1
2025-10-10,Onion,Pimpalgaon Baswant,2000.73,2546.39,2273.56,2681.0
2025-10-11,Onion,Pimpalgaon Baswant,2052.03,2611.67,2331.85,2815.6
2025-10-12,Onion,Pimpalgaon Baswant,1959.21,2493.55,2226.38,2035.6
2025-10-13,Onion,Pimpalgaon Baswant,1900.21,2418.45,2159.33,1128.0
2025-10-14,Onion,Pimpalgaon Baswant,1854.12,2359.8,2106.96,2442.2
2025-10-15,Onion,Pimpalgaon Baswant,1896.7,2413.98,2155.34,1519.9
2025-10-16,Onion,Pimpalgaon Baswant,1933.78,2461.18,2197.48,411.7
2025-10-17,Onion,Pimpalgaon Baswant,1917.98,2441.06,2179.52,3021.4
2025-10-18,Onion,Pimpalgaon Baswant,1939.09,2467.93,2203.51,3328.2
2025-10-19,Onion,Pimpalgaon Baswant,1982.65,2523.37,2253.01,1117.7
2025-10-20,Onion,Pimpalgaon Baswant,2016.53,2566.49,2291.51,443.1
2025-10-21,Onion,Pimpalgaon Baswant,1981.19,2521.51,2251.35,2725.0
2025-10-22,Onion,Pimpalgaon Baswant,2103.02,2676.56,2389.79,3304.9
2025-10-23,Onion,Pimpalgaon Baswant,2196.45,2795.49,2495.97,3227.9
2025-10-24,Onion,Pimpalgaon Baswant,2268.16,2886.74,2577.45,1956.2
2025-10-25,Onion,Pimpalgaon Baswant,2165.36,2755.92,2460.64,1626.5
2025-10-26,Onion,Pimpalgaon Baswant,2174.54,2767.6,2471.07,3405.6
2025-10-27,Onion,Pimpalgaon Baswant,2109.62,2684.98,2397.3,2517.5
2025-10-28,Onion,Pimpalgaon Baswant,2065.44,2628.74,2347.09,682.7
2025-10-29,Onion,Pimpalgaon Baswant,2016.7,2566.7,2291.7,1961.5
2025-10-30,Onion,Pimpalgaon Baswant,2098.83,2671.23,2385.03,2233.8
2025-10-31,Onion,Pimpalgaon Baswant,2215.87,2820.19,2518.03,1553.4
2025-11-01,Onion,Pimpalgaon Baswant,2340.03,2978.23,2659.13,1640.5
2025-11-02,Onion,Pimpalgaon Baswant,2428.55,3090.89,2759.72,2766.2
2025-11-03,Onion,Pimpalgaon Baswant,2486.45,3164.57,2825.51,1969.6
2025-11-04,Onion,Pimpalgaon Baswant,2549.01,3244.19,2896.6,1214.9
2025-11-05,Onion,Pimpalgaon Baswant,2525.17,3213.85,2869.51,840.1
2025-11-06,Onion,Pimpalgaon Baswant,2508.99,3193.27,2851.13,1289.5
2025-11-07,Onion,Pimpalgaon Baswant,2350.58,2991.64,2671.11,1810.6
2025-11-08,Onion,Pimpalgaon Baswant,2447.32,3114.76,2781.04,443.0
2025-11-09,Onion,Pimpalgaon Baswant,2393.95,3046.85,2720.4,3090.4
2025-11-10,Onion,Pimpalgaon Baswant,2373.07,3020.27,2696.67,3147.7
2025-11-11,Onion,Pimpalgaon Baswant,2326.75,2961.31,2644.03,1649.8
2025-11-12,Onion,Pimpalgaon Baswant,2283.4,2906.14,2594.77,1379.3
2025-11-13,Onion,Pimpalgaon Baswant,2358.0,3001.1,2679.55,2648.9
2025-11-14,Onion,Pimpalgaon Baswant,2418.41,3077.97,2748.19,2174.5
2025-11-15,Onion,Pimpalgaon Baswant,2334.16,2970.74,2652.45,718.0
2025-11-16,Onion,Pimpalgaon Baswant,2477.37,3153.01,2815.19,523.9
2025-11-17,Onion,Pimpalgaon Baswant,2473.09,3147.57,2810.33,2904.3
2025-11-18,Onion,Pimpalgaon Baswant,2427.96,3090.14,2759.05,1361.3
2025-11-19,Onion,Pimpalgaon Baswant,2330.35,2965.91,2648.13,952.6
2025-11-20,Onion,Pimpalgaon Baswant,2406.8,3063.2,2735.0,2480.0
2025-11-21,Onion,Pimpalgaon Baswant,2480.75,3157.31,2819.03,2709.6
2025-11-22,Onion,Pimpalgaon Baswant,2584.51,3289.37,2936.94,2376.3
2025-11-23,Onion,Pimpalgaon Baswant,2420.32,3080.4,2750.36,426.1
2025-11-24,Onion,Pimpalgaon Baswant,2422.45,3083.11,2752.78,2387.6
2025-11-25,Onion,Pimpalgaon Baswant,2334.27,2970.89,2652.58,1436.8
2025-11-26,Onion,Pimpalgaon Baswant,2433.02,3096.56,2764.79,1127.1
2025-11-27,Onion,Pimpalgaon Baswant,2567.0,3267.08,2917.04,2789.2
2025-11-28,Onion,Pimpalgaon Baswant,2494.92,3175.36,2835.14,708.0
2025-11-29,Onion,Pimpalgaon Baswant,2347.88,2988.2,2668.04,2013.6
2025-11-30,Onion,Pimpalgaon Baswant,2355.99,2998.53,2677.26,2139.4
2025-12-01,Onion,Pimpalgaon Baswant,2440.52,3106.12,2773.32,2038.4
2025-12-02,Onion,Pimpalgaon Baswant,2422.66,3083.38,2753.02,587.2
2025-12-03,Onion,Pimpalgaon Baswant,2271.87,2891.47,2581.67,3143.0
2025-12-04,Onion,Pimpalgaon Baswant,2352.6,2994.22,2673.41,1919.0
2025-12-05,Onion,Pimpalgaon Baswant,2320.75,2953.69,2637.22,536.5
2025-12-06,Onion,Pimpalgaon Baswant,2470.71,3144.55,2807.63,2341.8
2025-12-07,Onion,Pimpalgaon Baswant,2651.14,3374.18,3012.66,2323.1
2025-12-08,Onion,Pimpalgaon Baswant,2510.33,3194.97,2852.65,2249.0
2025-12-09,Onion,Pimpalgaon Baswant,2620.12,3334.7,2977.41,475.0
2025-12-10,Onion,Pimpalgaon Baswant,2571.22,3272.46,2921.84,2207.6
2025-12-11,Onion,Pimpalgaon Baswant,2571.53,3272.85,2922.19,2226.4
2025-12-12,Onion,Pimpalgaon Baswant,2675.38,3405.04,3040.21,1887.2
2025-12-13,Onion,Pimpalgaon Baswant,2664.5,3391.18,3027.84,3232.1
2025-12-14,Onion,Pimpalgaon Baswant,2683.82,3415.76,3049.79,719.6
2025-12-15,Onion,Pimpalgaon Baswant,2576.48,3279.16,2927.82,2789.0
2025-12-16,Onion,Pimpalgaon Baswant,2720.64,3462.64,3091.64,2598.8
2025-12-17,Onion,Pimpalgaon Baswant,2904.66,3696.84,3300.75,3164.1
2025-12-18,Onion,Pimpalgaon Baswant,3123.47,3975.33,3549.4,468.1
2025-12-19,Onion,Pimpalgaon Baswant,3214.68,4091.42,3653.05,1085.5
2025-12-20,Onion,Pimpalgaon Baswant,3133.45,3988.03,3560.74,1442.5
2025-12-21,Onion,Pimpalgaon Baswant,3167.31,4031.13,3599.22,2755.9
2025-12-22,Onion,Pimpalgaon Baswant,3008.17,3828.57,3418.37,894.9
2025-12-23,Onion,Pimpalgaon Baswant,2879.41,3664.71,3272.06,2436.7
2025-12-24,Onion,Pimpalgaon Baswant,2845.34,3621.34,3233.34,2703.1
2025-12-25,Onion,Pimpalgaon Baswant,2859.91,3639.89,3249.9,2766.7
2025-12-26,Onion,Pimpalgaon Baswant,2851.95,3629.75,3240.85,637.7
2025-12-27,Onion,Pimpalgaon Baswant,2946.86,3750.54,3348.7,3491.4
2025-12-28,Onion,Pimpalgaon Baswant,2889.59,3677.67,3283.63,1827.8
2025-12-29,Onion,Pimpalgaon Baswant,2919.3,3715.48,3317.39,2339.9
2025-12-30,Onion,Pimpalgaon Baswant,2755.37,3506.83,3131.1,3344.2
2025-12-31,Onion,Pimpalgaon Baswant,2814.28,3581.82,3198.05,1213.3
2026-01-01,Onion,Pimpalgaon Baswant,2745.78,3494.62,3120.2,1507.8
2026-01-02,Onion,Pimpalgaon Baswant,2714.21,3454.45,3084.33,1551.1
2026-01-03,Onion,Pimpalgaon Baswant,2757.73,3509.83,3133.78,3142.3
2026-01-04,Onion,Pimpalgaon Baswant,2751.8,3502.28,3127.04,1022.4
2026-01-05,Onion,Pimpalgaon Baswant,2614.86,3328.0,2971.43,812.6
2026-01-06,Onion,Pimpalgaon Baswant,2693.33,3427.87,3060.6,2844.2
2026-01-07,Onion,Pimpalgaon Baswant,2552.07,3248.09,2900.08,3222.5
2026-01-08,Onion,Pimpalgaon Baswant,2525.77,3214.61,2870.19,1678.2
2026-01-09,Onion,Pimpalgaon Baswant,2534.85,3226.17,2880.51,1261.2
2026-01-10,Onion,Pimpalgaon Baswant,2578.52,3281.76,2930.14,3262.5
2026-01-11,Onion,Pimpalgaon Baswant,2581.01,3284.93,2932.97,2824.5
2026-01-12,Onion,Pimpalgaon Baswant,2617.62,3331.52,2974.57,1164.0
2026-01-13,Onion,Pimpalgaon Baswant,2778.07,3535.73,3156.9,668.7
2026-01-14,Onion,Pimpalgaon Baswant,2694.55,3429.43,3061.99,471.3
2026-01-15,Onion,Pimpalgaon Baswant,2791.51,3552.83,3172.17,3429.2
2026-01-16,Onion,Pimpalgaon Baswant,2672.58,3401.46,3037.02,988.2
2026-01-17,Onion,Pimpalgaon Baswant,2619.31,3333.67,2976.49,3369.1
2026-01-18,Onion,Pimpalgaon Baswant,2525.74,3214.58,2870.16,3390.3
2026-01-19,Onion,Pimpalgaon Baswant,2380.95,3030.29,2705.62,1501.2
2026-01-20,Onion,Pimpalgaon Baswant,2531.12,3221.42,2876.27,1704.7
2026-01-21,Onion,Pimpalgaon Baswant,2549.59,3244.93,2897.26,2421.1
2026-01-22,Onion,Pimpalgaon Baswant,2628.23,3345.03,2986.63,2253.8
2026-01-23,Onion,Pimpalgaon Baswant,2569.5,3270.28,2919.89,2900.3
2026-01-24,Onion,Pimpalgaon Baswant,2570.12,3271.06,2920.59,1527.4
2026-01-25,Onion,Pimpalgaon Baswant,2683.68,3415.6,3049.64,3050.9
2026-01-26,Onion,Pimpalgaon Baswant,2703.57,3440.91,3072.24,1679.1
2026-01-27,Onion,Pimpalgaon Baswant,2624.1,3339.76,2981.93,1512.1
2026-01-28,Onion,Pimpalgaon Baswant,2546.88,3241.48,2894.18,906.4
2026-01-29,Onion,Pimpalgaon Baswant,2517.11,3203.59,2860.35,2505.2
2026-01-30,Onion,Pimpalgaon Baswant,2726.52,3470.12,3098.32,730.1
2026-01-31,Onion,Pimpalgaon Baswant,2890.66,3679.02,3284.84,2152.3
2026-02-01,Onion,Pimpalgaon Baswant,2759.9,3512.6,3136.25,1408.9
2026-02-02,Onion,Pimpalgaon Baswant,2745.02,3493.66,3119.34,444.1
2026-02-03,Onion,Pimpalgaon Baswant,2759.8,3512.48,3136.14,1724.9
2026-02-04,Onion,Pimpalgaon Baswant,2791.76,3553.14,3172.45,2933.3
2026-02-05,Onion,Pimpalgaon Baswant,2586.91,3292.43,2939.67,2853.8
2026-02-06,Onion,Pimpalgaon Baswant,2609.42,3321.08,2965.25,1261.3
2026-02-07,Onion,Pimpalgaon Baswant,2659.63,3384.99,3022.31,478.7
2026-02-08,Onion,Pimpalgaon Baswant,2589.11,3295.23,2942.17,3267.0
2026-02-09,Onion,Pimpalgaon Baswant,2625.37,3341.39,2983.38,2856.6
2026-02-10,Onion,Pimpalgaon Baswant,2754.23,3505.39,3129.81,2557.5
2026-02-11,Onion,Pimpalgaon Baswant,2725.5,3468.82,3097.16,1663.5
2026-02-12,Onion,Pimpalgaon Baswant,2745.64,3494.44,3120.04,1888.5
2026-02-13,Onion,Pimpalgaon Baswant,2834.42,3607.44,3220.93,1834.7
2026-02-14,Onion,Pimpalgaon Baswant,2797.09,3559.93,3178.51,1029.1
2026-02-15,Onion,Pimpalgaon Baswant,2767.46,3522.22,3144.84,1130.3
2026-02-16,Onion,Pimpalgaon Baswant,2791.13,3552.35,3171.74,948.5
2026-02-17,Onion,Pimpalgaon Baswant,2630.18,3347.5,2988.84,1471.8
2026-02-18,Onion,Pimpalgaon Baswant,2427.47,3089.51,2758.49,1846.1
2026-02-19,Onion,Pimpalgaon Baswant,2469.64,3143.18,2806.41,1874.2
2026-02-20,Onion,Pimpalgaon Baswant,2463.73,3135.65,2799.69,762.9
2026-02-21,Onion,Pimpalgaon Baswant,2470.71,3144.53,2807.62,1693.6
2026-02-22,Onion,Pimpalgaon Baswant,2461.38,3132.66,2797.02,720.7
2026-02-23,Onion,Pimpalgaon Baswant,2578.86,3282.18,2930.52,552.0
2026-02-24,Onion,Pimpalgaon Baswant,2662.38,3388.48,3025.43,865.7
2026-02-25,Onion,Pimpalgaon Baswant,2694.16,3428.94,3061.55,2755.9
2026-02-26,Onion,Pimpalgaon Baswant,2789.86,3550.72,3170.29,952.8
2026-02-27,Onion,Pimpalgaon Baswant,2706.02,3444.02,3075.02,1061.5
2026-02-28,Onion,Pimpalgaon Baswant,2565.15,3264.73,2914.94,2526.0
2026-03-01,Onion,Pimpalgaon Baswant,2620.98,3335.8,2978.39,1313.3
2026-03-02,Onion,Pimpalgaon Baswant,2425.46,3086.96,2756.21,484.5
2026-03-03,Onion,Pimpalgaon Baswant,2332.98,2969.24,2651.11,1964.9
2026-03-04,Onion,Pimpalgaon Baswant,2161.05,2750.43,2455.74,1435.3
2026-03-05,Onion,Pimpalgaon Baswant,2120.64,2699.0,2409.82,2344.8
2026-03-06,Onion,Pimpalgaon Baswant,2167.31,2758.39,2462.85,2582.2
2026-03-07,Onion,Pimpalgaon Baswant,2136.9,2719.68,2428.29,1184.1
2026-03-08,Onion,Pimpalgaon Baswant,2048.95,2607.75,2328.35,3083.9
2026-03-09,Onion,Pimpalgaon Baswant,2016.7,2566.7,2291.7,1259.7
2026-03-10,Onion,Pimpalgaon Baswant,1963.39,2498.87,2231.13,571.0
2026-03-11,Onion,Pimpalgaon Baswant,2085.69,2654.51,2370.1,2629.9
2026-03-12,Onion,Pimpalgaon Baswant,2155.83,2743.79,2449.81,3083.3
2026-03-13,Onion,Pimpalgaon Baswant,2128.12,2708.52,2418.32,2877.1
2026-03-14,Onion,Pimpalgaon Baswant,2213.38,2817.04,2515.21,709.5
2026-03-15,Onion,Pimpalgaon Baswant,2252.47,2866.79,2559.63,3060.2
2026-03-16,Onion,Pimpalgaon Baswant,2278.95,2900.49,2589.72,1649.4
2026-03-17,Onion,Pimpalgaon Baswant,2227.02,2834.38,2530.7,446.5
2026-03-18,Onion,Pimpalgaon Baswant,2297.79,2924.45,2611.12,877.8
2026-03-19,Onion,Pimpalgaon Baswant,2308.21,2937.73,2622.97,877.8
2026-03-20,Onion,Pimpalgaon Baswant,2269.53,2888.49,2579.01,1285.0
2026-03-21,Onion,Pimpalgaon Baswant,2248.22,2861.38,2554.8,2513.8
2026-03-22,Onion,Pimpalgaon Baswant,2181.81,2776.85,2479.33,3309.6
2026-03-23,Onion,Pimpalgaon Baswant,2059.06,2620.62,2339.84,1216.2
2026-03-24,Onion,Pimpalgaon Baswant,1996.31,2540.75,2268.53,1762.1
2026-03-25,Onion,Pimpalgaon Baswant,2031.96,2586.14,2309.05,1672.8
2026-03-26,Onion,Pimpalgaon Baswant,2019.13,2569.81,2294.47,473.9
2026-03-27,Onion,Pimpalgaon Baswant,2135.43,2717.81,2426.62,1354.0
2026-03-28,Onion,Pimpalgaon Baswant,2113.91,2690.43,2402.17,1400.0
2026-03-29,Onion,Pimpalgaon Baswant,2040.54,2597.04,2318.79,2095.1
2026-03-30,Onion,Pimpalgaon Baswant,2092.19,2662.79,2377.49,2905.0
2026-03-31,Onion,Pimpalgaon Baswant,2095.35,2666.81,2381.08,2640.6
2026-04-01,Onion,Pimpalgaon Baswant,2058.87,2620.37,2339.62,2973.5
2026-04-02,Onion,Pimpalgaon Baswant,2012.33,2561.15,2286.74,420.9
2026-04-03,Onion,Pimpalgaon Baswant,1996.05,2540.43,2268.24,2441.5
2026-04-04,Onion,Pimpalgaon Baswant,1960.46,2495.14,2227.8,3255.4
2026-04-05,Onion,Pimpalgaon Baswant,2059.85,2621.63,2340.74,1374.0
2026-04-06,Onion,Pimpalgaon Baswant,2090.89,2661.13,2376.01,2009.9
2026-04-07,Onion,Pimpalgaon Baswant,2057.98,2619.24,2338.61,574.8
2026-04-08,Onion,Pimpalgaon Baswant,2025.83,2578.33,2302.08,2902.8
2026-04-09,Onion,Pimpalgaon Baswant,1985.24,2526.68,2255.96,1951.1
2026-04-10,Onion,Pimpalgaon Baswant,2054.55,2614.89,2334.72,1268.6
2026-04-11,Onion,Pimpalgaon Baswant,2070.94,2635.74,2353.34,2986.0
2026-04-12,Onion,Pimpalgaon Baswant,1982.24,2522.86,2252.55,2567.5
2026-04-13,Onion,Pimpalgaon Baswant,1939.15,2468.01,2203.58,2649.8
2026-04-14,Onion,Pimpalgaon Baswant,1847.71,2351.63,2099.67,1995.6
2026-04-15,Onion,Pimpalgaon Baswant,1876.25,2387.95,2132.1,2841.5
2026-04-16,Onion,Pimpalgaon Baswant,1874.6,2385.86,2130.23,3051.9
2026-04-17,Onion,Pimpalgaon Baswant,2030.68,2584.5,2307.59,1298.6
2026-04-18,Onion,Pimpalgaon Baswant,2010.75,2559.13,2284.94,2610.6
2026-04-19,Onion,Pimpalgaon Baswant,1969.16,2506.2,2237.68,517.7
2026-04-20,Onion,Pimpalgaon Baswant,1940.41,2469.61,2205.01,2982.7
2026-04-21,Onion,Pimpalgaon Baswant,1829.47,2328.41,2078.94,3055.0
2026-04-22,Onion,Pimpalgaon Baswant,1838.72,2340.2,2089.46,1184.2
2026-04-23,Onion,Pimpalgaon Baswant,1773.67,2257.39,2015.53,2841.0
2026-04-24,Onion,Pimpalgaon Baswant,1744.56,2220.36,1982.46,1444.1
2026-04-25,Onion,Pimpalgaon Baswant,1793.27,2282.35,2037.81,3188.0
2026-04-26,Onion,Pimpalgaon Baswant,1804.81,2297.03,2050.92,2032.3
2026-04-27,Onion,Pimpalgaon Baswant,1785.9,2272.96,2029.43,2226.7
2026-04-28,Onion,Pimpalgaon Baswant,1809.46,2302.96,2056.21,2149.0
2026-04-29,Onion,Pimpalgaon Baswant,1716.38,2184.48,1950.43,528.6
2026-04-30,Onion,Pimpalgaon Baswant,1677.3,2134.74,1906.02,462.1
2026-05-01,Onion,Pimpalgaon Baswant,1716.36,2184.46,1950.41,2294.3
2026-05-02,Onion,Pimpalgaon Baswant,1691.71,2153.09,1922.4,2295.4
2026-05-03,Onion,Pimpalgaon Baswant,1718.08,2186.64,1952.36,478.8
2026-05-04,Onion,Pimpalgaon Baswant,1753.73,2232.03,1992.88,662.5
2026-05-05,Onion,Pimpalgaon Baswant,1836.65,2337.55,2087.1,875.5
2026-05-06,Onion,Pimpalgaon Baswant,1897.9,2415.5,2156.7,782.3
2026-05-07,Onion,Pimpalgaon Baswant,1990.76,2533.7,2262.23,1832.4
2026-05-08,Onion,Pimpalgaon Baswant,2018.06,2568.44,2293.25,2235.1
2026-05-09,Onion,Pimpalgaon Baswant,1911.14,2432.36,2171.75,874.2
2026-05-10,Onion,Pimpalgaon Baswant,1915.47,2437.87,2176.67,2958.0
2026-05-11,Onion,Pimpalgaon Baswant,1791.79,2280.45,2036.12,2351.9
2026-05-12,Onion,Pimpalgaon Baswant,1731.89,2204.23,1968.06,413.8
2026-05-13,Onion,Pimpalgaon Baswant,1712.94,2180.1,1946.52,2997.2
2026-05-14,Onion,Pimpalgaon Baswant,1714.62,2182.24,1948.43,3254.9
2026-05-15,Onion,Pimpalgaon Baswant,1703.72,2168.38,1936.05,2020.1
2026-05-16,Onion,Pimpalgaon Baswant,1679.51,2137.55,1908.53,699.2
2026-05-17,Onion,Pimpalgaon Baswant,1608.69,2047.43,1828.06,2278.8
2026-05-18,Onion,Pimpalgaon Baswant,1469.56,1870.34,1669.95,712.9
2026-05-19,Onion,Pimpalgaon Baswant,1478.64,1881.9,1680.27,2413.5
2026-05-20,Onion,Pimpalgaon Baswant,1480.81,1884.67,1682.74,2321.2
2026-05-21,Onion,Pimpalgaon Baswant,1552.46,1975.86,1764.16,1994.8
2026-05-22,Onion,Pimpalgaon Baswant,1554.92,1979.0,1766.96,1377.7
2026-05-23,Onion,Pimpalgaon Baswant,1383.38,1760.66,1572.02,2854.1
2026-05-24,Onion,Pimpalgaon Baswant,1368.31,1741.49,1554.9,2406.4
2026-05-25,Onion,Pimpalgaon Baswant,1468.3,1868.74,1668.52,2687.3
2026-05-26,Onion,Pimpalgaon Baswant,1491.39,1898.13,1694.76,1151.7
2026-05-27,Onion,Pimpalgaon Baswant,1481.88,1886.04,1683.96,2269.5
2026-05-28,Onion,Pimpalgaon Baswant,1504.4,1914.68,1709.54,1173.3
2026-05-29,Onion,Pimpalgaon Baswant,1470.94,1872.1,1671.52,811.8
2026-05-30,Onion,Pimpalgaon Baswant,1597.05,2032.61,1814.83,789.1
2026-05-31,Onion,Pimpalgaon Baswant,1590.84,2024.7,1807.77,1608.5
2026-06-01,Onion,Pimpalgaon Baswant,1640.82,2088.32,1864.57,3345.7
2026-06-02,Onion,Pimpalgaon Baswant,1715.14,2182.9,1949.02,761.3
2026-06-03,Onion,Pimpalgaon Baswant,1701.14,2165.08,1933.11,975.3
2026-06-04,Onion,Pimpalgaon Baswant,1712.06,2178.98,1945.52,842.9
2026-06-05,Onion,Pimpalgaon Baswant,1703.17,2167.67,1935.42,2227.3
2026-06-06,Onion,Pimpalgaon Baswant,1679.46,2137.5,1908.48,1359.3
2026-06-07,Onion,Pimpalgaon Baswant,1636.15,2082.37,1859.26,1396.3
2026-06-08,Onion,Pimpalgaon Baswant,1673.36,2129.74,1901.55,3009.2
2026-06-09,Onion,Pimpalgaon Baswant,1712.35,2179.35,1945.85,1074.1
2026-06-10,Onion,Pimpalgaon Baswant,1690.54,2151.6,1921.07,1001.6
2026-06-11,Onion,Pimpalgaon Baswant,1719.24,2188.12,1953.68,734.7
2026-06-12,Onion,Pimpalgaon Baswant,1656.64,2108.44,1882.54,698.0
2026-06-13,Onion,Pimpalgaon Baswant,1676.57,2133.81,1905.19,2194.0
2026-06-14,Onion,Pimpalgaon Baswant,1675.1,2131.94,1903.52,2913.7
2026-06-15,Onion,Pimpalgaon Baswant,1794.3,2283.66,2038.98,2729.8
2026-06-16,Onion,Pimpalgaon Baswant,1698.86,2162.18,1930.52,3051.0
2026-06-17,Onion,Pimpalgaon Baswant,1656.76,2108.6,1882.68,1780.4
2026-06-18,Onion,Pimpalgaon Baswant,1645.64,2094.44,1870.04,2167.4
2026-06-19,Onion,Pimpalgaon Baswant,1605.86,2043.82,1824.84,880.4
2026-06-20,Onion,Pimpalgaon Baswant,1617.07,2058.09,1837.58,2830.5
2026-06-21,Onion,Pimpalgaon Baswant,1488.96,1895.04,1692.0,505.1
2026-06-22,Onion,Pimpalgaon Baswant,1488.48,1894.44,1691.46,1526.1
2026-06-23,Onion,Pimpalgaon Baswant,1509.97,1921.77,1715.87,1198.8
2026-06-24,Onion,Pimpalgaon Baswant,1517.86,1931.82,1724.84,2933.6
2026-06-25,Onion,Pimpalgaon Baswant,1477.55,1880.51,1679.03,692.7
2026-06-26,Onion,Pimpalgaon Baswant,1456.39,1853.59,1654.99,2148.6
2026-06-27,Onion,Pimpalgaon Baswant,1433.76,1824.78,1629.27,3330.0
2026-06-28,Onion,Pimpalgaon Baswant,1398.13,1779.43,1588.78,3251.7
2026-06-29,Onion,Pimpalgaon Baswant,1383.3,1760.56,1571.93,3409.1
2026-06-30,Onion,Pimpalgaon Baswant,1479.65,1883.19,1681.42,2765.5
2026-07-01,Onion,Pimpalgaon Baswant,1514.28,1927.26,1720.77,1782.8
2026-07-02,Onion,Pimpalgaon Baswant,1432.67,1823.39,1628.03,2948.0
2026-07-03,Onion,Pimpalgaon Baswant,1514.02,1926.94,1720.48,1507.7
2026-07-04,Onion,Pimpalgaon Baswant,1481.15,1885.11,1683.13,2687.5
2026-07-05,Onion,Pimpalgaon Baswant,1544.14,1965.26,1754.7,2644.4
2026-07-06,Onion,Pimpalgaon Baswant,1531.73,1949.47,1740.6,1885.8
2026-07-07,Onion,Pimpalgaon Baswant,1504.03,1914.21,1709.12,1266.4
2026-07-08,Onion,Pimpalgaon Baswant,1411.67,1796.67,1604.17,3493.4
2026-07-09,Onion,Pimpalgaon Baswant,1383.45,1760.75,1572.1,1183.2
2026-07-10,Onion,Pimpalgaon Baswant,1404.46,1787.5,1595.98,1539.2
2026-07-11,Onion,Pimpalgaon Baswant,1482.06,1886.26,1684.16,854.6
2026-07-12,Onion,Pimpalgaon Baswant,1495.64,1903.54,1699.59,3479.6
2026-07-13,Onion,Pimpalgaon Baswant,1538.22,1957.74,1747.98,712.9
2026-07-14,Onion,Pimpalgaon Baswant,1510.41,1922.33,1716.37,3209.4
2026-07-15,Onion,Pimpalgaon Baswant,1576.77,2006.79,1791.78,2396.4
2026-07-16,Onion,Pimpalgaon Baswant,1544.12,1965.24,1754.68,1201.8
2026-07-17,Onion,Pimpalgaon Baswant,1701.48,2165.52,1933.5,2552.4
2026-07-18,Onion,Pimpalgaon Baswant,1682.01,2140.75,1911.38,2824.2
2026-07-19,Onion,Pimpalgaon Baswant,1647.14,2096.36,1871.75,2660.1
2026-07-20,Onion,Pimpalgaon Baswant,1691.4,2152.68,1922.04,775.7
2026-07-21,Onion,Pimpalgaon Baswant,1698.22,2161.38,1929.8,453.6
2026-07-22,Onion,Pimpalgaon Baswant,1613.54,2053.6,1833.57,3310.2
2026-07-23,Onion,Pimpalgaon Baswant,1610.77,2050.07,1830.42,1427.7
2026-07-24,Onion,Pimpalgaon Baswant,1514.21,1927.17,1720.69,3187.8
2026-07-25,Onion,Pimpalgaon Baswant,1572.6,2001.48,1787.04,1250.5
2026-07-26,Onion,Pimpalgaon Baswant,1585.38,2017.76,1801.57,2307.3
2026-07-27,Onion,Pimpalgaon Baswant,1619.02,2060.56,1839.79,1105.2
2026-07-28,Onion,Pimpalgaon Baswant,1628.61,2072.77,1850.69,2645.9
2026-07-29,Onion,Pimpalgaon Baswant,1658.25,2110.49,1884.37,1328.3
2026-07-30,Onion,Pimpalgaon Baswant,1671.78,2127.72,1899.75,3389.8
2026-07-31,Onion,Pimpalgaon Baswant,1649.77,2099.71,1874.74,1423.0
2026-08-01,Onion,Pimpalgaon Baswant,1658.4,2110.68,1884.54,3099.2
2026-08-02,Onion,Pimpalgaon Baswant,1723.05,2192.97,1958.01,1668.5
2026-08-03,Onion,Pimpalgaon Baswant,1698.7,2161.98,1930.34,2571.0
2026-08-04,Onion,Pimpalgaon Baswant,1744.9,2220.78,1982.84,676.6
2026-08-05,Onion,Pimpalgaon Baswant,1807.59,2300.57,2054.08,1565.9
2026-08-06,Onion,Pimpalgaon Baswant,1696.4,2159.06,1927.73,3062.1
2026-08-07,Onion,Pimpalgaon Baswant,1658.32,2110.58,1884.45,2469.4
2026-08-08,Onion,Pimpalgaon Baswant,1648.02,2097.48,1872.75,2068.5
2026-08-09,Onion,Pimpalgaon Baswant,1708.61,2174.59,1941.6,1655.5
2026-08-10,Onion,Pimpalgaon Baswant,1723.76,2193.88,1958.82,2587.3
2026-08-11,Onion,Pimpalgaon Baswant,1788.43,2276.19,2032.31,1619.7
2026-08-12,Onion,Pimpalgaon Baswant,1853.78,2359.36,2106.57,1309.3
2026-08-13,Onion,Pimpalgaon Baswant,1707.55,2173.25,1940.4,624.2
2026-08-14,Onion,Pimpalgaon Baswant,1673.8,2130.28,1902.04,1485.4
2026-08-15,Onion,Pimpalgaon Baswant,1625.67,2069.03,1847.35,947.8
2026-08-16,Onion,Pimpalgaon Baswant,1624.67,2067.77,1846.22,582.2
2026-08-17,Onion,Pimpalgaon Baswant,1644.35,2092.81,1868.58,2795.4
2026-08-18,Onion,Pimpalgaon Baswant,1667.59,2122.39,1894.99,1729.0
2026-08-19,Onion,Pimpalgaon Baswant,1673.28,2129.64,1901.46,1458.6
2026-08-20,Onion,Pimpalgaon Baswant,1667.12,2121.78,1894.45,1172.5
2026-08-21,Onion,Pimpalgaon Baswant,1706.78,2172.26,1939.52,461.3
2026-08-22,Onion,Pimpalgaon Baswant,1812.27,2306.53,2059.4,2324.3
2026-08-23,Onion,Pimpalgaon Baswant,1747.23,2223.75,1985.49,906.7
2026-08-24,Onion,Pimpalgaon Baswant,1791.8,2280.48,2036.14,2632.5
2023-01-01,Onion,Azadpur (Delhi),2823.21,3593.17,3208.19,3159.1
2023-01-02,Onion,Azadpur (Delhi),2733.16,3478.56,3105.86,531.4
2023-01-03,Onion,Azadpur (Delhi),2778.1,3535.76,3156.93,1123.1
2023-01-04,Onion,Azadpur (Delhi),2939.6,3741.3,3340.45,2675.1
2023-01-05,Onion,Azadpur (Delhi),2919.04,3715.14,3317.09,1315.9
2023-01-06,Onion,Azadpur (Delhi),2962.76,3770.78,3366.77,3354.3
2023-01-07,Onion,Azadpur (Delhi),2825.57,3596.19,3210.88,2933.9
2023-01-08,Onion,Azadpur (Delhi),2968.35,3777.91,3373.13,1595.4
2023-01-09,Onion,Azadpur (Delhi),2799.76,3563.32,3181.54,2019.7
2023-01-10,Onion,Azadpur (Delhi),2783.11,3542.13,3162.62,3123.9
2023-01-11,Onion,Azadpur (Delhi),2458.9,3129.5,2794.2,3114.3
2023-01-12,Onion,Azadpur (Delhi),2510.42,3195.08,2852.75,1146.2
2023-01-13,Onion,Azadpur (Delhi),2569.22,3269.92,2919.57,1542.0
2023-01-14,Onion,Azadpur (Delhi),2491.0,3170.36,2830.68,846.2
2023-01-15,Onion,Azadpur (Delhi),2390.95,3043.03,2716.99,3118.0
2023-01-16,Onion,Azadpur (Delhi),2555.29,3252.19,2903.74,2145.5
2023-01-17,Onion,Azadpur (Delhi),2529.03,3218.77,2873.9,2300.7
2023-01-18,Onion,Azadpur (Delhi),2619.74,3334.22,2976.98,2584.1
2023-01-19,Onion,Azadpur (Delhi),2563.99,3263.27,2913.63,552.8
2023-01-20,Onion,Azadpur (Delhi),2693.53,3428.13,3060.83,765.1
2023-01-21,Onion,Azadpur (Delhi),2861.54,3641.96,3251.75,841.2
2023-01-22,Onion,Azadpur (Delhi),2990.4,3805.96,3398.18,3275.5
2023-01-23,Onion,Azadpur (Delhi),2961.62,3769.34,3365.48,1565.7
2023-01-24,Onion,Azadpur (Delhi),3026.49,3851.89,3439.19,779.7
2023-01-25,Onion,Azadpur (Delhi),2923.84,3721.26,3322.55,549.0
2023-01-26,Onion,Azadpur (Delhi),3076.75,3915.87,3496.31,2446.7
2023-01-27,Onion,Azadpur (Delhi),3226.71,4106.73,3666.72,3368.5
2023-01-28,Onion,Azadpur (Delhi),3329.0,4236.9,3782.95,1048.5
2023-01-29,Onion,Azadpur (Delhi),3172.04,4037.14,3604.59,1631.3
2023-01-30,Onion,Azadpur (Delhi),3252.63,4139.71,3696.17,2436.0
2023-01-31,Onion,Azadpur (Delhi),3166.3,4029.84,3598.07,2079.9
2023-02-01,Onion,Azadpur (Delhi),3038.4,3867.06,3452.73,3335.2
2023-02-02,Onion,Azadpur (Delhi),3148.21,4006.81,3577.51,1080.3
2023-02-03,Onion,Azadpur (Delhi),3203.54,4077.24,3640.39,3453.2
2023-02-04,Onion,Azadpur (Delhi),3149.03,4007.85,3578.44,2073.2
2023-02-05,Onion,Azadpur (Delhi),2973.35,3784.27,3378.81,2607.2
2023-02-06,Onion,Azadpur (Delhi),3268.91,4160.43,3714.67,1528.2
2023-02-07,Onion,Azadpur (Delhi),3414.9,4346.24,3880.57,2103.3
2023-02-08,Onion,Azadpur (Delhi),3429.43,4364.73,3897.08,2510.6
2023-02-09,Onion,Azadpur (Delhi),3369.76,4288.78,3829.27,3037.8
2023-02-10,Onion,Azadpur (Delhi),3313.69,4217.43,3765.56,1940.5
2023-02-11,Onion,Azadpur (Delhi),3316.5,4221.0,3768.75,661.9
2023-02-12,Onion,Azadpur (Delhi),3229.44,4110.2,3669.82,544.9
2023-02-13,Onion,Azadpur (Delhi),3206.32,4080.78,3643.55,3019.0
2023-02-14,Onion,Azadpur (Delhi),3031.79,3858.65,3445.22,1096.7
2023-02-15,Onion,Azadpur (Delhi),3250.84,4137.44,3694.14,765.5
2023-02-16,Onion,Azadpur (Delhi),3290.13,4187.43,3738.78,865.5
2023-02-17,Onion,Azadpur (Delhi),3131.21,3985.17,3558.19,1798.0
2023-02-18,Onion,Azadpur (Delhi),2850.75,3628.23,3239.49,2134.8
2023-02-19,Onion,Azadpur (Delhi),2822.12,3591.78,3206.95,2290.0
2023-02-20,Onion,Azadpur (Delhi),2775.41,3532.33,3153.87,2352.1
2023-02-21,Onion,Azadpur (Delhi),2856.32,3635.32,3245.82,2221.5
2023-02-22,Onion,Azadpur (Delhi),2841.61,3616.59,3229.1,2484.6
2023-02-23,Onion,Azadpur (Delhi),2632.18,3350.04,2991.11,3179.0
2023-02-24,Onion,Azadpur (Delhi),2527.87,3217.29,2872.58,2025.1
2023-02-25,Onion,Azadpur (Delhi),2670.69,3399.05,3034.87,3258.4
2023-02-26,Onion,Azadpur (Delhi),2612.85,3325.45,2969.15,1732.8
2023-02-27,Onion,Azadpur (Delhi),2575.32,3277.68,2926.5,1238.7
2023-02-28,Onion,Azadpur (Delhi),2552.9,3249.14,2901.02,2504.0
2023-03-01,Onion,Azadpur (Delhi),2447.39,3114.87,2781.13,2836.1
2023-03-02,Onion,Azadpur (Delhi),2375.75,3023.69,2699.72,2517.3
2023-03-03,Onion,Azadpur (Delhi),2524.54,3213.06,2868.8,1254.2
2023-03-04,Onion,Azadpur (Delhi),2530.62,3220.8,2875.71,1528.5
2023-03-05,Onion,Azadpur (Delhi),2489.72,3168.74,2829.23,502.4
2023-03-06,Onion,Azadpur (Delhi),2525.04,3213.68,2869.36,2501.8
2023-03-07,Onion,Azadpur (Delhi),2578.14,3281.28,2929.71,976.1
2023-03-08,Onion,Azadpur (Delhi),2565.44,3265.1,2915.27,2152.2
2023-03-09,Onion,Azadpur (Delhi),2546.77,3241.35,2894.06,1434.7
2023-03-10,Onion,Azadpur (Delhi),2627.36,3343.92,2985.64,3276.1
2023-03-11,Onion,Azadpur (Delhi),2686.68,3419.4,3053.04,767.2
2023-03-12,Onion,Azadpur (Delhi),2948.15,3752.19,3350.17,647.1
2023-03-13,Onion,Azadpur (Delhi),2945.62,3748.96,3347.29,2293.8
2023-03-14,Onion,Azadpur (Delhi),3057.21,3890.99,3474.1,636.1
2023-03-15,Onion,Azadpur (Delhi),2947.86,3751.82,3349.84,1103.3
2023-03-16,Onion,Azadpur (Delhi),2769.69,3525.05,3147.37,918.6
2023-03-17,Onion,Azadpur (Delhi),3012.59,3834.21,3423.4,1072.8
2023-03-18,Onion,Azadpur (Delhi),2939.66,3741.38,3340.52,3412.2
2023-03-19,Onion,Azadpur (Delhi),2984.48,3798.42,3391.45,2036.9
2023-03-20,Onion,Azadpur (Delhi),2910.32,3704.04,3307.18,2617.2
2023-03-21,Onion,Azadpur (Delhi),2939.67,3741.39,3340.53,933.1
2023-03-22,Onion,Azadpur (Delhi),2933.64,3733.72,3333.68,2465.3
2023-03-23,Onion,Azadpur (Delhi),2927.31,3725.67,3326.49,997.5
2023-03-24,Onion,Azadpur (Delhi),2856.66,3635.76,3246.21,1035.6
2023-03-25,Onion,Azadpur (Delhi),3037.46,3865.86,3451.66,2657.5
2023-03-26,Onion,Azadpur (Delhi),3061.1,3895.94,3478.52,1498.1
2023-03-27,Onion,Azadpur (Delhi),2937.77,3738.97,3338.37,1684.4
2023-03-28,Onion,Azadpur (Delhi),3085.81,3927.39,3506.6,2561.3
2023-03-29,Onion,Azadpur (Delhi),3217.83,4095.41,3656.62,3438.6
2023-03-30,Onion,Azadpur (Delhi),3127.18,3980.04,3553.61,2135.7
2023-03-31,Onion,Azadpur (Delhi),2689.04,3422.42,3055.73,512.5
2023-04-01,Onion,Azadpur (Delhi),2687.04,3419.86,3053.45,964.4
2023-04-02,Onion,Azadpur (Delhi),2530.02,3220.02,2875.02,3204.6
2023-04-03,Onion,Azadpur (Delhi),2603.95,3314.11,2959.03,1303.3
2023-04-04,Onion,Azadpur (Delhi),2577.65,3280.65,2929.15,1617.7
2023-04-05,Onion,Azadpur (Delhi),2736.14,3482.36,3109.25,745.9
2023-04-06,Onion,Azadpur (Delhi),2575.45,3277.85,2926.65,2989.2
2023-04-07,Onion,Azadpur (Delhi),2307.36,2936.64,2622.0,3335.8
2023-04-08,Onion,Azadpur (Delhi),2393.51,3046.29,2719.9,1447.6
2023-04-09,Onion,Azadpur (Delhi),2521.29,3208.91,2865.1,2898.9
2023-04-10,Onion,Azadpur (Delhi),2611.8,3324.1,2967.95,2565.4
2023-04-11,Onion,Azadpur (Delhi),2675.6,3405.32,3040.46,1862.2
2023-04-12,Onion,Azadpur (Delhi),2489.82,3168.86,2829.34,3358.7
2023-04-13,Onion,Azadpur (Delhi),2571.66,3273.02,2922.34,906.3
2023-04-14,Onion,Azadpur (Delhi),2443.61,3110.05,2776.83,2550.0
2023-04-15,Onion,Azadpur (Delhi),2527.63,3216.99,2872.31,2153.7
2023-04-16,Onion,Azadpur (Delhi),2577.67,3280.67,2929.17,1585.7
2023-04-17,Onion,Azadpur (Delhi),2494.25,3174.51,2834.38,3378.0
2023-04-18,Onion,Azadpur (Delhi),2508.96,3193.22,2851.09,438.0
2023-04-19,Onion,Azadpur (Delhi),2522.71,3210.73,2866.72,1613.5
2023-04-20,Onion,Azadpur (Delhi),2449.99,3118.17,2784.08,1635.9
2023-04-21,Onion,Azadpur (Delhi),2405.13,3061.07,2733.1,1985.7
2023-04-22,Onion,Azadpur (Delhi),2359.28,3002.72,2681.0,1944.1
2023-04-23,Onion,Azadpur (Delhi),2284.48,2907.52,2596.0,2483.3
2023-04-24,Onion,Azadpur (Delhi),2282.27,2904.71,2593.49,1860.9
2023-04-25,Onion,Azadpur (Delhi),2347.09,2987.21,2667.15,1666.4
2023-04-26,Onion,Azadpur (Delhi),2414.17,3072.59,2743.38,3430.0
2023-04-27,Onion,Azadpur (Delhi),2249.01,2862.37,2555.69,2321.4
2023-04-28,Onion,Azadpur (Delhi),2162.17,2751.85,2457.01,3070.0
2023-04-29,Onion,Azadpur (Delhi),2126.34,2706.26,2416.3,2257.7
2023-04-30,Onion,Azadpur (Delhi),2019.05,2569.69,2294.37,3369.2
2023-05-01,Onion,Azadpur (Delhi),2079.1,2646.12,2362.61,2336.0
2023-05-02,Onion,Azadpur (Delhi),1944.08,2474.28,2209.18,2578.6
2023-05-03,Onion,Azadpur (Delhi),1779.65,2265.01,2022.33,2972.9
2023-05-04,Onion,Azadpur (Delhi),1786.14,2273.28,2029.71,2924.2
2023-05-05,Onion,Azadpur (Delhi),1887.15,2401.83,2144.49,1396.7
2023-05-06,Onion,Azadpur (Delhi),1865.76,2374.6,2120.18,1853.3
2023-05-07,Onion,Azadpur (Delhi),1814.14,2308.9,2061.52,567.6
2023-05-08,Onion,Azadpur (Delhi),1665.82,2120.14,1892.98,1849.3
2023-05-09,Onion,Azadpur (Delhi),1767.66,2249.74,2008.7,663.8
2023-05-10,Onion,Azadpur (Delhi),1724.63,2194.99,1959.81,3397.2
2023-05-11,Onion,Azadpur (Delhi),1777.27,2261.97,2019.62,2764.1
2023-05-12,Onion,Azadpur (Delhi),1871.36,2381.72,2126.54,2050.3
2023-05-13,Onion,Azadpur (Delhi),1894.05,2410.61,2152.33,1320.6
2023-05-14,Onion,Azadpur (Delhi),1805.56,2297.98,2051.77,2153.5
2023-05-15,Onion,Azadpur (Delhi),1806.88,2299.66,2053.27,2156.0
2023-05-16,Onion,Azadpur (Delhi),1766.53,2248.31,2007.42,825.1
2023-05-17,Onion,Azadpur (Delhi),1830.58,2329.82,2080.2,1299.8
2023-05-18,Onion,Azadpur (Delhi),1977.62,2516.96,2247.29,3304.2
2023-05-19,Onion,Azadpur (Delhi),2112.75,2688.95,2400.85,3449.4
2023-05-20,Onion,Azadpur (Delhi),2104.24,2678.12,2391.18,2504.6
2023-05-21,Onion,Azadpur (Delhi),2045.18,2602.96,2324.07,669.4
2023-05-22,Onion,Azadpur (Delhi),2081.33,2648.97,2365.15,2197.6
2023-05-23,Onion,Azadpur (Delhi),1928.31,2454.21,2191.26,598.4
2023-05-24,Onion,Azadpur (Delhi),1790.0,2278.18,2034.09,2379.9
2023-05-25,Onion,Azadpur (Delhi),1674.31,2130.95,1902.63,1120.4
2023-05-26,Onion,Azadpur (Delhi),1602.26,2039.24,1820.75,2412.6
2023-05-27,Onion,Azadpur (Delhi),1574.54,2003.96,1789.25,3318.9
2023-05-28,Onion,Azadpur (Delhi),1553.92,1977.72,1765.82,3179.5
2023-05-29,Onion,Azadpur (Delhi),1545.68,1967.24,1756.46,1622.9
2023-05-30,Onion,Azadpur (Delhi),1511.06,1923.16,1717.11,3280.4
2023-05-31,Onion,Azadpur (Delhi),1470.62,1871.7,1671.16,2699.8
2023-06-01,Onion,Azadpur (Delhi),1492.99,1900.17,1696.58,2997.8
2023-06-02,Onion,Azadpur (Delhi),1542.62,1963.34,1752.98,1405.8
2023-06-03,Onion,Azadpur (Delhi),1623.12,2065.78,1844.45,691.2
2023-06-04,Onion,Azadpur (Delhi),1598.39,2034.31,1816.35,1198.7
2023-06-05,Onion,Azadpur (Delhi),1548.97,1971.41,1760.19,1833.2
2023-06-06,Onion,Azadpur (Delhi),1589.02,2022.4,1805.71,486.2
2023-06-07,Onion,Azadpur (Delhi),1482.36,1886.64,1684.5,3460.6
2023-06-08,Onion,Azadpur (Delhi),1506.08,1916.82,1711.45,2178.4
2023-06-09,Onion,Azadpur (Delhi),1519.27,1933.61,1726.44,1286.8
2023-06-10,Onion,Azadpur (Delhi),1455.49,1852.45,1653.97,915.6
2023-06-11,Onion,Azadpur (Delhi),1534.32,1952.78,1743.55,3499.4
2023-06-12,Onion,Azadpur (Delhi),1444.23,1838.11,1641.17,814.2
2023-06-13,Onion,Azadpur (Delhi),1457.85,1855.45,1656.65,2741.2
2023-06-14,Onion,Azadpur (Delhi),1363.56,1735.44,1549.5,923.0
2023-06-15,Onion,Azadpur (Delhi),1397.32,1778.4,1587.86,1388.9
2023-06-16,Onion,Azadpur (Delhi),1423.59,1811.85,1617.72,2839.9
2023-06-17,Onion,Azadpur (Delhi),1378.87,1754.93,1566.9,1828.1
2023-06-18,Onion,Azadpur (Delhi),1399.13,1780.71,1589.92,3351.8
2023-06-19,Onion,Azadpur (Delhi),1422.26,1810.14,1616.2,2879.8
2023-06-20,Onion,Azadpur (Delhi),1404.04,1786.96,1595.5,2288.4
2023-06-21,Onion,Azadpur (Delhi),1378.97,1755.05,1567.01,2028.2
2023-06-22,Onion,Azadpur (Delhi),1427.71,1817.09,1622.4,3253.6
2023-06-23,Onion,Azadpur (Delhi),1432.61,1823.33,1627.97,2476.6
2023-06-24,Onion,Azadpur (Delhi),1430.77,1820.97,1625.87,2841.1
2023-06-25,Onion,Azadpur (Delhi),1482.42,1886.72,1684.57,2461.9
2023-06-26,Onion,Azadpur (Delhi),1366.11,1738.69,1552.4,1211.1
2023-06-27,Onion,Azadpur (Delhi),1344.61,1711.33,1527.97,3448.0
2023-06-28,Onion,Azadpur (Delhi),1417.64,1804.26,1610.95,3483.1
2023-06-29,Onion,Azadpur (Delhi),1454.97,1851.79,1653.38,1204.9
2023-06-30,Onion,Azadpur (Delhi),1467.73,1868.01,1667.87,2722.5
2023-07-01,Onion,Azadpur (Delhi),1451.78,1847.72,1649.75,2300.4
2023-07-02,Onion,Azadpur (Delhi),1502.12,1911.78,1706.95,1236.6
2023-07-03,Onion,Azadpur (Delhi),1475.86,1878.36,1677.11,917.3
2023-07-04,Onion,Azadpur (Delhi),1440.32,1833.14,1636.73,2893.9
2023-07-05,Onion,Azadpur (Delhi),1379.17,1755.31,1567.24,2600.3
2023-07-06,Onion,Azadpur (Delhi),1388.3,1766.92,1577.61,3414.6
2023-07-07,Onion,Azadpur (Delhi),1362.68,1734.32,1548.5,817.3
2023-07-08,Onion,Azadpur (Delhi),1329.64,1692.26,1510.95,2935.6
2023-07-09,Onion,Azadpur (Delhi),1342.35,1708.45,1525.4,2166.7
2023-07-10,Onion,Azadpur (Delhi),1338.69,1703.79,1521.24,2666.6
2023-07-11,Onion,Azadpur (Delhi),1351.57,1720.17,1535.87,1040.5
2023-07-12,Onion,Azadpur (Delhi),1534.56,1953.08,1743.82,736.9
2023-07-13,Onion,Azadpur (Delhi),1553.63,1977.35,1765.49,2913.4
2023-07-14,Onion,Azadpur (Delhi),1596.7,2032.16,1814.43,2436.7
2023-07-15,Onion,Azadpur (Delhi),1599.82,2036.14,1817.98,2612.0
2023-07-16,Onion,Azadpur (Delhi),1534.82,1953.4,1744.11,1542.7
2023-07-17,Onion,Azadpur (Delhi),1469.23,1869.93,1669.58,2111.4
2023-07-18,Onion,Azadpur (Delhi),1454.5,1851.18,1652.84,1968.3
2023-07-19,Onion,Azadpur (Delhi),1488.12,1893.96,1691.04,2903.3
2023-07-20,Onion,Azadpur (Delhi),1434.85,1826.17,1630.51,1841.3
2023-07-21,Onion,Azadpur (Delhi),1508.15,1919.47,1713.81,3180.2
2023-07-22,Onion,Azadpur (Delhi),1549.73,1972.39,1761.06,3185.1
2023-07-23,Onion,Azadpur (Delhi),1465.6,1865.32,1665.46,1987.6
2023-07-24,Onion,Azadpur (Delhi),1457.24,1854.68,1655.96,1536.9
2023-07-25,Onion,Azadpur (Delhi),1505.45,1916.03,1710.74,1976.4
2023-07-26,Onion,Azadpur (Delhi),1501.68,1911.22,1706.45,2307.6
2023-07-27,Onion,Azadpur (Delhi),1465.32,1864.96,1665.14,1462.0
2023-07-28,Onion,Azadpur (Delhi),1586.53,2019.23,1802.88,3102.4
2023-07-29,Onion,Azadpur (Delhi),1520.16,1934.74,1727.45,1340.8
2023-07-30,Onion,Azadpur (Delhi),1630.4,2075.06,1852.73,1258.1
2023-07-31,Onion,Azadpur (Delhi),1518.95,1933.21,1726.08,1942.2
2023-08-01,Onion,Azadpur (Delhi),1576.84,2006.88,1791.86,1227.7
2023-08-02,Onion,Azadpur (Delhi),1509.37,1921.01,1715.19,1922.1
2023-08-03,Onion,Azadpur (Delhi),1474.67,1876.85,1675.76,2416.3
2023-08-04,Onion,Azadpur (Delhi),1495.75,1903.69,1699.72,2345.3
2023-08-05,Onion,Azadpur (Delhi),1583.02,2014.76,1798.89,457.8
2023-08-06,Onion,Azadpur (Delhi),1582.13,2013.63,1797.88,837.1
2023-08-07,Onion,Azadpur (Delhi),1585.96,2018.5,1802.23,513.1
2023-08-08,Onion,Azadpur (Delhi),1658.81,2111.21,1885.01,823.5
2023-08-09,Onion,Azadpur (Delhi),1628.15,2072.19,1850.17,2116.1
2023-08-10,Onion,Azadpur (Delhi),1653.41,2104.33,1878.87,2030.7
2023-08-11,Onion,Azadpur (Delhi),1797.22,2287.38,2042.3,1186.3
2023-08-12,Onion,Azadpur (Delhi),1779.32,2264.58,2021.95,2610.4
2023-08-13,Onion,Azadpur (Delhi),1721.61,2191.13,1956.37,438.7
2023-08-14,Onion,Azadpur (Delhi),1803.47,2295.33,2049.4,1573.4
2023-08-15,Onion,Azadpur (Delhi),1749.41,2226.53,1987.97,627.3
2023-08-16,Onion,Azadpur (Delhi),1816.04,2311.32,2063.68,2218.8
2023-08-17,Onion,Azadpur (Delhi),1876.12,2387.78,2131.95,1949.7
2023-08-18,Onion,Azadpur (Delhi),1851.43,2356.37,2103.9,449.9
2023-08-19,Onion,Azadpur (Delhi),1752.06,2229.9,1990.98,3311.1
2023-08-20,Onion,Azadpur (Delhi),1757.54,2236.88,1997.21,2438.4
2023-08-21,Onion,Azadpur (Delhi),1637.66,2084.3,1860.98,2592.0
2023-08-22,Onion,Azadpur (Delhi),1698.52,2161.76,1930.14,1497.3
2023-08-23,Onion,Azadpur (Delhi),1615.5,2056.08,1835.79,1543.5
2023-08-24,Onion,Azadpur (Delhi),1682.82,2141.76,1912.29,1802.6
2023-08-25,Onion,Azadpur (Delhi),1711.86,2178.74,1945.3,1924.0
2023-08-26,Onion,Azadpur (Delhi),1816.06,2311.34,2063.7,2186.6
2023-08-27,Onion,Azadpur (Delhi),1771.59,2254.75,2013.17,2541.0
2023-08-28,Onion,Azadpur (Delhi),1858.32,2365.14,2111.73,2282.8
2023-08-29,Onion,Azadpur (Delhi),1898.75,2416.59,2157.67,2320.1
2023-08-30,Onion,Azadpur (Delhi),1859.74,2366.94,2113.34,1690.4
2023-08-31,Onion,Azadpur (Delhi),1828.05,2326.61,2077.33,3259.4
2023-09-01,Onion,Azadpur (Delhi),1879.17,2391.67,2135.42,3095.3
2023-09-02,Onion,Azadpur (Delhi),1954.21,2487.17,2220.69,1201.6
2023-09-03,Onion,Azadpur (Delhi),2004.07,2550.63,2277.35,2831.9
2023-09-04,Onion,Azadpur (Delhi),2034.76,2589.7,2312.23,962.1
2023-09-05,Onion,Azadpur (Delhi),1923.53,2448.13,2185.83,3328.0
2023-09-06,Onion,Azadpur (Delhi),2116.56,2693.8,2405.18,2805.2
2023-09-07,Onion,Azadpur (Delhi),2208.56,2810.9,2509.73,1189.6
2023-09-08,Onion,Azadpur (Delhi),2388.47,3039.87,2714.17,2434.2
2023-09-09,Onion,Azadpur (Delhi),2408.59,3065.47,2737.03,2425.8
2023-09-10,Onion,Azadpur (Delhi),2379.19,3028.05,2703.62,3117.5
2023-09-11,Onion,Azadpur (Delhi),2565.93,3265.73,2915.83,2651.4
2023-09-12,Onion,Azadpur (Delhi),2404.65,3060.47,2732.56,1525.8
2023-09-13,Onion,Azadpur (Delhi),2503.32,3186.04,2844.68,1392.3
2023-09-14,Onion,Azadpur (Delhi),2458.5,3129.0,2793.75,2450.5
2023-09-15,Onion,Azadpur (Delhi),2368.51,3014.47,2691.49,968.2
2023-09-16,Onion,Azadpur (Delhi),2326.43,2960.91,2643.67,897.9
2023-09-17,Onion,Azadpur (Delhi),2254.77,2869.71,2562.24,474.8
2023-09-18,Onion,Azadpur (Delhi),2327.59,2962.39,2644.99,1450.3
2023-09-19,Onion,Azadpur (Delhi),2175.52,2768.84,2472.18,661.6
2023-09-20,Onion,Azadpur (Delhi),2150.07,2736.45,2443.26,2354.3
2023-09-21,Onion,Azadpur (Delhi),2028.5,2581.72,2305.11,855.2
2023-09-22,Onion,Azadpur (Delhi),2010.62,2558.98,2284.8,2748.3
2023-09-23,Onion,Azadpur (Delhi),1982.54,2523.24,2252.89,2457.6
2023-09-24,Onion,Azadpur (Delhi),2084.56,2653.08,2368.82,2238.0
2023-09-25,Onion,Azadpur (Delhi),2013.4,2562.5,2287.95,767.5
2023-09-26,Onion,Azadpur (Delhi),2050.64,2609.9,2330.27,2215.5
2023-09-27,Onion,Azadpur (Delhi),2007.83,2555.43,2281.63,3343.3
2023-09-28,Onion,Azadpur (Delhi),1994.81,2538.85,2266.83,2376.0
2023-09-29,Onion,Azadpur (Delhi),1941.3,2470.74,2206.02,1216.1
2023-09-30,Onion,Azadpur (Delhi),1919.55,2443.07,2181.31,2274.5
2023-10-01,Onion,Azadpur (Delhi),2087.01,2656.19,2371.6,2051.2
2023-10-02,Onion,Azadpur (Delhi),2156.6,2744.76,2450.68,984.3
2023-10-03,Onion,Azadpur (Delhi),2305.0,2933.64,2619.32,1870.3
2023-10-04,Onion,Azadpur (Delhi),2338.1,2975.76,2656.93,513.1
2023-10-05,Onion,Azadpur (Delhi),2547.95,3242.85,2895.4,2903.6
2023-10-06,Onion,Azadpur (Delhi),2437.11,3101.77,2769.44,2628.1
2023-10-07,Onion,Azadpur (Delhi),2348.68,2989.22,2668.95,1750.3
2023-10-08,Onion,Azadpur (Delhi),2294.12,2919.8,2606.96,3152.3
2023-10-09,Onion,Azadpur (Delhi),2326.68,2961.22,2643.95,2614.0
2023-10-10,Onion,Azadpur (Delhi),2297.22,2923.74,2610.48,2830.1
2023-10-11,Onion,Azadpur (Delhi),2330.26,2965.78,2648.02,2821.6
2023-10-12,Onion,Azadpur (Delhi),2263.97,2881.41,2572.69,2684.1
2023-10-13,Onion,Azadpur (Delhi),2168.14,2759.44,2463.79,2252.8
2023-10-14,Onion,Azadpur (Delhi),2199.5,2799.36,2499.43,3499.3
2023-10-15,Onion,Azadpur (Delhi),2267.89,2886.41,2577.15,3012.7
2023-10-16,Onion,Azadpur (Delhi),2195.75,2794.59,2495.17,1377.3
2023-10-17,Onion,Azadpur (Delhi),2095.96,2667.58,2381.77,641.5
2023-10-18,Onion,Azadpur (Delhi),2341.14,2979.64,2660.39,2561.9
2023-10-19,Onion,Azadpur (Delhi),2236.22,2846.1,2541.16,526.1
2023-10-20,Onion,Azadpur (Delhi),2231.07,2839.55,2535.31,552.7
2023-10-21,Onion,Azadpur (Delhi),2154.64,2742.26,2448.45,3216.4
2023-10-22,Onion,Azadpur (Delhi),2248.79,2862.09,2555.44,1943.1
2023-10-23,Onion,Azadpur (Delhi),2205.44,2806.92,2506.18,2235.1
2023-10-24,Onion,Azadpur (Delhi),2228.22,2835.92,2532.07,2128.5
2023-10-25,Onion,Azadpur (Delhi),2176.76,2770.42,2473.59,1778.7
2023-10-26,Onion,Azadpur (Delhi),2350.04,2990.96,2670.5,2322.8
2023-10-27,Onion,Azadpur (Delhi),2193.18,2791.32,2492.25,2207.0
2023-10-28,Onion,Azadpur (Delhi),2312.61,2943.33,2627.97,2639.4
2023-10-29,Onion,Azadpur (Delhi),2421.24,3081.58,2751.41,1502.5
2023-10-30,Onion,Azadpur (Delhi),2476.54,3151.96,2814.25,1244.1
2023-10-31,Onion,Azadpur (Delhi),2483.79,3161.19,2822.49,994.5
2023-11-01,Onion,Azadpur (Delhi),2463.14,3134.9,2799.02,1238.0
2023-11-02,Onion,Azadpur (Delhi),2535.99,3227.63,2881.81,1397.7
2023-11-03,Onion,Azadpur (Delhi),2557.46,3254.94,2906.2,2307.9
2023-11-04,Onion,Azadpur (Delhi),2583.9,3288.6,2936.25,1859.5
2023-11-05,Onion,Azadpur (Delhi),2447.28,3114.72,2781.0,3345.5
2023-11-06,Onion,Azadpur (Delhi),2454.37,3123.75,2789.06,1803.9
2023-11-07,Onion,Azadpur (Delhi),2281.83,2904.15,2592.99,1404.0
2023-11-08,Onion,Azadpur (Delhi),2259.12,2875.24,2567.18,662.4
2023-11-09,Onion,Azadpur (Delhi),2203.38,2804.3,2503.84,3159.6
2023-11-10,Onion,Azadpur (Delhi),2369.97,3016.33,2693.15,1502.4
2023-11-11,Onion,Azadpur (Delhi),2479.07,3155.19,2817.13,2281.2
2023-11-12,Onion,Azadpur (Delhi),2560.9,3259.32,2910.11,1312.4
2023-11-13,Onion,Azadpur (Delhi),2862.78,3643.54,3253.16,2308.8
2023-11-14,Onion,Azadpur (Delhi),2820.88,3590.2,3205.54,641.7
2023-11-15,Onion,Azadpur (Delhi),2850.97,3628.51,3239.74,2404.5
2023-11-16,Onion,Azadpur (Delhi),2843.13,3618.53,3230.83,2889.7
2023-11-17,Onion,Azadpur (Delhi),2820.89,3590.23,3205.56,1691.4
2023-11-18,Onion,Azadpur (Delhi),2963.66,3771.92,3367.79,2109.7
2023-11-19,Onion,Azadpur (Delhi),3164.14,4027.08,3595.61,2873.2
2023-11-20,Onion,Azadpur (Delhi),3083.78,3924.8,3504.29,2044.9
2023-11-21,Onion,Azadpur (Delhi),3261.68,4151.24,3706.46,2000.5
2023-11-22,Onion,Azadpur (Delhi),3184.68,4053.24,3618.96,1632.7
2023-11-23,Onion,Azadpur (Delhi),3484.91,4435.35,3960.13,1989.5
2023-11-24,Onion,Azadpur (Delhi),3573.8,4548.48,4061.14,835.7
2023-11-25,Onion,Azadpur (Delhi),3343.44,4255.28,3799.36,1023.7
2023-11-26,Onion,Azadpur (Delhi),3445.33,4384.97,3915.15,1591.8
2023-11-27,Onion,Azadpur (Delhi),3276.32,4169.86,3723.09,2109.7
2023-11-28,Onion,Azadpur (Delhi),3037.48,3865.88,3451.68,630.4
2023-11-29,Onion,Azadpur (Delhi),3066.6,3902.94,3484.77,2991.3
2023-11-30,Onion,Azadpur (Delhi),3126.98,3979.8,3553.39,1819.2
2023-12-01,Onion,Azadpur (Delhi),3067.21,3903.73,3485.47,2200.8
2023-12-02,Onion,Azadpur (Delhi),3141.57,3998.37,3569.97,475.7
2023-12-03,Onion,Azadpur (Delhi),3138.32,3994.22,3566.27,2311.9
2023-12-04,Onion,Azadpur (Delhi),3055.17,3888.39,3471.78,987.6
2023-12-05,Onion,Azadpur (Delhi),3263.88,4154.02,3708.95,2331.9
2023-12-06,Onion,Azadpur (Delhi),3262.91,4152.79,3707.85,3436.4
2023-12-07,Onion,Azadpur (Delhi),3462.72,4407.1,3934.91,1754.6
2023-12-08,Onion,Azadpur (Delhi),3587.39,4565.77,4076.58,3472.7
2023-12-09,Onion,Azadpur (Delhi),3412.0,4342.54,3877.27,1611.0
2023-12-10,Onion,Azadpur (Delhi),3623.65,4611.91,4117.78,1858.0
2023-12-11,Onion,Azadpur (Delhi),3639.81,4632.49,4136.15,3196.8
2023-12-12,Onion,Azadpur (Delhi),3876.07,4933.19,4404.63,2639.9
2023-12-13,Onion,Azadpur (Delhi),3811.97,4851.59,4331.78,3021.6
2023-12-14,Onion,Azadpur (Delhi),3693.15,4700.37,4196.76,3245.6
2023-12-15,Onion,Azadpur (Delhi),3612.63,4597.89,4105.26,725.2
2023-12-16,Onion,Azadpur (Delhi),3738.09,4757.57,4247.83,1334.2
2023-12-17,Onion,Azadpur (Delhi),3439.74,4377.84,3908.79,409.2
2023-12-18,Onion,Azadpur (Delhi),3638.11,4630.33,4134.22,1327.6
2023-12-19,Onion,Azadpur (Delhi),3457.47,4400.41,3928.94,2705.9
2023-12-20,Onion,Azadpur (Delhi),3436.07,4373.19,3904.63,1066.1
2023-12-21,Onion,Azadpur (Delhi),3230.77,4111.89,3671.33,465.7
2023-12-22,Onion,Azadpur (Delhi),3243.09,4127.57,3685.33,952.7
2023-12-23,Onion,Azadpur (Delhi),3420.16,4352.94,3886.55,927.9
2023-12-24,Onion,Azadpur (Delhi),3343.14,4254.9,3799.02,737.8
2023-12-25,Onion,Azadpur (Delhi),3387.86,4311.82,3849.84,1357.2
2023-12-26,Onion,Azadpur (Delhi),3251.88,4138.76,3695.32,2252.5
2023-12-27,Onion,Azadpur (Delhi),2999.02,3816.94,3407.98,1029.3
2023-12-28,Onion,Azadpur (Delhi),3068.23,3905.01,3486.62,2721.8
2023-12-29,Onion,Azadpur (Delhi),3092.8,3936.28,3514.54,2373.3
2023-12-30,Onion,Azadpur (Delhi),2871.72,3654.92,3263.32,2367.8
2023-12-31,Onion,Azadpur (Delhi),2800.1,3563.76,3181.93,1425.1
2024-01-01,Onion,Azadpur (Delhi),3036.57,3864.73,3450.65,3131.3
2024-01-02,Onion,Azadpur (Delhi),2891.06,3679.54,3285.3,1769.8
2024-01-03,Onion,Azadpur (Delhi),2986.79,3801.37,3394.08,1423.9
2024-01-04,Onion,Azadpur (Delhi),3124.05,3976.07,3550.06,1479.5
2024-01-05,Onion,Azadpur (Delhi),3067.09,3903.57,3485.33,2750.1
2024-01-06,Onion,Azadpur (Delhi),2988.35,3803.35,3395.85,2728.1
2024-01-07,Onion,Azadpur (Delhi),3111.39,3959.95,3535.67,794.0
2024-01-08,Onion,Azadpur (Delhi),2905.86,3698.36,3302.11,3282.2
2024-01-09,Onion,Azadpur (Delhi),2930.1,3729.22,3329.66,2374.8
2024-01-10,Onion,Azadpur (Delhi),2680.83,3411.97,3046.4,956.8
2024-01-11,Onion,Azadpur (Delhi),2692.69,3427.05,3059.87,2367.6
2024-01-12,Onion,Azadpur (Delhi),2703.34,3440.62,3071.98,2074.4
2024-01-13,Onion,Azadpur (Delhi),2789.32,3550.04,3169.68,3481.6
2024-01-14,Onion,Azadpur (Delhi),2924.23,3721.75,3322.99,1069.8
2024-01-15,Onion,Azadpur (Delhi),2975.04,3786.42,3380.73,3223.6
2024-01-16,Onion,Azadpur (Delhi),2826.42,3597.26,3211.84,2293.6
2024-01-17,Onion,Azadpur (Delhi),2854.02,3632.4,3243.21,1607.2
2024-01-18,Onion,Azadpur (Delhi),3069.01,3906.01,3487.51,1893.0
2024-01-19,Onion,Azadpur (Delhi),3033.08,3860.28,3446.68,2041.9
2024-01-20,Onion,Azadpur (Delhi),2957.37,3763.93,3360.65,1455.5
2024-01-21,Onion,Azadpur (Delhi),3052.3,3884.74,3468.52,1952.4
2024-01-22,Onion,Azadpur (Delhi),3168.84,4033.08,3600.96,1831.7
2024-01-23,Onion,Azadpur (Delhi),3031.72,3858.56,3445.14,611.8
2024-01-24,Onion,Azadpur (Delhi),3001.84,3820.52,3411.18,2633.6
2024-01-25,Onion,Azadpur (Delhi),2873.71,3657.45,3265.58,1867.0
2024-01-26,Onion,Azadpur (Delhi),2770.87,3526.57,3148.72,3030.4
2024-01-27,Onion,Azadpur (Delhi),2596.6,3304.76,2950.68,2551.8
2024-01-28,Onion,Azadpur (Delhi),2497.05,3178.07,2837.56,610.4
2024-01-29,Onion,Azadpur (Delhi),2443.78,3110.26,2777.02,2120.0
2024-01-30,Onion,Azadpur (Delhi),2376.73,3024.93,2700.83,1835.4
2024-01-31,Onion,Azadpur (Delhi),2364.24,3009.04,2686.64,1265.9
2024-02-01,Onion,Azadpur (Delhi),2520.12,3207.42,2863.77,3371.8
2024-02-02,Onion,Azadpur (Delhi),2811.03,3577.67,3194.35,1544.1
2024-02-03,Onion,Azadpur (Delhi),2715.68,3456.32,3086.0,2183.4
2024-02-04,Onion,Azadpur (Delhi),2601.02,3310.38,2955.7,2141.9
2024-02-05,Onion,Azadpur (Delhi),2528.97,3218.69,2873.83,3318.1
2024-02-06,Onion,Azadpur (Delhi),2683.16,3414.94,3049.05,1482.7
2024-02-07,Onion,Azadpur (Delhi),2469.08,3142.46,2805.77,1263.4
2024-02-08,Onion,Azadpur (Delhi),2354.41,2996.53,2675.47,3254.5
2024-02-09,Onion,Azadpur (Delhi),2550.06,3245.52,2897.79,1887.5
2024-02-10,Onion,Azadpur (Delhi),2604.91,3315.35,2960.13,1837.8
2024-02-11,Onion,Azadpur (Delhi),2741.73,3489.47,3115.6,613.4
2024-02-12,Onion,Azadpur (Delhi),2597.94,3306.46,2952.2,3249.3
2024-02-13,Onion,Azadpur (Delhi),2755.05,3506.43,3130.74,1820.1
2024-02-14,Onion,Azadpur (Delhi),2721.03,3463.13,3092.08,2940.4
2024-02-15,Onion,Azadpur (Delhi),2756.27,3507.99,3132.13,2490.8
2024-02-16,Onion,Azadpur (Delhi),2845.73,3621.83,3233.78,1531.4
2024-02-17,Onion,Azadpur (Delhi),2946.18,3749.68,3347.93,1131.4
2024-02-18,Onion,Azadpur (Delhi),3049.47,3881.15,3465.31,3493.3
2024-02-19,Onion,Azadpur (Delhi),2845.08,3621.02,3233.05,1408.8
2024-02-20,Onion,Azadpur (Delhi),2872.27,3655.61,3263.94,3335.5
2024-02-21,Onion,Azadpur (Delhi),2708.6,3447.32,3077.96,970.5
2024-02-22,Onion,Azadpur (Delhi),2614.86,3328.0,2971.43,2886.5
2024-02-23,Onion,Azadpur (Delhi),2677.28,3407.44,3042.36,917.8
2024-02-24,Onion,Azadpur (Delhi),2667.49,3394.99,3031.24,2084.2
2024-02-25,Onion,Azadpur (Delhi),2556.21,3253.35,2904.78,3427.7
2024-02-26,Onion,Azadpur (Delhi),2663.69,3390.15,3026.92,2010.2
2024-02-27,Onion,Azadpur (Delhi),2630.81,3348.31,2989.56,2181.4
2024-02-28,Onion,Azadpur (Delhi),2414.52,3073.02,2743.77,3268.2
2024-02-29,Onion,Azadpur (Delhi),2537.59,3229.65,2883.62,557.1
2024-03-01,Onion,Azadpur (Delhi),2583.6,3288.22,2935.91,1811.3
2024-03-02,Onion,Azadpur (Delhi),2686.51,3419.19,3052.85,789.0
2024-03-03,Onion,Azadpur (Delhi),2741.24,3488.84,3115.04,1307.1
2024-03-04,Onion,Azadpur (Delhi),2612.65,3325.19,2968.92,2763.7
2024-03-05,Onion,Azadpur (Delhi),2560.32,3258.58,2909.45,901.5
2024-03-06,Onion,Azadpur (Delhi),2439.0,3104.18,2771.59,2059.8
2024-03-07,Onion,Azadpur (Delhi),2309.96,2939.96,2624.96,1980.1
2024-03-08,Onion,Azadpur (Delhi),2388.05,3039.33,2713.69,1677.1
2024-03-09,Onion,Azadpur (Delhi),2411.82,3069.6,2740.71,521.8
2024-03-10,Onion,Azadpur (Delhi),2393.65,3046.47,2720.06,937.6
2024-03-11,Onion,Azadpur (Delhi),2316.38,2948.12,2632.25,2508.6
2024-03-12,Onion,Azadpur (Delhi),2261.36,2878.1,2569.73,1040.8
2024-03-13,Onion,Azadpur (Delhi),2190.7,2788.16,2489.43,1887.0
2024-03-14,Onion,Azadpur (Delhi),2230.76,2839.16,2534.96,534.1
2024-03-15,Onion,Azadpur (Delhi),2306.96,2936.14,2621.55,973.6
2024-03-16,Onion,Azadpur (Delhi),2305.14,2933.82,2619.48,3081.2
2024-03-17,Onion,Azadpur (Delhi),2239.66,2850.48,2545.07,3169.1
2024-03-18,Onion,Azadpur (Delhi),2346.44,2986.38,2666.41,602.4
2024-03-19,Onion,Azadpur (Delhi),2380.96,3030.32,2705.64,2930.2
2024-03-20,Onion,Azadpur (Delhi),2296.59,2922.93,2609.76,2539.6
2024-03-21,Onion,Azadpur (Delhi),2330.62,2966.24,2648.43,1378.9
2024-03-22,Onion,Azadpur (Delhi),2364.9,3009.88,2687.39,2651.8
2024-03-23,Onion,Azadpur (Delhi),2240.68,2851.78,2546.23,2785.6
2024-03-24,Onion,Azadpur (Delhi),2216.54,2821.06,2518.8,2949.7
2024-03-25,Onion,Azadpur (Delhi),2163.83,2753.97,2458.9,772.2
2024-03-26,Onion,Azadpur (Delhi),2295.89,2922.05,2608.97,2869.9
2024-03-27,Onion,Azadpur (Delhi),2277.65,2898.83,2588.24,3036.9
2024-03-28,Onion,Azadpur (Delhi),2248.0,2861.1,2554.55,3098.0
2024-03-29,Onion,Azadpur (Delhi),2247.81,2860.85,2554.33,3234.5
2024-03-30,Onion,Azadpur (Delhi),2276.72,2897.64,2587.18,2713.6
2024-03-31,Onion,Azadpur (Delhi),2276.6,2897.48,2587.04,1634.1
2024-04-01,Onion,Azadpur (Delhi),2326.98,2961.6,2644.29,2505.5
2024-04-02,Onion,Azadpur (Delhi),2355.72,2998.18,2676.95,3461.2
2024-04-03,Onion,Azadpur (Delhi),2466.19,3138.79,2802.49,1255.2
2024-04-04,Onion,Azadpur (Delhi),2483.5,3160.82,2822.16,2858.8
2024-04-05,Onion,Azadpur (Delhi),2462.75,3134.41,2798.58,475.5
2024-04-06,Onion,Azadpur (Delhi),2515.11,3201.05,2858.08,783.0
2024-04-07,Onion,Azadpur (Delhi),2621.85,3336.89,2979.37,2059.8
2024-04-08,Onion,Azadpur (Delhi),2522.9,3210.96,2866.93,2242.3
2024-04-09,Onion,Azadpur (Delhi),2434.11,3097.95,2766.03,3278.3
2024-04-10,Onion,Azadpur (Delhi),2368.11,3013.95,2691.03,1050.5
2024-04-11,Onion,Azadpur (Delhi),2380.07,3029.17,2704.62,1836.2
2024-04-12,Onion,Azadpur (Delhi),2183.6,2779.12,2481.36,1294.8
2024-04-13,Onion,Azadpur (Delhi),2112.48,2688.62,2400.55,3040.4
2024-04-14,Onion,Azadpur (Delhi),1993.05,2536.61,2264.83,2661.8
2024-04-15,Onion,Azadpur (Delhi),2037.6,2593.32,2315.46,428.8
2024-04-16,Onion,Azadpur (Delhi),2197.84,2797.24,2497.54,518.3
2024-04-17,Onion,Azadpur (Delhi),2203.73,2804.75,2504.24,715.3
2024-04-18,Onion,Azadpur (Delhi),2068.14,2632.18,2350.16,2125.7
2024-04-19,Onion,Azadpur (Delhi),2118.53,2696.31,2407.42,3233.0
2024-04-20,Onion,Azadpur (Delhi),2025.08,2577.38,2301.23,821.4
2024-04-21,Onion,Azadpur (Delhi),1912.15,2433.65,2172.9,2112.7
2024-04-22,Onion,Azadpur (Delhi),1768.48,2250.8,2009.64,1472.2
2024-04-23,Onion,Azadpur (Delhi),1932.15,2459.11,2195.63,3110.2
2024-04-24,Onion,Azadpur (Delhi),1974.41,2512.89,2243.65,2784.7
2024-04-25,Onion,Azadpur (Delhi),1999.48,2544.8,2272.14,3267.4
2024-04-26,Onion,Azadpur (Delhi),1983.6,2524.58,2254.09,1424.8
2024-04-27,Onion,Azadpur (Delhi),1925.0,2450.0,2187.5,2278.4
2024-04-28,Onion,Azadpur (Delhi),1903.9,2423.14,2163.52,2068.2
2024-04-29,Onion,Azadpur (Delhi),1917.57,2440.55,2179.06,1538.6
2024-04-30,Onion,Azadpur (Delhi),2042.86,2600.0,2321.43,1078.5
2024-05-01,Onion,Azadpur (Delhi),1951.86,2484.18,2218.02,619.5
2024-05-02,Onion,Azadpur (Delhi),2000.28,2545.82,2273.05,2724.6
2024-05-03,Onion,Azadpur (Delhi),1929.57,2455.81,2192.69,2389.0
2024-05-04,Onion,Azadpur (Delhi),1799.93,2290.83,2045.38,1208.0
2024-05-05,Onion,Azadpur (Delhi),1796.7,2286.72,2041.71,3168.3
2024-05-06,Onion,Azadpur (Delhi),1744.86,2220.74,1982.8,3100.0
2024-05-07,Onion,Azadpur (Delhi),1614.72,2055.1,1834.91,2979.0
2024-05-08,Onion,Azadpur (Delhi),1728.21,2199.55,1963.88,537.7
2024-05-09,Onion,Azadpur (Delhi),1861.89,2369.67,2115.78,3063.0
2024-05-10,Onion,Azadpur (Delhi),1819.74,2316.04,2067.89,1411.4
2024-05-11,Onion,Azadpur (Delhi),1776.98,2261.6,2019.29,592.4
2024-05-12,Onion,Azadpur (Delhi),1729.01,2200.55,1964.78,1242.2
2024-05-13,Onion,Azadpur (Delhi),1849.33,2353.69,2101.51,2458.5
2024-05-14,Onion,Azadpur (Delhi),1846.74,2350.4,2098.57,3146.9
2024-05-15,Onion,Azadpur (Delhi),1808.04,2301.14,2054.59,1050.5
2024-05-16,Onion,Azadpur (Delhi),1813.33,2307.87,2060.6,690.4
2024-05-17,Onion,Azadpur (Delhi),1760.45,2240.57,2000.51,2108.7
2024-05-18,Onion,Azadpur (Delhi),1730.61,2202.59,1966.6,1651.7
2024-05-19,Onion,Azadpur (Delhi),1641.71,2089.45,1865.58,3012.1
2024-05-20,Onion,Azadpur (Delhi),1711.0,2177.64,1944.32,1370.1
2024-05-21,Onion,Azadpur (Delhi),1858.09,2364.85,2111.47,2600.5
2024-05-22,Onion,Azadpur (Delhi),1864.81,2373.39,2119.1,3130.2
2024-05-23,Onion,Azadpur (Delhi),1796.06,2285.9,2040.98,782.0
2024-05-24,Onion,Azadpur (Delhi),1728.97,2200.51,1964.74,964.0
2024-05-25,Onion,Azadpur (Delhi),1746.81,2223.21,1985.01,1841.6
2024-05-26,Onion,Azadpur (Delhi),1817.89,2313.67,2065.78,1919.3
2024-05-27,Onion,Azadpur (Delhi),1877.4,2389.42,2133.41,992.3
2024-05-28,Onion,Azadpur (Delhi),1767.18,2249.14,2008.16,3319.3
2024-05-29,Onion,Azadpur (Delhi),1757.9,2237.32,1997.61,580.1
2024-05-30,Onion,Azadpur (Delhi),1727.72,2198.92,1963.32,3170.2
2024-05-31,Onion,Azadpur (Delhi),1676.8,2134.1,1905.45,1503.4
2024-06-01,Onion,Azadpur (Delhi),1659.33,2111.87,1885.6,1271.5
2024-06-02,Onion,Azadpur (Delhi),1582.95,2014.67,1798.81,1079.1
2024-06-03,Onion,Azadpur (Delhi),1641.33,2088.97,1865.15,2062.1
2024-06-04,Onion,Azadpur (Delhi),1630.8,2075.56,1853.18,1228.5
2024-06-05,Onion,Azadpur (Delhi),1618.75,2060.23,1839.49,748.7
2024-06-06,Onion,Azadpur (Delhi),1534.43,1952.91,1743.67,3367.4
2024-06-07,Onion,Azadpur (Delhi),1478.78,1882.08,1680.43,1734.0
2024-06-08,Onion,Azadpur (Delhi),1565.94,1993.02,1779.48,3223.4
2024-06-09,Onion,Azadpur (Delhi),1393.14,1773.08,1583.11,402.8
2024-06-10,Onion,Azadpur (Delhi),1356.51,1726.47,1541.49,528.3
2024-06-11,Onion,Azadpur (Delhi),1302.95,1658.29,1480.62,3196.2
2024-06-12,Onion,Azadpur (Delhi),1366.58,1739.28,1552.93,2765.4
2024-06-13,Onion,Azadpur (Delhi),1466.88,1866.94,1666.91,2390.8
2024-06-14,Onion,Azadpur (Delhi),1429.28,1819.08,1624.18,1094.7
2024-06-15,Onion,Azadpur (Delhi),1504.66,1915.02,1709.84,765.6
2024-06-16,Onion,Azadpur (Delhi),1398.6,1780.04,1589.32,3379.0
2024-06-17,Onion,Azadpur (Delhi),1425.46,1814.22,1619.84,450.5
2024-06-18,Onion,Azadpur (Delhi),1398.79,1780.27,1589.53,2233.0
2024-06-19,Onion,Azadpur (Delhi),1441.63,1834.81,1638.22,1991.1
2024-06-20,Onion,Azadpur (Delhi),1376.46,1751.86,1564.16,1693.1
2024-06-21,Onion,Azadpur (Delhi),1482.36,1886.64,1684.5,3438.2
2024-06-22,Onion,Azadpur (Delhi),1565.29,1992.19,1778.74,472.6
2024-06-23,Onion,Azadpur (Delhi),1687.73,2148.03,1917.88,3154.9
2024-06-24,Onion,Azadpur (Delhi),1764.47,2245.69,2005.08,1691.7
2024-06-25,Onion,Azadpur (Delhi),1788.18,2275.86,2032.02,502.1
2024-06-26,Onion,Azadpur (Delhi),1687.17,2147.31,1917.24,710.7
2024-06-27,Onion,Azadpur (Delhi),1695.82,2158.32,1927.07,3431.4
2024-06-28,Onion,Azadpur (Delhi),1704.49,2169.35,1936.92,2192.2
2024-06-29,Onion,Azadpur (Delhi),1641.38,2089.02,1865.2,2167.2
2024-06-30,Onion,Azadpur (Delhi),1597.46,2033.14,1815.3,965.0
2024-07-01,Onion,Azadpur (Delhi),1557.46,1982.22,1769.84,1179.6
2024-07-02,Onion,Azadpur (Delhi),1544.4,1965.6,1755.0,3139.5
2024-07-03,Onion,Azadpur (Delhi),1452.92,1849.16,1651.04,2567.4
2024-07-04,Onion,Azadpur (Delhi),1487.75,1893.49,1690.62,2614.8
2024-07-05,Onion,Azadpur (Delhi),1509.07,1920.63,1714.85,973.6
2024-07-06,Onion,Azadpur (Delhi),1401.07,1783.17,1592.12,1940.9
2024-07-07,Onion,Azadpur (Delhi),1444.46,1838.4,1641.43,2665.1
2024-07-08,Onion,Azadpur (Delhi),1463.88,1863.12,1663.5,3196.1
2024-07-09,Onion,Azadpur (Delhi),1508.58,1920.0,1714.29,791.8
2024-07-10,Onion,Azadpur (Delhi),1520.33,1934.97,1727.65,1148.9
2024-07-11,Onion,Azadpur (Delhi),1505.06,1915.52,1710.29,887.9
2024-07-12,Onion,Azadpur (Delhi),1550.48,1973.34,1761.91,874.1
2024-07-13,Onion,Azadpur (Delhi),1616.38,2057.2,1836.79,3005.4
2024-07-14,Onion,Azadpur (Delhi),1491.77,1898.61,1695.19,2009.1
2024-07-15,Onion,Azadpur (Delhi),1472.62,1874.24,1673.43,3135.2
2024-07-16,Onion,Azadpur (Delhi),1433.58,1824.56,1629.07,1425.2
2024-07-17,Onion,Azadpur (Delhi),1476.59,1879.29,1677.94,1680.8
2024-07-18,Onion,Azadpur (Delhi),1420.87,1808.37,1614.62,3485.0
2024-07-19,Onion,Azadpur (Delhi),1340.2,1705.7,1522.95,443.0
2024-07-20,Onion,Azadpur (Delhi),1465.01,1864.55,1664.78,1265.5
2024-07-21,Onion,Azadpur (Delhi),1588.14,2021.28,1804.71,2734.1
2024-07-22,Onion,Azadpur (Delhi),1789.09,2277.03,2033.06,3256.3
2024-07-23,Onion,Azadpur (Delhi),1760.47,2240.59,2000.53,1309.4
2024-07-24,Onion,Azadpur (Delhi),1681.9,2140.6,1911.25,3116.9
2024-07-25,Onion,Azadpur (Delhi),1684.55,2143.97,1914.26,1106.2
2024-07-26,Onion,Azadpur (Delhi),1608.65,2047.37,1828.01,2047.7
2024-07-27,Onion,Azadpur (Delhi),1670.58,2126.2,1898.39,1117.8
2024-07-28,Onion,Azadpur (Delhi),1665.42,2119.62,1892.52,2704.6
2024-07-29,Onion,Azadpur (Delhi),1677.82,2135.4,1906.61,2167.7
2024-07-30,Onion,Azadpur (Delhi),1522.15,1937.29,1729.72,908.6
2024-07-31,Onion,Azadpur (Delhi),1626.5,2070.1,1848.3,3342.0
2024-08-01,Onion,Azadpur (Delhi),1606.83,2045.05,1825.94,637.7
2024-08-02,Onion,Azadpur (Delhi),1710.07,2176.45,1943.26,3448.8
2024-08-03,Onion,Azadpur (Delhi),1722.42,2192.18,1957.3,996.4
2024-08-04,Onion,Azadpur (Delhi),1629.54,2073.96,1851.75,2842.2
2024-08-05,Onion,Azadpur (Delhi),1669.69,2125.07,1897.38,941.1
2024-08-06,Onion,Azadpur (Delhi),1659.28,2111.8,1885.54,3049.3
2024-08-07,Onion,Azadpur (Delhi),1667.01,2121.65,1894.33,466.3
2024-08-08,Onion,Azadpur (Delhi),1613.12,2053.06,1833.09,2063.9
2024-08-09,Onion,Azadpur (Delhi),1675.88,2132.94,1904.41,3171.9
2024-08-10,Onion,Azadpur (Delhi),1613.08,2053.02,1833.05,575.1
2024-08-11,Onion,Azadpur (Delhi),1658.94,2111.38,1885.16,2543.9
2024-08-12,Onion,Azadpur (Delhi),1592.22,2026.46,1809.34,2322.2
2024-08-13,Onion,Azadpur (Delhi),1637.28,2083.82,1860.55,3282.2
2024-08-14,Onion,Azadpur (Delhi),1748.81,2225.75,1987.28,2667.5
2024-08-15,Onion,Azadpur (Delhi),1748.56,2225.44,1987.0,2332.6
2024-08-16,Onion,Azadpur (Delhi),1717.72,2186.2,1951.96,3260.2
2024-08-17,Onion,Azadpur (Delhi),1758.97,2238.69,1998.83,2374.5
2024-08-18,Onion,Azadpur (Delhi),1929.27,2455.43,2192.35,1844.3
2024-08-19,Onion,Azadpur (Delhi),2009.23,2557.21,2283.22,1442.3
2024-08-20,Onion,Azadpur (Delhi),1979.88,2519.84,2249.86,2094.0
2024-08-21,Onion,Azadpur (Delhi),1985.91,2527.53,2256.72,1325.0
2024-08-22,Onion,Azadpur (Delhi),1963.95,2499.57,2231.76,2426.9
2024-08-23,Onion,Azadpur (Delhi),2034.1,2588.86,2311.48,2197.1
2024-08-24,Onion,Azadpur (Delhi),2017.73,2568.03,2292.88,1842.9
2024-08-25,Onion,Azadpur (Delhi),2146.19,2731.51,2438.85,1785.2
2024-08-26,Onion,Azadpur (Delhi),2133.27,2715.07,2424.17,2930.5
2024-08-27,Onion,Azadpur (Delhi),2033.19,2587.69,2310.44,1062.7
2024-08-28,Onion,Azadpur (Delhi),2200.12,2800.16,2500.14,3009.1
2024-08-29,Onion,Azadpur (Delhi),2293.13,2918.53,2605.83,3422.0
2024-08-30,Onion,Azadpur (Delhi),2266.58,2884.74,2575.66,3216.3
2024-08-31,Onion,Azadpur (Delhi),2224.49,2831.17,2527.83,2453.3
2024-09-01,Onion,Azadpur (Delhi),2346.21,2986.09,2666.15,1927.2
2024-09-02,Onion,Azadpur (Delhi),2294.84,2920.7,2607.77,670.7
2024-09-03,Onion,Azadpur (Delhi),2415.04,3073.68,2744.36,2021.1
2024-09-04,Onion,Azadpur (Delhi),2471.23,3145.21,2808.22,3126.3
2024-09-05,Onion,Azadpur (Delhi),2618.44,3332.56,2975.5,509.3
2024-09-06,Onion,Azadpur (Delhi),2451.38,3119.94,2785.66,2046.5
2024-09-07,Onion,Azadpur (Delhi),2596.96,3305.22,2951.09,1221.4
2024-09-08,Onion,Azadpur (Delhi),2500.68,3182.68,2841.68,2736.5
2024-09-09,Onion,Azadpur (Delhi),2459.49,3130.27,2794.88,1853.4
2024-09-10,Onion,Azadpur (Delhi),2384.05,3034.25,2709.15,2247.5
2024-09-11,Onion,Azadpur (Delhi),2357.04,2999.86,2678.45,2858.7
2024-09-12,Onion,Azadpur (Delhi),2280.63,2902.63,2591.63,1158.8
2024-09-13,Onion,Azadpur (Delhi),2258.78,2874.82,2566.8,2773.0
2024-09-14,Onion,Azadpur (Delhi),2128.11,2708.51,2418.31,3030.5
2024-09-15,Onion,Azadpur (Delhi),2186.55,2782.89,2484.72,400.3
2024-09-16,Onion,Azadpur (Delhi),2142.62,2726.98,2434.8,2722.3
2024-09-17,Onion,Azadpur (Delhi),2215.74,2820.04,2517.89,1591.5
2024-09-18,Onion,Azadpur (Delhi),2187.16,2783.66,2485.41,2668.3
2024-09-19,Onion,Azadpur (Delhi),2103.76,2677.52,2390.64,2024.2
2024-09-20,Onion,Azadpur (Delhi),2055.3,2615.84,2335.57,3058.8
2024-09-21,Onion,Azadpur (Delhi),2077.88,2644.58,2361.23,1851.1
2024-09-22,Onion,Azadpur (Delhi),1997.42,2542.16,2269.79,455.2
2024-09-23,Onion,Azadpur (Delhi),1950.7,2482.7,2216.7,3202.3
2024-09-24,Onion,Azadpur (Delhi),2062.24,2624.66,2343.45,1634.6
2024-09-25,Onion,Azadpur (Delhi),2171.35,2763.53,2467.44,1211.2
2024-09-26,Onion,Azadpur (Delhi),2174.17,2767.13,2470.65,2020.4
2024-09-27,Onion,Azadpur (Delhi),2316.48,2948.24,2632.36,1369.4
2024-09-28,Onion,Azadpur (Delhi),2279.82,2901.6,2590.71,1099.6
2024-09-29,Onion,Azadpur (Delhi),2303.52,2931.76,2617.64,842.6
2024-09-30,Onion,Azadpur (Delhi),2301.01,2928.55,2614.78,1198.4
2024-10-01,Onion,Azadpur (Delhi),2396.06,3049.54,2722.8,1915.6
2024-10-02,Onion,Azadpur (Delhi),2414.35,3072.81,2743.58,1613.4
2024-10-03,Onion,Azadpur (Delhi),2502.64,3185.18,2843.91,602.5
2024-10-04,Onion,Azadpur (Delhi),2349.0,2989.64,2669.32,2372.7
2024-10-05,Onion,Azadpur (Delhi),2361.82,3005.96,2683.89,2532.8
2024-10-06,Onion,Azadpur (Delhi),2574.33,3276.43,2925.38,2820.7
2024-10-07,Onion,Azadpur (Delhi),2511.71,3196.73,2854.22,1864.5
2024-10-08,Onion,Azadpur (Delhi),2628.39,3345.23,2986.81,2709.2
2024-10-09,Onion,Azadpur (Delhi),2564.78,3264.26,2914.52,2527.7
2024-10-10,Onion,Azadpur (Delhi),2621.47,3336.41,2978.94,875.6
2024-10-11,Onion,Azadpur (Delhi),2631.74,3349.48,2990.61,460.5
2024-10-12,Onion,Azadpur (Delhi),2555.42,3252.36,2903.89,2725.1
2024-10-13,Onion,Azadpur (Delhi),2717.66,3458.84,3088.25,578.7
2024-10-14,Onion,Azadpur (Delhi),2635.78,3354.64,2995.21,791.1
2024-10-15,Onion,Azadpur (Delhi),2861.6,3642.04,3251.82,1247.7
2024-10-16,Onion,Azadpur (Delhi),2731.98,3477.06,3104.52,2925.1
2024-10-17,Onion,Azadpur (Delhi),2653.91,3377.71,3015.81,1132.8
2024-10-18,Onion,Azadpur (Delhi),2579.62,3283.16,2931.39,2356.2
2024-10-19,Onion,Azadpur (Delhi),2498.65,3180.09,2839.37,1564.4
2024-10-20,Onion,Azadpur (Delhi),2490.56,3169.8,2830.18,2341.2
2024-10-21,Onion,Azadpur (Delhi),2616.79,3330.47,2973.63,2116.6
2024-10-22,Onion,Azadpur (Delhi),2686.33,3418.97,3052.65,2305.3
2024-10-23,Onion,Azadpur (Delhi),2729.15,3473.47,3101.31,1581.8
2024-10-24,Onion,Azadpur (Delhi),2741.29,3488.91,3115.1,2157.7
2024-10-25,Onion,Azadpur (Delhi),2787.87,3548.19,3168.03,510.9
2024-10-26,Onion,Azadpur (Delhi),2541.28,3234.36,2887.82,3229.6
2024-10-27,Onion,Azadpur (Delhi),2612.1,3324.5,2968.3,2612.7
2024-10-28,Onion,Azadpur (Delhi),2450.89,3119.31,2785.1,2137.6
2024-10-29,Onion,Azadpur (Delhi),2394.08,3047.0,2720.54,1779.7
2024-10-30,Onion,Azadpur (Delhi),2456.36,3126.28,2791.32,3035.5
2024-10-31,Onion,Azadpur (Delhi),2384.82,3035.22,2710.02,581.5
2024-11-01,Onion,Azadpur (Delhi),2476.6,3152.04,2814.32,635.1
2024-11-02,Onion,Azadpur (Delhi),2524.01,3212.37,2868.19,1205.8
2024-11-03,Onion,Azadpur (Delhi),2538.32,3230.58,2884.45,579.4
2024-11-04,Onion,Azadpur (Delhi),2517.49,3204.07,2860.78,853.4
2024-11-05,Onion,Azadpur (Delhi),2863.5,3644.46,3253.98,1558.0
2024-11-06,Onion,Azadpur (Delhi),2817.79,3586.27,3202.03,1178.1
2024-11-07,Onion,Azadpur (Delhi),2971.55,3781.97,3376.76,1007.6
2024-11-08,Onion,Azadpur (Delhi),3099.15,3944.37,3521.76,2526.1
2024-11-09,Onion,Azadpur (Delhi),3274.39,4167.41,3720.9,2101.5
2024-11-10,Onion,Azadpur (Delhi),3429.66,4365.02,3897.34,1189.3
2024-11-11,Onion,Azadpur (Delhi),3276.79,4170.45,3723.62,2547.8
2024-11-12,Onion,Azadpur (Delhi),3319.66,4225.02,3772.34,3092.0
2024-11-13,Onion,Azadpur (Delhi),3340.9,4252.06,3796.48,1529.4
2024-11-14,Onion,Azadpur (Delhi),3580.94,4557.56,4069.25,1186.9
2024-11-15,Onion,Azadpur (Delhi),3228.71,4109.27,3668.99,2485.3
2024-11-16,Onion,Azadpur (Delhi),3193.47,4064.41,3628.94,3282.0
2024-11-17,Onion,Azadpur (Delhi),3059.2,3893.52,3476.36,1131.4
2024-11-18,Onion,Azadpur (Delhi),2968.15,3777.65,3372.9,731.9
2024-11-19,Onion,Azadpur (Delhi),2937.85,3739.09,3338.47,2580.4
2024-11-20,Onion,Azadpur (Delhi),3093.82,3937.58,3515.7,2184.8
2024-11-21,Onion,Azadpur (Delhi),3098.85,3943.99,3521.42,2342.6
2024-11-22,Onion,Azadpur (Delhi),3181.17,4048.77,3614.97,2812.7
2024-11-23,Onion,Azadpur (Delhi),3088.62,3930.96,3509.79,1278.3
2024-11-24,Onion,Azadpur (Delhi),3142.0,3998.9,3570.45,3248.6
2024-11-25,Onion,Azadpur (Delhi),3045.5,3876.08,3460.79,1304.4
2024-11-26,Onion,Azadpur (Delhi),3167.6,4031.5,3599.55,528.6
2024-11-27,Onion,Azadpur (Delhi),3305.61,4207.15,3756.38,2152.1
2024-11-28,Onion,Azadpur (Delhi),3298.41,4197.97,3748.19,498.9
2024-11-29,Onion,Azadpur (Delhi),3354.53,4269.41,3811.97,1796.6
2024-11-30,Onion,Azadpur (Delhi),3706.08,4716.82,4211.45,2622.3
2024-12-01,Onion,Azadpur (Delhi),3441.39,4379.95,3910.67,1631.6
2024-12-02,Onion,Azadpur (Delhi),3311.04,4214.04,3762.54,2112.7
2024-12-03,Onion,Azadpur (Delhi),3301.51,4201.93,3751.72,1388.0
2024-12-04,Onion,Azadpur (Delhi),3039.76,3868.78,3454.27,1121.6
2024-12-05,Onion,Azadpur (Delhi),2994.96,3811.76,3403.36,1315.6
2024-12-06,Onion,Azadpur (Delhi),3070.12,3907.42,3488.77,3315.9
2024-12-07,Onion,Azadpur (Delhi),3000.02,3818.2,3409.11,1145.5
2024-12-08,Onion,Azadpur (Delhi),3253.31,4140.57,3696.94,3012.2
2024-12-09,Onion,Azadpur (Delhi),3145.33,4003.15,3574.24,935.5
2024-12-10,Onion,Azadpur (Delhi),2994.7,3811.44,3403.07,647.4
2024-12-11,Onion,Azadpur (Delhi),3033.78,3861.18,3447.48,2502.0
2024-12-12,Onion,Azadpur (Delhi),3082.0,3922.54,3502.27,1676.5
2024-12-13,Onion,Azadpur (Delhi),3054.55,3887.61,3471.08,1778.9
2024-12-14,Onion,Azadpur (Delhi),3147.07,4005.37,3576.22,2878.6
2024-12-15,Onion,Azadpur (Delhi),3193.19,4064.07,3628.63,2683.5
2024-12-16,Onion,Azadpur (Delhi),3080.11,3920.13,3500.12,1189.8
2024-12-17,Onion,Azadpur (Delhi),3267.33,4158.41,3712.87,1476.3
2024-12-18,Onion,Azadpur (Delhi),3246.24,4131.58,3688.91,2254.4
2024-12-19,Onion,Azadpur (Delhi),3271.59,4163.85,3717.72,3049.0
2024-12-20,Onion,Azadpur (Delhi),3202.14,4075.46,3638.8,1056.2
2024-12-21,Onion,Azadpur (Delhi),3295.94,4194.84,3745.39,680.6
2024-12-22,Onion,Azadpur (Delhi),3184.35,4052.81,3618.58,1790.7
2024-12-23,Onion,Azadpur (Delhi),3432.18,4368.22,3900.2,1452.3
2024-12-24,Onion,Azadpur (Delhi),3357.02,4272.58,3814.8,2682.3
2024-12-25,Onion,Azadpur (Delhi),3858.7,4911.08,4384.89,1155.7
2024-12-26,Onion,Azadpur (Delhi),3754.11,4777.95,4266.03,546.1
2024-12-27,Onion,Azadpur (Delhi),3782.64,4814.28,4298.46,1226.3
2024-12-28,Onion,Azadpur (Delhi),3781.35,4812.63,4296.99,2584.1
2024-12-29,Onion,Azadpur (Delhi),3807.65,4846.11,4326.88,1334.5
2024-12-30,Onion,Azadpur (Delhi),3674.04,4676.04,4175.04,3136.1
2024-12-31,Onion,Azadpur (Delhi),3373.96,4294.14,3834.05,3254.9
2025-01-01,Onion,Azadpur (Delhi),3250.48,4136.98,3693.73,3142.7
2025-01-02,Onion,Azadpur (Delhi),3232.01,4113.47,3672.74,2149.0
2025-01-03,Onion,Azadpur (Delhi),3158.36,4019.74,3589.05,2505.9
2025-01-04,Onion,Azadpur (Delhi),3096.61,3941.13,3518.87,2337.7
2025-01-05,Onion,Azadpur (Delhi),3054.0,3886.92,3470.46,2562.1
2025-01-06,Onion,Azadpur (Delhi),3010.89,3832.05,3421.47,1826.2
2025-01-07,Onion,Azadpur (Delhi),3048.14,3879.46,3463.8,1615.5
2025-01-08,Onion,Azadpur (Delhi),2862.93,3643.73,3253.33,927.9
2025-01-09,Onion,Azadpur (Delhi),2783.58,3542.74,3163.16,1916.9
2025-01-10,Onion,Azadpur (Delhi),2596.78,3305.0,2950.89,3350.7
2025-01-11,Onion,Azadpur (Delhi),2513.71,3199.27,2856.49,2500.5
2025-01-12,Onion,Azadpur (Delhi),2586.11,3291.41,2938.76,1377.8
2025-01-13,Onion,Azadpur (Delhi),2591.66,3298.48,2945.07,1891.2
2025-01-14,Onion,Azadpur (Delhi),2477.37,3153.01,2815.19,1545.5
2025-01-15,Onion,Azadpur (Delhi),2393.13,3045.81,2719.47,3307.5
2025-01-16,Onion,Azadpur (Delhi),2321.52,2954.66,2638.09,1740.0
2025-01-17,Onion,Azadpur (Delhi),2224.87,2831.65,2528.26,1791.3
2025-01-18,Onion,Azadpur (Delhi),2309.51,2939.37,2624.44,1626.5
2025-01-19,Onion,Azadpur (Delhi),2433.92,3097.72,2765.82,2976.7
2025-01-20,Onion,Azadpur (Delhi),2368.51,3014.47,2691.49,3350.4
2025-01-21,Onion,Azadpur (Delhi),2489.44,3168.38,2828.91,2624.2
2025-01-22,Onion,Azadpur (Delhi),2522.69,3210.69,2866.69,1239.4
2025-01-23,Onion,Azadpur (Delhi),2529.26,3219.06,2874.16,1479.9
2025-01-24,Onion,Azadpur (Delhi),2681.67,3413.03,3047.35,1649.2
2025-01-25,Onion,Azadpur (Delhi),2838.83,3613.05,3225.94,506.6
2025-01-26,Onion,Azadpur (Delhi),2581.6,3285.68,2933.64,2496.2
2025-01-27,Onion,Azadpur (Delhi),2770.58,3526.2,3148.39,1521.6
2025-01-28,Onion,Azadpur (Delhi),2772.48,3528.6,3150.54,475.3
2025-01-29,Onion,Azadpur (Delhi),2655.0,3379.08,3017.04,2544.6
2025-01-30,Onion,Azadpur (Delhi),2805.98,3571.24,3188.61,1042.0
2025-01-31,Onion,Azadpur (Delhi),2785.94,3545.74,3165.84,3051.7
2025-02-01,Onion,Azadpur (Delhi),2793.26,3555.06,3174.16,626.2
2025-02-02,Onion,Azadpur (Delhi),2785.11,3544.69,3164.9,2807.3
2025-02-03,Onion,Azadpur (Delhi),2785.42,3545.08,3165.25,646.2
2025-02-04,Onion,Azadpur (Delhi),2725.61,3468.95,3097.28,2439.2
2025-02-05,Onion,Azadpur (Delhi),2754.92,3506.26,3130.59,464.2
2025-02-06,Onion,Azadpur (Delhi),2798.15,3561.29,3179.72,3057.0
2025-02-07,Onion,Azadpur (Delhi),2971.11,3781.41,3376.26,1668.9
2025-02-08,Onion,Azadpur (Delhi),3067.39,3903.95,3485.67,2384.7
2025-02-09,Onion,Azadpur (Delhi),3200.82,4073.78,3637.3,2071.4
2025-02-10,Onion,Azadpur (Delhi),3246.54,4131.96,3689.25,3483.5
2025-02-11,Onion,Azadpur (Delhi),3298.94,4198.64,3748.79,2694.5
2025-02-12,Onion,Azadpur (Delhi),3294.88,4193.48,3744.18,2743.7
2025-02-13,Onion,Azadpur (Delhi),3391.37,4316.29,3853.83,3093.4
2025-02-14,Onion,Azadpur (Delhi),3126.52,3979.2,3552.86,1079.8
2025-02-15,Onion,Azadpur (Delhi),3114.87,3964.39,3539.63,1339.5
2025-02-16,Onion,Azadpur (Delhi),3324.34,4230.98,3777.66,458.4
2025-02-17,Onion,Azadpur (Delhi),3556.04,4525.86,4040.95,711.5
2025-02-18,Onion,Azadpur (Delhi),3662.53,4661.41,4161.97,2823.1
2025-02-19,Onion,Azadpur (Delhi),3641.73,4634.93,4138.33,2571.4
2025-02-20,Onion,Azadpur (Delhi),3721.06,4735.9,4228.48,2465.9
2025-02-21,Onion,Azadpur (Delhi),3556.4,4526.32,4041.36,1762.9
2025-02-22,Onion,Azadpur (Delhi),3270.73,4162.75,3716.74,1812.9
2025-02-23,Onion,Azadpur (Delhi),3299.38,4199.2,3749.29,528.9
2025-02-24,Onion,Azadpur (Delhi),3213.85,4090.35,3652.1,3414.0
2025-02-25,Onion,Azadpur (Delhi),3157.35,4018.45,3587.9,1153.1
2025-02-26,Onion,Azadpur (Delhi),3084.44,3925.66,3505.05,1130.9
2025-02-27,Onion,Azadpur (Delhi),3102.52,3948.66,3525.59,741.0
2025-02-28,Onion,Azadpur (Delhi),3234.67,4116.85,3675.76,483.9
2025-03-01,Onion,Azadpur (Delhi),3273.92,4166.8,3720.36,664.3
2025-03-02,Onion,Azadpur (Delhi),3424.2,4358.08,3891.14,3480.1
2025-03-03,Onion,Azadpur (Delhi),3357.46,4273.14,3815.3,1828.3
2025-03-04,Onion,Azadpur (Delhi),3237.46,4120.4,3678.93,2431.3
2025-03-05,Onion,Azadpur (Delhi),3235.17,4117.49,3676.33,1796.9
2025-03-06,Onion,Azadpur (Delhi),3404.68,4333.24,3868.96,857.0
2025-03-07,Onion,Azadpur (Delhi),3644.04,4637.88,4140.96,2819.4
2025-03-08,Onion,Azadpur (Delhi),3624.17,4612.59,4118.38,2272.1
2025-03-09,Onion,Azadpur (Delhi),3522.24,4482.86,4002.55,2154.7
2025-03-10,Onion,Azadpur (Delhi),3577.84,4553.62,4065.73,626.9
2025-03-11,Onion,Azadpur (Delhi),3411.46,4341.86,3876.66,3288.2
2025-03-12,Onion,Azadpur (Delhi),3517.89,4477.31,3997.6,3053.1
2025-03-13,Onion,Azadpur (Delhi),3532.6,4496.04,4014.32,1945.8
2025-03-14,Onion,Azadpur (Delhi),3503.35,4458.81,3981.08,457.3
2025-03-15,Onion,Azadpur (Delhi),3359.73,4276.03,3817.88,1350.3
2025-03-16,Onion,Azadpur (Delhi),3563.43,4535.27,4049.35,2585.7
2025-03-17,Onion,Azadpur (Delhi),3514.93,4473.55,3994.24,1719.2
2025-03-18,Onion,Azadpur (Delhi),3423.24,4356.84,3890.04,2592.6
2025-03-19,Onion,Azadpur (Delhi),3667.04,4667.14,4167.09,2252.9
2025-03-20,Onion,Azadpur (Delhi),3655.26,4652.14,4153.7,408.5
2025-03-21,Onion,Azadpur (Delhi),3829.02,4873.3,4351.16,2960.6
2025-03-22,Onion,Azadpur (Delhi),3775.26,4804.88,4290.07,1418.6
2025-03-23,Onion,Azadpur (Delhi),3356.71,4272.17,3814.44,2707.2
2025-03-24,Onion,Azadpur (Delhi),3282.62,4177.88,3730.25,1087.7
2025-03-25,Onion,Azadpur (Delhi),3108.43,3956.19,3532.31,2295.4
2025-03-26,Onion,Azadpur (Delhi),3030.54,3857.04,3443.79,1102.8
2025-03-27,Onion,Azadpur (Delhi),2933.22,3733.2,3333.21,3282.9
2025-03-28,Onion,Azadpur (Delhi),2870.65,3653.55,3262.1,1643.3
2025-03-29,Onion,Azadpur (Delhi),3068.05,3904.79,3486.42,3485.9
2025-03-30,Onion,Azadpur (Delhi),3116.63,3966.61,3541.62,1976.9
2025-03-31,Onion,Azadpur (Delhi),3197.89,4070.05,3633.97,1255.3
2025-04-01,Onion,Azadpur (Delhi),3110.31,3958.57,3534.44,2264.3
2025-04-02,Onion,Azadpur (Delhi),2979.33,3791.87,3385.6,2723.6
2025-04-03,Onion,Azadpur (Delhi),2930.27,3729.43,3329.85,3375.0
2025-04-04,Onion,Azadpur (Delhi),2859.24,3639.04,3249.14,2450.7
2025-04-05,Onion,Azadpur (Delhi),2828.71,3600.17,3214.44,1010.2
2025-04-06,Onion,Azadpur (Delhi),2762.21,3515.53,3138.87,677.0
2025-04-07,Onion,Azadpur (Delhi),2548.3,3243.28,2895.79,2126.1
2025-04-08,Onion,Azadpur (Delhi),2506.34,3189.88,2848.11,3334.0
2025-04-09,Onion,Azadpur (Delhi),2335.14,2972.0,2653.57,3210.6
2025-04-10,Onion,Azadpur (Delhi),2346.55,2986.51,2666.53,2368.1
2025-04-11,Onion,Azadpur (Delhi),2413.95,3072.31,2743.13,3145.5
2025-04-12,Onion,Azadpur (Delhi),2493.08,3173.02,2833.05,3350.9
2025-04-13,Onion,Azadpur (Delhi),2473.92,3148.62,2811.27,2622.9
2025-04-14,Onion,Azadpur (Delhi),2380.29,3029.45,2704.87,3394.5
2025-04-15,Onion,Azadpur (Delhi),2360.55,3004.33,2682.44,3359.1
2025-04-16,Onion,Azadpur (Delhi),2266.0,2884.0,2575.0,2005.8
2025-04-17,Onion,Azadpur (Delhi),2523.55,3211.79,2867.67,2373.2
2025-04-18,Onion,Azadpur (Delhi),2408.41,3065.25,2736.83,2868.5
2025-04-19,Onion,Azadpur (Delhi),2343.16,2982.2,2662.68,790.4
2025-04-20,Onion,Azadpur (Delhi),2362.34,3006.62,2684.48,2896.1
2025-04-21,Onion,Azadpur (Delhi),2302.83,2930.87,2616.85,2512.2
2025-04-22,Onion,Azadpur (Delhi),2295.42,2921.44,2608.43,434.0
2025-04-23,Onion,Azadpur (Delhi),2281.87,2904.19,2593.03,2255.7
2025-04-24,Onion,Azadpur (Delhi),2300.17,2927.49,2613.83,1431.0
2025-04-25,Onion,Azadpur (Delhi),2363.7,3008.34,2686.02,1461.8
2025-04-26,Onion,Azadpur (Delhi),2355.72,2998.2,2676.96,1190.1
2025-04-27,Onion,Azadpur (Delhi),2252.12,2866.34,2559.23,2917.6
2025-04-28,Onion,Azadpur (Delhi),2155.58,2743.46,2449.52,2946.1
2025-04-29,Onion,Azadpur (Delhi),2105.41,2679.61,2392.51,3013.5
2025-04-30,Onion,Azadpur (Delhi),2096.85,2668.71,2382.78,2982.5
2025-05-01,Onion,Azadpur (Delhi),1986.22,2527.92,2257.07,1107.3
2025-05-02,Onion,Azadpur (Delhi),1955.62,2488.96,2222.29,649.8
2025-05-03,Onion,Azadpur (Delhi),1824.05,2321.51,2072.78,1523.5
2025-05-04,Onion,Azadpur (Delhi),1776.69,2261.25,2018.97,921.4
2025-05-05,Onion,Azadpur (Delhi),1808.86,2302.18,2055.52,3402.5
2025-05-06,Onion,Azadpur (Delhi),1908.66,2429.2,2168.93,579.2
2025-05-07,Onion,Azadpur (Delhi),1777.15,2261.83,2019.49,1199.9
2025-05-08,Onion,Azadpur (Delhi),1754.24,2232.68,1993.46,629.8
2025-05-09,Onion,Azadpur (Delhi),1645.56,2094.36,1869.96,1544.5
2025-05-10,Onion,Azadpur (Delhi),1627.35,2071.17,1849.26,2199.9
2025-05-11,Onion,Azadpur (Delhi),1773.7,2257.44,2015.57,802.8
2025-05-12,Onion,Azadpur (Delhi),1726.9,2197.88,1962.39,2612.2
2025-05-13,Onion,Azadpur (Delhi),1707.71,2173.45,1940.58,2632.9
2025-05-14,Onion,Azadpur (Delhi),1741.41,2216.35,1978.88,2722.5
2025-05-15,Onion,Azadpur (Delhi),1694.7,2156.9,1925.8,2274.3
2025-05-16,Onion,Azadpur (Delhi),1669.37,2124.65,1897.01,3011.1
2025-05-17,Onion,Azadpur (Delhi),1729.0,2200.54,1964.77,461.8
2025-05-18,Onion,Azadpur (Delhi),1668.59,2123.65,1896.12,741.8
2025-05-19,Onion,Azadpur (Delhi),1762.31,2242.93,2002.62,1863.0
2025-05-20,Onion,Azadpur (Delhi),1838.16,2339.48,2088.82,2256.7
2025-05-21,Onion,Azadpur (Delhi),1750.31,2227.67,1988.99,536.3
2025-05-22,Onion,Azadpur (Delhi),1800.99,2292.17,2046.58,1312.5
2025-05-23,Onion,Azadpur (Delhi),1963.12,2498.52,2230.82,2003.3
2025-05-24,Onion,Azadpur (Delhi),2054.18,2614.4,2334.29,2439.6
2025-05-25,Onion,Azadpur (Delhi),2079.7,2646.9,2363.3,2344.4
2025-05-26,Onion,Azadpur (Delhi),1891.3,2407.1,2149.2,2653.6
2025-05-27,Onion,Azadpur (Delhi),1954.7,2487.8,2221.25,1063.4
2025-05-28,Onion,Azadpur (Delhi),1883.39,2397.05,2140.22,1806.0
2025-05-29,Onion,Azadpur (Delhi),1810.96,2304.86,2057.91,2028.5
2025-05-30,Onion,Azadpur (Delhi),1675.97,2133.05,1904.51,3473.8
2025-05-31,Onion,Azadpur (Delhi),1719.86,2188.92,1954.39,551.5
2025-06-01,Onion,Azadpur (Delhi),1636.79,2083.19,1859.99,1053.5
2025-06-02,Onion,Azadpur (Delhi),1744.87,2220.75,1982.81,2363.4
2025-06-03,Onion,Azadpur (Delhi),1703.1,2167.58,1935.34,2853.0
2025-06-04,Onion,Azadpur (Delhi),1594.75,2029.69,1812.22,502.3
2025-06-05,Onion,Azadpur (Delhi),1660.18,2112.96,1886.57,1613.4
2025-06-06,Onion,Azadpur (Delhi),1676.27,2133.43,1904.85,2880.5
2025-06-07,Onion,Azadpur (Delhi),1708.65,2174.65,1941.65,2496.7
2025-06-08,Onion,Azadpur (Delhi),1620.28,2062.18,1841.23,2036.8
2025-06-09,Onion,Azadpur (Delhi),1684.64,2144.08,1914.36,1853.3
2025-06-10,Onion,Azadpur (Delhi),1798.36,2288.82,2043.59,2266.9
2025-06-11,Onion,Azadpur (Delhi),1643.59,2091.85,1867.72,1771.1
2025-06-12,Onion,Azadpur (Delhi),1657.97,2110.15,1884.06,1795.4
2025-06-13,Onion,Azadpur (Delhi),1601.49,2038.25,1819.87,2920.3
2025-06-14,Onion,Azadpur (Delhi),1720.48,2189.7,1955.09,1705.4
2025-06-15,Onion,Azadpur (Delhi),1852.69,2357.97,2105.33,2352.6
2025-06-16,Onion,Azadpur (Delhi),1850.9,2355.7,2103.3,2904.0
2025-06-17,Onion,Azadpur (Delhi),1823.21,2320.45,2071.83,1514.5
2025-06-18,Onion,Azadpur (Delhi),1967.72,2504.36,2236.04,3021.8
2025-06-19,Onion,Azadpur (Delhi),1960.51,2495.19,2227.85,2809.1
2025-06-20,Onion,Azadpur (Delhi),1969.31,2506.39,2237.85,626.0
2025-06-21,Onion,Azadpur (Delhi),1888.09,2403.03,2145.56,2088.7
2025-06-22,Onion,Azadpur (Delhi),1910.78,2431.9,2171.34,1524.8
2025-06-23,Onion,Azadpur (Delhi),1842.08,2344.46,2093.27,2599.7
2025-06-24,Onion,Azadpur (Delhi),1929.56,2455.8,2192.68,1668.6
2025-06-25,Onion,Azadpur (Delhi),1920.83,2444.69,2182.76,2825.5
2025-06-26,Onion,Azadpur (Delhi),1898.12,2415.8,2156.96,3467.5
2025-06-27,Onion,Azadpur (Delhi),1925.33,2450.41,2187.87,3377.5
2025-06-28,Onion,Azadpur (Delhi),2013.26,2562.34,2287.8,1151.7
2025-06-29,Onion,Azadpur (Delhi),1881.34,2394.44,2137.89,1556.9
2025-06-30,Onion,Azadpur (Delhi),1783.24,2269.58,2026.41,543.2
2025-07-01,Onion,Azadpur (Delhi),1778.91,2264.07,2021.49,2600.5
2025-07-02,Onion,Azadpur (Delhi),1926.59,2452.03,2189.31,1477.7
2025-07-03,Onion,Azadpur (Delhi),1841.65,2343.91,2092.78,3172.9
2025-07-04,Onion,Azadpur (Delhi),1783.36,2269.72,2026.54,1574.2
2025-07-05,Onion,Azadpur (Delhi),1802.24,2293.76,2048.0,2746.1
2025-07-06,Onion,Azadpur (Delhi),1787.87,2275.47,2031.67,623.6
2025-07-07,Onion,Azadpur (Delhi),1732.43,2204.91,1968.67,3044.7
2025-07-08,Onion,Azadpur (Delhi),1713.09,2180.29,1946.69,1080.0
2025-07-09,Onion,Azadpur (Delhi),1756.07,2234.99,1995.53,2854.9
2025-07-10,Onion,Azadpur (Delhi),1621.09,2063.21,1842.15,890.8
2025-07-11,Onion,Azadpur (Delhi),1614.35,2054.63,1834.49,2129.7
2025-07-12,Onion,Azadpur (Delhi),1667.6,2122.4,1895.0,2257.5
2025-07-13,Onion,Azadpur (Delhi),1597.3,2032.92,1815.11,2156.4
2025-07-14,Onion,Azadpur (Delhi),1557.93,1982.83,1770.38,2992.2
2025-07-15,Onion,Azadpur (Delhi),1596.94,2032.46,1814.7,2192.8
2025-07-16,Onion,Azadpur (Delhi),1563.09,1989.39,1776.24,2586.9
2025-07-17,Onion,Azadpur (Delhi),1547.3,1969.28,1758.29,2413.8
2025-07-18,Onion,Azadpur (Delhi),1524.55,1940.33,1732.44,2525.0
2025-07-19,Onion,Azadpur (Delhi),1593.59,2028.21,1810.9,985.9
2025-07-20,Onion,Azadpur (Delhi),1523.73,1939.29,1731.51,664.4
2025-07-21,Onion,Azadpur (Delhi),1558.45,1983.49,1770.97,1929.0
2025-07-22,Onion,Azadpur (Delhi),1562.19,1988.25,1775.22,424.0
2025-07-23,Onion,Azadpur (Delhi),1579.37,2010.11,1794.74,856.7
2025-07-24,Onion,Azadpur (Delhi),1613.98,2054.16,1834.07,2144.4
2025-07-25,Onion,Azadpur (Delhi),1544.06,1965.16,1754.61,538.5
2025-07-26,Onion,Azadpur (Delhi),1658.51,2110.83,1884.67,1556.4
2025-07-27,Onion,Azadpur (Delhi),1688.99,2149.63,1919.31,3326.3
2025-07-28,Onion,Azadpur (Delhi),1609.37,2048.29,1828.83,780.2
2025-07-29,Onion,Azadpur (Delhi),1626.06,2069.52,1847.79,3101.7
2025-07-30,Onion,Azadpur (Delhi),1698.1,2161.22,1929.66,412.1
2025-07-31,Onion,Azadpur (Delhi),1633.97,2079.59,1856.78,2330.1
2025-08-01,Onion,Azadpur (Delhi),1633.25,2078.69,1855.97,544.7
2025-08-02,Onion,Azadpur (Delhi),1609.96,2049.04,1829.5,613.5
2025-08-03,Onion,Azadpur (Delhi),1650.34,2100.44,1875.39,3060.0
2025-08-04,Onion,Azadpur (Delhi),1808.99,2302.35,2055.67,466.1
2025-08-05,Onion,Azadpur (Delhi),1831.41,2330.89,2081.15,1061.9
2025-08-06,Onion,Azadpur (Delhi),1756.78,2235.9,1996.34,1401.2
2025-08-07,Onion,Azadpur (Delhi),1780.47,2266.05,2023.26,1760.7
2025-08-08,Onion,Azadpur (Delhi),1773.6,2257.32,2015.46,543.4
2025-08-09,Onion,Azadpur (Delhi),2020.14,2571.08,2295.61,1633.8
2025-08-10,Onion,Azadpur (Delhi),1975.17,2513.85,2244.51,1477.7
2025-08-11,Onion,Azadpur (Delhi),1948.64,2480.08,2214.36,3478.0
2025-08-12,Onion,Azadpur (Delhi),1978.57,2518.17,2248.37,1177.2
2025-08-13,Onion,Azadpur (Delhi),2070.09,2634.65,2352.37,2942.0
2025-08-14,Onion,Azadpur (Delhi),2205.02,2806.38,2505.7,2985.1
2025-08-15,Onion,Azadpur (Delhi),2198.24,2797.76,2498.0,1826.4
2025-08-16,Onion,Azadpur (Delhi),2344.23,2983.57,2663.9,3364.0
2025-08-17,Onion,Azadpur (Delhi),2294.38,2920.12,2607.25,968.7
2025-08-18,Onion,Azadpur (Delhi),2198.5,2798.1,2498.3,1591.8
2025-08-19,Onion,Azadpur (Delhi),2215.21,2819.35,2517.28,3178.2
2025-08-20,Onion,Azadpur (Delhi),2239.84,2850.7,2545.27,3019.3
2025-08-21,Onion,Azadpur (Delhi),2464.91,3137.15,2801.03,2013.6
2025-08-22,Onion,Azadpur (Delhi),2506.2,3189.7,2847.95,1413.5
2025-08-23,Onion,Azadpur (Delhi),2461.98,3133.44,2797.71,1454.7
2025-08-24,Onion,Azadpur (Delhi),2276.27,2897.07,2586.67,2173.2
2025-08-25,Onion,Azadpur (Delhi),2310.36,2940.46,2625.41,1007.3
2025-08-26,Onion,Azadpur (Delhi),2465.52,3137.94,2801.73,2668.0
2025-08-27,Onion,Azadpur (Delhi),2361.42,3005.44,2683.43,2095.4
2025-08-28,Onion,Azadpur (Delhi),2355.93,2998.45,2677.19,2484.9
2025-08-29,Onion,Azadpur (Delhi),2414.46,3072.96,2743.71,2393.9
2025-08-30,Onion,Azadpur (Delhi),2650.25,3373.05,3011.65,1018.3
2025-08-31,Onion,Azadpur (Delhi),2571.84,3273.26,2922.55,2775.7
2025-09-01,Onion,Azadpur (Delhi),2621.11,3335.95,2978.53,466.9
2025-09-02,Onion,Azadpur (Delhi),2615.2,3328.44,2971.82,1394.1
2025-09-03,Onion,Azadpur (Delhi),2633.86,3352.18,2993.02,2507.5
2025-09-04,Onion,Azadpur (Delhi),2506.6,3190.22,2848.41,2788.4
2025-09-05,Onion,Azadpur (Delhi),2344.87,2984.39,2664.63,2742.9
2025-09-06,Onion,Azadpur (Delhi),2255.16,2870.2,2562.68,973.2
2025-09-07,Onion,Azadpur (Delhi),2074.23,2639.93,2357.08,2310.0
2025-09-08,Onion,Azadpur (Delhi),2002.73,2548.93,2275.83,2771.6
2025-09-09,Onion,Azadpur (Delhi),2108.24,2683.22,2395.73,2968.9
2025-09-10,Onion,Azadpur (Delhi),2199.47,2799.33,2499.4,2258.6
2025-09-11,Onion,Azadpur (Delhi),2219.5,2824.82,2522.16,1517.1
2025-09-12,Onion,Azadpur (Delhi),2299.72,2926.92,2613.32,1303.4
2025-09-13,Onion,Azadpur (Delhi),2162.96,2752.86,2457.91,1195.3
2025-09-14,Onion,Azadpur (Delhi),2200.89,2801.13,2501.01,2248.9
2025-09-15,Onion,Azadpur (Delhi),2262.37,2879.37,2570.87,3377.1
2025-09-16,Onion,Azadpur (Delhi),2027.39,2580.31,2303.85,1977.7
2025-09-17,Onion,Azadpur (Delhi),1975.9,2514.78,2245.34,1242.0
2025-09-18,Onion,Azadpur (Delhi),1963.81,2499.39,2231.6,2282.7
2025-09-19,Onion,Azadpur (Delhi),1911.78,2433.18,2172.48,471.0
2025-09-20,Onion,Azadpur (Delhi),1750.58,2228.02,1989.3,3222.0
2025-09-21,Onion,Azadpur (Delhi),1848.42,2352.54,2100.48,490.5
2025-09-22,Onion,Azadpur (Delhi),1869.08,2378.84,2123.96,3145.8
2025-09-23,Onion,Azadpur (Delhi),1852.0,2357.08,2104.54,2403.1
2025-09-24,Onion,Azadpur (Delhi),2056.68,2617.6,2337.14,1245.3
2025-09-25,Onion,Azadpur (Delhi),2045.87,2603.83,2324.85,2216.8
2025-09-26,Onion,Azadpur (Delhi),1964.12,2499.8,2231.96,1815.0
2025-09-27,Onion,Azadpur (Delhi),1904.17,2423.49,2163.83,3314.8
2025-09-28,Onion,Azadpur (Delhi),2012.91,2561.89,2287.4,1752.3
2025-09-29,Onion,Azadpur (Delhi),2039.42,2595.62,2317.52,1061.5
2025-09-30,Onion,Azadpur (Delhi),1948.6,2480.04,2214.32,1815.4
2025-10-01,Onion,Azadpur (Delhi),1995.09,2539.21,2267.15,2912.5
2025-10-02,Onion,Azadpur (Delhi),1937.36,2465.72,2201.54,2012.9
2025-10-03,Onion,Azadpur (Delhi),2007.44,2554.92,2281.18,2265.5
2025-10-04,Onion,Azadpur (Delhi),2108.51,2683.55,2396.03,2294.9
2025-10-05,Onion,Azadpur (Delhi),2092.06,2662.62,2377.34,1855.0
2025-10-06,Onion,Azadpur (Delhi),2158.55,2747.25,2452.9,465.7
2025-10-07,Onion,Azadpur (Delhi),2260.35,2876.81,2568.58,704.4
2025-10-08,Onion,Azadpur (Delhi),2111.44,2687.28,2399.36,2841.5
2025-10-09,Onion,Azadpur (Delhi),2224.72,2831.46,2528.09,2103.3
2025-10-10,Onion,Azadpur (Delhi),2238.06,2848.44,2543.25,1862.9
2025-10-11,Onion,Azadpur (Delhi),2365.19,3010.25,2687.72,2849.2
2025-10-12,Onion,Azadpur (Delhi),2423.34,3084.26,2753.8,1545.0
2025-10-13,Onion,Azadpur (Delhi),2617.29,3331.09,2974.19,2184.8
2025-10-14,Onion,Azadpur (Delhi),2833.05,3605.69,3219.37,3218.6
2025-10-15,Onion,Azadpur (Delhi),2691.61,3425.69,3058.65,3428.5
2025-10-16,Onion,Azadpur (Delhi),2566.92,3267.0,2916.96,2084.2
2025-10-17,Onion,Azadpur (Delhi),2522.7,3210.72,2866.71,2307.1
2025-10-18,Onion,Azadpur (Delhi),2637.8,3357.2,2997.5,404.6
2025-10-19,Onion,Azadpur (Delhi),2627.6,3344.22,2985.91,435.4
2025-10-20,Onion,Azadpur (Delhi),2633.75,3352.05,2992.9,1034.8
2025-10-21,Onion,Azadpur (Delhi),2403.08,3058.46,2730.77,3227.3
2025-10-22,Onion,Azadpur (Delhi),2580.88,3284.76,2932.82,2144.0
2025-10-23,Onion,Azadpur (Delhi),2859.87,3639.83,3249.85,592.5
2025-10-24,Onion,Azadpur (Delhi),2891.57,3680.19,3285.88,3427.2
2025-10-25,Onion,Azadpur (Delhi),3144.05,4001.51,3572.78,2017.2
2025-10-26,Onion,Azadpur (Delhi),3363.26,4280.52,3821.89,1496.2
2025-10-27,Onion,Azadpur (Delhi),3300.55,4200.71,3750.63,1635.2
2025-10-28,Onion,Azadpur (Delhi),3367.65,4286.11,3826.88,3202.5
2025-10-29,Onion,Azadpur (Delhi),3339.12,4249.8,3794.46,468.5
2025-10-30,Onion,Azadpur (Delhi),3365.78,4283.72,3824.75,442.0
2025-10-31,Onion,Azadpur (Delhi),3431.3,4367.1,3899.2,1205.6
2025-11-01,Onion,Azadpur (Delhi),3236.79,4119.55,3678.17,1641.7
2025-11-02,Onion,Azadpur (Delhi),3161.95,4024.31,3593.13,2344.9
2025-11-03,Onion,Azadpur (Delhi),3151.9,4011.52,3581.71,741.3
2025-11-04,Onion,Azadpur (Delhi),3381.16,4303.3,3842.23,2254.6
2025-11-05,Onion,Azadpur (Delhi),3222.34,4101.16,3661.75,1593.1
2025-11-06,Onion,Azadpur (Delhi),2963.83,3772.15,3367.99,3297.7
2025-11-07,Onion,Azadpur (Delhi),3193.98,4065.06,3629.52,3013.2
2025-11-08,Onion,Azadpur (Delhi),3243.72,4128.38,3686.05,2558.4
2025-11-09,Onion,Azadpur (Delhi),3110.54,3958.86,3534.7,1639.2
2025-11-10,Onion,Azadpur (Delhi),3283.68,4179.22,3731.45,1988.9
2025-11-11,Onion,Azadpur (Delhi),3206.93,4081.55,3644.24,1032.3
2025-11-12,Onion,Azadpur (Delhi),3376.21,4296.99,3836.6,1501.2
2025-11-13,Onion,Azadpur (Delhi),3185.82,4054.68,3620.25,2903.3
2025-11-14,Onion,Azadpur (Delhi),3107.69,3955.25,3531.47,1009.7
2025-11-15,Onion,Azadpur (Delhi),3116.86,3966.92,3541.89,1991.5
2025-11-16,Onion,Azadpur (Delhi),3150.08,4009.2,3579.64,2348.9
2025-11-17,Onion,Azadpur (Delhi),3103.93,3950.45,3527.19,2036.9
2025-11-18,Onion,Azadpur (Delhi),2930.67,3729.95,3330.31,2503.8
2025-11-19,Onion,Azadpur (Delhi),2829.75,3601.49,3215.62,1985.5
2025-11-20,Onion,Azadpur (Delhi),2689.73,3423.29,3056.51,1902.1
2025-11-21,Onion,Azadpur (Delhi),2753.76,3504.78,3129.27,1578.2
2025-11-22,Onion,Azadpur (Delhi),2709.26,3448.14,3078.7,2339.6
2025-11-23,Onion,Azadpur (Delhi),2616.31,3329.85,2973.08,546.6
2025-11-24,Onion,Azadpur (Delhi),2824.81,3595.21,3210.01,1307.4
2025-11-25,Onion,Azadpur (Delhi),2682.01,3413.47,3047.74,3131.6
2025-11-26,Onion,Azadpur (Delhi),2551.27,3247.07,2899.17,1157.8
2025-11-27,Onion,Azadpur (Delhi),2538.57,3230.91,2884.74,3140.1
2025-11-28,Onion,Azadpur (Delhi),2564.83,3264.33,2914.58,522.7
2025-11-29,Onion,Azadpur (Delhi),2615.03,3328.21,2971.62,2660.6
2025-11-30,Onion,Azadpur (Delhi),2691.02,3424.94,3057.98,3167.1
2025-12-01,Onion,Azadpur (Delhi),2815.41,3583.25,3199.33,3422.5
2025-12-02,Onion,Azadpur (Delhi),2761.14,3514.18,3137.66,1781.9
2025-12-03,Onion,Azadpur (Delhi),2787.49,3547.71,3167.6,966.0
2025-12-04,Onion,Azadpur (Delhi),2982.04,3795.32,3388.68,1419.7
2025-12-05,Onion,Azadpur (Delhi),2836.32,3609.86,3223.09,503.8
2025-12-06,Onion,Azadpur (Delhi),2913.21,3707.73,3310.47,1654.1
2025-12-07,Onion,Azadpur (Delhi),2936.51,3737.37,3336.94,540.3
2025-12-08,Onion,Azadpur (Delhi),2965.56,3774.34,3369.95,774.0
2025-12-09,Onion,Azadpur (Delhi),2781.28,3539.8,3160.54,811.2
2025-12-10,Onion,Azadpur (Delhi),2798.21,3561.35,3179.78,603.3
2025-12-11,Onion,Azadpur (Delhi),2914.86,3709.82,3312.34,515.6
2025-12-12,Onion,Azadpur (Delhi),2891.5,3680.1,3285.8,2202.0
2025-12-13,Onion,Azadpur (Delhi),2838.81,3613.03,3225.92,3296.8
2025-12-14,Onion,Azadpur (Delhi),2908.07,3701.17,3304.62,1384.6
2025-12-15,Onion,Azadpur (Delhi),2897.35,3687.53,3292.44,1178.0
2025-12-16,Onion,Azadpur (Delhi),2736.2,3482.44,3109.32,3050.1
2025-12-17,Onion,Azadpur (Delhi),2558.06,3255.72,2906.89,1529.8
2025-12-18,Onion,Azadpur (Delhi),2620.46,3335.14,2977.8,1682.2
2025-12-19,Onion,Azadpur (Delhi),2522.21,3210.09,2866.15,1359.9
2025-12-20,Onion,Azadpur (Delhi),2213.81,2817.57,2515.69,2255.4
2025-12-21,Onion,Azadpur (Delhi),2249.12,2862.52,2555.82,3096.2
2025-12-22,Onion,Azadpur (Delhi),2209.35,2811.89,2510.62,2432.1
2025-12-23,Onion,Azadpur (Delhi),2085.76,2654.6,2370.18,2093.7
2025-12-24,Onion,Azadpur (Delhi),2173.99,2766.89,2470.44,3055.5
2025-12-25,Onion,Azadpur (Delhi),2190.67,2788.13,2489.4,2742.4
2025-12-26,Onion,Azadpur (Delhi),2234.74,2844.22,2539.48,2597.9
2025-12-27,Onion,Azadpur (Delhi),2395.67,3049.03,2722.35,2969.1
2025-12-28,Onion,Azadpur (Delhi),2438.97,3104.15,2771.56,1987.3
2025-12-29,Onion,Azadpur (Delhi),2452.07,3120.81,2786.44,1667.7
2025-12-30,Onion,Azadpur (Delhi),2344.49,2983.89,2664.19,2233.7
2025-12-31,Onion,Azadpur (Delhi),2364.79,3009.73,2687.26,911.7
2026-01-01,Onion,Azadpur (Delhi),2275.4,2895.96,2585.68,1622.4
2026-01-02,Onion,Azadpur (Delhi),2461.86,3133.28,2797.57,468.7
2026-01-03,Onion,Azadpur (Delhi),2331.85,2967.81,2649.83,3404.9
2026-01-04,Onion,Azadpur (Delhi),2341.35,2979.89,2660.62,2196.6
2026-01-05,Onion,Azadpur (Delhi),2342.25,2981.05,2661.65,2846.0
2026-01-06,Onion,Azadpur (Delhi),2290.1,2914.68,2602.39,2970.9
2026-01-07,Onion,Azadpur (Delhi),2196.32,2795.32,2495.82,1527.1
2026-01-08,Onion,Azadpur (Delhi),2265.66,2883.56,2574.61,591.9
2026-01-09,Onion,Azadpur (Delhi),2296.75,2923.13,2609.94,3076.0
2026-01-10,Onion,Azadpur (Delhi),2474.47,3149.33,2811.9,1430.4
2026-01-11,Onion,Azadpur (Delhi),2491.13,3170.53,2830.83,1014.4
2026-01-12,Onion,Azadpur (Delhi),2602.64,3312.44,2957.54,2786.6
2026-01-13,Onion,Azadpur (Delhi),2625.25,3341.23,2983.24,1565.2
2026-01-14,Onion,Azadpur (Delhi),2676.87,3406.93,3041.9,1685.8
2026-01-15,Onion,Azadpur (Delhi),2862.61,3643.33,3252.97,2453.8
2026-01-16,Onion,Azadpur (Delhi),3063.21,3898.63,3480.92,1092.2
2026-01-17,Onion,Azadpur (Delhi),3083.12,3923.96,3503.54,2388.0
2026-01-18,Onion,Azadpur (Delhi),2998.04,3815.68,3406.86,2479.2
2026-01-19,Onion,Azadpur (Delhi),3119.83,3970.69,3545.26,3471.7
2026-01-20,Onion,Azadpur (Delhi),2965.41,3774.15,3369.78,1769.6
2026-01-21,Onion,Azadpur (Delhi),3050.8,3882.84,3466.82,2877.9
2026-01-22,Onion,Azadpur (Delhi),3274.24,4167.22,3720.73,3165.9
2026-01-23,Onion,Azadpur (Delhi),3168.26,4032.34,3600.3,896.7
2026-01-24,Onion,Azadpur (Delhi),3205.3,4079.48,3642.39,1305.5
2026-01-25,Onion,Azadpur (Delhi),3148.2,4006.8,3577.5,1574.1
2026-01-26,Onion,Azadpur (Delhi),2956.54,3762.88,3359.71,3074.6
2026-01-27,Onion,Azadpur (Delhi),3108.27,3955.99,3532.13,942.1
2026-01-28,Onion,Azadpur (Delhi),3379.24,4300.84,3840.04,2252.6
2026-01-29,Onion,Azadpur (Delhi),3339.69,4250.51,3795.1,2811.3
2026-01-30,Onion,Azadpur (Delhi),3262.28,4152.0,3707.14,1763.3
2026-01-31,Onion,Azadpur (Delhi),3353.54,4268.14,3810.84,1199.1
2026-02-01,Onion,Azadpur (Delhi),3276.51,4170.11,3723.31,2824.6
2026-02-02,Onion,Azadpur (Delhi),3566.93,4539.73,4053.33,2690.9
2026-02-03,Onion,Azadpur (Delhi),3456.06,4398.62,3927.34,1646.9
2026-02-04,Onion,Azadpur (Delhi),3574.05,4548.79,4061.42,786.9
2026-02-05,Onion,Azadpur (Delhi),3506.17,4462.39,3984.28,1059.5
2026-02-06,Onion,Azadpur (Delhi),3360.27,4276.71,3818.49,2166.9
2026-02-07,Onion,Azadpur (Delhi),3341.34,4252.62,3796.98,3286.9
2026-02-08,Onion,Azadpur (Delhi),3366.31,4284.39,3825.35,2384.8
2026-02-09,Onion,Azadpur (Delhi),3635.76,4627.32,4131.54,3346.7
2026-02-10,Onion,Azadpur (Delhi),3660.21,4658.45,4159.33,413.1
2026-02-11,Onion,Azadpur (Delhi),3624.8,4613.38,4119.09,1440.8
2026-02-12,Onion,Azadpur (Delhi),3804.06,4841.54,4322.8,1165.7
2026-02-13,Onion,Azadpur (Delhi),3895.21,4957.53,4426.37,2125.4
2026-02-14,Onion,Azadpur (Delhi),3992.35,5081.17,4536.76,2773.2
2026-02-15,Onion,Azadpur (Delhi),3895.22,4957.56,4426.39,800.6
2026-02-16,Onion,Azadpur (Delhi),3670.35,4671.35,4170.85,2985.1
2026-02-17,Onion,Azadpur (Delhi),3785.25,4817.59,4301.42,2754.9
2026-02-18,Onion,Azadpur (Delhi),3862.85,4916.35,4389.6,2555.3
2026-02-19,Onion,Azadpur (Delhi),3890.12,4951.06,4420.59,3348.6
2026-02-20,Onion,Azadpur (Delhi),3888.9,4949.52,4419.21,1122.1
2026-02-21,Onion,Azadpur (Delhi),3680.3,4684.02,4182.16,2091.5
2026-02-22,Onion,Azadpur (Delhi),3526.33,4488.05,4007.19,766.6
2026-02-23,Onion,Azadpur (Delhi),3522.25,4482.87,4002.56,623.1
2026-02-24,Onion,Azadpur (Delhi),3410.62,4340.8,3875.71,1105.8
2026-02-25,Onion,Azadpur (Delhi),3695.18,4702.96,4199.07,2985.8
2026-02-26,Onion,Azadpur (Delhi),3709.97,4721.79,4215.88,822.9
2026-02-27,Onion,Azadpur (Delhi),3926.12,4996.88,4461.5,1066.8
2026-02-28,Onion,Azadpur (Delhi),4051.53,5156.49,4604.01,2152.5
2026-03-01,Onion,Azadpur (Delhi),3891.22,4952.46,4421.84,2343.2
2026-03-02,Onion,Azadpur (Delhi),3612.01,4597.11,4104.56,2472.8
2026-03-03,Onion,Azadpur (Delhi),3688.49,4694.45,4191.47,2427.4
2026-03-04,Onion,Azadpur (Delhi),3667.53,4667.77,4167.65,1953.3
2026-03-05,Onion,Azadpur (Delhi),3451.81,4393.21,3922.51,3226.2
2026-03-06,Onion,Azadpur (Delhi),3484.1,4434.3,3959.2,2915.7
2026-03-07,Onion,Azadpur (Delhi),3536.76,4501.32,4019.04,2994.4
2026-03-08,Onion,Azadpur (Delhi),3599.39,4581.05,4090.22,3496.6
2026-03-09,Onion,Azadpur (Delhi),3373.03,4292.95,3832.99,3493.7
2026-03-10,Onion,Azadpur (Delhi),3384.77,4307.89,3846.33,831.0
2026-03-11,Onion,Azadpur (Delhi),3295.88,4194.76,3745.32,2745.2
2026-03-12,Onion,Azadpur (Delhi),3353.92,4268.62,3811.27,2668.1
2026-03-13,Onion,Azadpur (Delhi),3337.11,4247.23,3792.17,1550.9
2026-03-14,Onion,Azadpur (Delhi),3334.39,4243.77,3789.08,2652.5
2026-03-15,Onion,Azadpur (Delhi),3153.01,4012.93,3582.97,3080.7
2026-03-16,Onion,Azadpur (Delhi),3155.99,4016.71,3586.35,1494.5
2026-03-17,Onion,Azadpur (Delhi),3202.91,4076.43,3639.67,1471.4
2026-03-18,Onion,Azadpur (Delhi),2839.86,3614.36,3227.11,3296.6
2026-03-19,Onion,Azadpur (Delhi),2914.8,3709.74,3312.27,2295.2
2026-03-20,Onion,Azadpur (Delhi),2895.95,3685.75,3290.85,2339.7
2026-03-21,Onion,Azadpur (Delhi),2904.29,3696.37,3300.33,2277.8
2026-03-22,Onion,Azadpur (Delhi),2868.08,3650.28,3259.18,2743.1
2026-03-23,Onion,Azadpur (Delhi),2774.16,3530.76,3152.46,848.7
2026-03-24,Onion,Azadpur (Delhi),2695.24,3430.3,3062.77,1134.4
2026-03-25,Onion,Azadpur (Delhi),2730.04,3474.6,3102.32,2047.4
2026-03-26,Onion,Azadpur (Delhi),2878.66,3663.76,3271.21,1104.4
2026-03-27,Onion,Azadpur (Delhi),2665.66,3392.66,3029.16,2620.1
2026-03-28,Onion,Azadpur (Delhi),2640.31,3360.39,3000.35,826.1
2026-03-29,Onion,Azadpur (Delhi),2675.6,3405.3,3040.45,2435.0
2026-03-30,Onion,Azadpur (Delhi),2734.37,3480.11,3107.24,2266.7
2026-03-31,Onion,Azadpur (Delhi),2743.05,3491.15,3117.1,2172.8
2026-04-01,Onion,Azadpur (Delhi),2618.0,3332.0,2975.0,2578.8
2026-04-02,Onion,Azadpur (Delhi),2547.18,3241.86,2894.52,1903.5
2026-04-03,Onion,Azadpur (Delhi),2582.01,3286.19,2934.1,2912.6
2026-04-04,Onion,Azadpur (Delhi),2519.54,3206.68,2863.11,422.8
2026-04-05,Onion,Azadpur (Delhi),2419.76,3079.7,2749.73,3265.5
2026-04-06,Onion,Azadpur (Delhi),2289.06,2913.34,2601.2,1128.7
2026-04-07,Onion,Azadpur (Delhi),2168.13,2759.43,2463.78,1379.3
2026-04-08,Onion,Azadpur (Delhi),2139.84,2723.44,2431.64,1837.6
2026-04-09,Onion,Azadpur (Delhi),2175.11,2768.33,2471.72,1939.5
2026-04-10,Onion,Azadpur (Delhi),2042.7,2599.8,2321.25,2715.3
2026-04-11,Onion,Azadpur (Delhi),2232.74,2841.68,2537.21,2636.8
2026-04-12,Onion,Azadpur (Delhi),2191.29,2788.91,2490.1,1266.9
2026-04-13,Onion,Azadpur (Delhi),2148.7,2734.7,2441.7,1404.3
2026-04-14,Onion,Azadpur (Delhi),2002.61,2548.77,2275.69,574.7
2026-04-15,Onion,Azadpur (Delhi),1940.07,2469.17,2204.62,793.8
2026-04-16,Onion,Azadpur (Delhi),1808.08,2301.2,2054.64,2284.7
2026-04-17,Onion,Azadpur (Delhi),1904.38,2423.76,2164.07,1952.0
2026-04-18,Onion,Azadpur (Delhi),1919.2,2442.62,2180.91,951.1
2026-04-19,Onion,Azadpur (Delhi),1989.88,2532.58,2261.23,2637.4
2026-04-20,Onion,Azadpur (Delhi),2093.79,2664.83,2379.31,2224.6
2026-04-21,Onion,Azadpur (Delhi),2113.69,2690.15,2401.92,1038.5
2026-04-22,Onion,Azadpur (Delhi),2170.34,2762.24,2466.29,749.9
2026-04-23,Onion,Azadpur (Delhi),2235.07,2844.63,2539.85,412.2
2026-04-24,Onion,Azadpur (Delhi),2402.67,3057.95,2730.31,1693.5
2026-04-25,Onion,Azadpur (Delhi),2443.12,3109.42,2776.27,2392.8
2026-04-26,Onion,Azadpur (Delhi),2494.12,3174.34,2834.23,1868.7
2026-04-27,Onion,Azadpur (Delhi),2568.07,3268.45,2918.26,572.1
2026-04-28,Onion,Azadpur (Delhi),2552.84,3249.08,2900.96,613.3
2026-04-29,Onion,Azadpur (Delhi),2552.88,3249.12,2901.0,3477.3
2026-04-30,Onion,Azadpur (Delhi),2624.71,3340.53,2982.62,2260.3
2026-05-01,Onion,Azadpur (Delhi),2620.27,3334.89,2977.58,770.3
2026-05-02,Onion,Azadpur (Delhi),2573.52,3275.4,2924.46,675.1
2026-05-03,Onion,Azadpur (Delhi),2383.08,3033.02,2708.05,2029.2
2026-05-04,Onion,Azadpur (Delhi),2191.89,2789.67,2490.78,2742.0
2026-05-05,Onion,Azadpur (Delhi),2128.87,2709.47,2419.17,1722.4
2026-05-06,Onion,Azadpur (Delhi),2083.29,2651.47,2367.38,611.4
2026-05-07,Onion,Azadpur (Delhi),2085.48,2654.24,2369.86,704.5
2026-05-08,Onion,Azadpur (Delhi),2092.8,2663.56,2378.18,2805.1
2026-05-09,Onion,Azadpur (Delhi),2159.65,2748.65,2454.15,2067.5
2026-05-10,Onion,Azadpur (Delhi),2253.38,2867.94,2560.66,3089.9
2026-05-11,Onion,Azadpur (Delhi),2267.29,2885.65,2576.47,1125.7
2026-05-12,Onion,Azadpur (Delhi),2231.8,2840.48,2536.14,683.1
2026-05-13,Onion,Azadpur (Delhi),2168.15,2759.47,2463.81,3431.3
2026-05-14,Onion,Azadpur (Delhi),2004.06,2550.62,2277.34,2482.0
2026-05-15,Onion,Azadpur (Delhi),2003.22,2549.56,2276.39,1772.8
2026-05-16,Onion,Azadpur (Delhi),2008.08,2555.74,2281.91,1106.7
2026-05-17,Onion,Azadpur (Delhi),1971.38,2509.02,2240.2,2321.2
2026-05-18,Onion,Azadpur (Delhi),2196.49,2795.53,2496.01,1744.4
2026-05-19,Onion,Azadpur (Delhi),2198.08,2797.56,2497.82,1616.2
2026-05-20,Onion,Azadpur (Delhi),2044.39,2601.95,2323.17,2727.0
2026-05-21,Onion,Azadpur (Delhi),2022.94,2574.66,2298.8,464.6
2026-05-22,Onion,Azadpur (Delhi),1979.62,2519.52,2249.57,504.1
2026-05-23,Onion,Azadpur (Delhi),1980.32,2520.4,2250.36,942.7
2026-05-24,Onion,Azadpur (Delhi),2043.4,2600.7,2322.05,3378.0
2026-05-25,Onion,Azadpur (Delhi),2282.17,2904.57,2593.37,1039.2
2026-05-26,Onion,Azadpur (Delhi),2276.96,2897.94,2587.45,1708.4
2026-05-27,Onion,Azadpur (Delhi),2362.32,3006.58,2684.45,2476.8
2026-05-28,Onion,Azadpur (Delhi),2251.52,2865.58,2558.55,1129.3
2026-05-29,Onion,Azadpur (Delhi),2370.28,3016.72,2693.5,2971.7
2026-05-30,Onion,Azadpur (Delhi),2227.98,2835.6,2531.79,2281.3
2026-05-31,Onion,Azadpur (Delhi),2303.25,2931.41,2617.33,3430.8
2026-06-01,Onion,Azadpur (Delhi),2265.58,2883.46,2574.52,1627.3
2026-06-02,Onion,Azadpur (Delhi),2301.29,2928.91,2615.1,2517.1
2026-06-03,Onion,Azadpur (Delhi),2140.72,2724.56,2432.64,1667.4
2026-06-04,Onion,Azadpur (Delhi),2068.96,2633.22,2351.09,2078.2
2026-06-05,Onion,Azadpur (Delhi),2066.81,2630.49,2348.65,1583.9
2026-06-06,Onion,Azadpur (Delhi),2064.74,2627.84,2346.29,3142.6
2026-06-07,Onion,Azadpur (Delhi),2102.37,2675.75,2389.06,3097.2
2026-06-08,Onion,Azadpur (Delhi),1949.23,2480.83,2215.03,2384.8
2026-06-09,Onion,Azadpur (Delhi),1984.17,2525.31,2254.74,1872.1
2026-06-10,Onion,Azadpur (Delhi),2041.25,2597.95,2319.6,3391.3
2026-06-11,Onion,Azadpur (Delhi),1875.35,2386.81,2131.08,1488.4
2026-06-12,Onion,Azadpur (Delhi),1780.33,2265.87,2023.1,2258.1
2026-06-13,Onion,Azadpur (Delhi),1736.89,2210.59,1973.74,1649.7
2026-06-14,Onion,Azadpur (Delhi),1577.02,2007.12,1792.07,2978.2
2026-06-15,Onion,Azadpur (Delhi),1542.51,1963.19,1752.85,3105.4
2026-06-16,Onion,Azadpur (Delhi),1659.49,2112.07,1885.78,2938.3
2026-06-17,Onion,Azadpur (Delhi),1729.52,2201.2,1965.36,3493.3
2026-06-18,Onion,Azadpur (Delhi),1801.91,2293.35,2047.63,2581.4
2026-06-19,Onion,Azadpur (Delhi),1738.28,2212.36,1975.32,2282.4
2026-06-20,Onion,Azadpur (Delhi),1810.08,2303.74,2056.91,1555.2
2026-06-21,Onion,Azadpur (Delhi),1741.34,2216.26,1978.8,2957.1
2026-06-22,Onion,Azadpur (Delhi),1679.52,2137.56,1908.54,1299.3
2026-06-23,Onion,Azadpur (Delhi),1714.16,2181.66,1947.91,2929.0
2026-06-24,Onion,Azadpur (Delhi),1567.06,1994.44,1780.75,1736.9
2026-06-25,Onion,Azadpur (Delhi),1576.59,2006.57,1791.58,403.2
2026-06-26,Onion,Azadpur (Delhi),1566.77,1994.07,1780.42,945.2
2026-06-27,Onion,Azadpur (Delhi),1526.91,1943.33,1735.12,1857.4
2026-06-28,Onion,Azadpur (Delhi),1503.98,1914.16,1709.07,935.7
2026-06-29,Onion,Azadpur (Delhi),1475.38,1877.76,1676.57,3178.4
2026-06-30,Onion,Azadpur (Delhi),1426.88,1816.02,1621.45,1130.8
2026-07-01,Onion,Azadpur (Delhi),1501.48,1910.98,1706.23,2508.6
2026-07-02,Onion,Azadpur (Delhi),1462.72,1861.64,1662.18,926.5
2026-07-03,Onion,Azadpur (Delhi),1394.68,1775.04,1584.86,2118.8
2026-07-04,Onion,Azadpur (Delhi),1392.45,1772.21,1582.33,2624.0
2026-07-05,Onion,Azadpur (Delhi),1417.51,1804.11,1610.81,1317.4
2026-07-06,Onion,Azadpur (Delhi),1415.51,1801.55,1608.53,2581.2
2026-07-07,Onion,Azadpur (Delhi),1382.56,1759.62,1571.09,2650.4
2026-07-08,Onion,Azadpur (Delhi),1437.88,1830.02,1633.95,2333.8
2026-07-09,Onion,Azadpur (Delhi),1461.97,1860.69,1661.33,2531.2
2026-07-10,Onion,Azadpur (Delhi),1423.92,1812.26,1618.09,787.3
2026-07-11,Onion,Azadpur (Delhi),1454.01,1850.55,1652.28,3318.7
2026-07-12,Onion,Azadpur (Delhi),1506.63,1917.53,1712.08,2443.6
2026-07-13,Onion,Azadpur (Delhi),1332.41,1695.79,1514.1,2808.1
2026-07-14,Onion,Azadpur (Delhi),1336.0,1700.36,1518.18,1922.8
2026-07-15,Onion,Azadpur (Delhi),1333.76,1697.52,1515.64,501.9
2026-07-16,Onion,Azadpur (Delhi),1361.31,1732.57,1546.94,728.8
2026-07-17,Onion,Azadpur (Delhi),1360.69,1731.79,1546.24,1541.3
2026-07-18,Onion,Azadpur (Delhi),1331.97,1695.23,1513.6,2117.8
2026-07-19,Onion,Azadpur (Delhi),1351.16,1719.66,1535.41,2744.8
2026-07-20,Onion,Azadpur (Delhi),1351.57,1720.19,1535.88,1921.9
2026-07-21,Onion,Azadpur (Delhi),1324.06,1685.16,1504.61,3283.1
2026-07-22,Onion,Azadpur (Delhi),1313.46,1671.68,1492.57,1313.5
2026-07-23,Onion,Azadpur (Delhi),1297.23,1651.01,1474.12,1908.2
2026-07-24,Onion,Azadpur (Delhi),1314.16,1672.56,1493.36,3135.7
2026-07-25,Onion,Azadpur (Delhi),1355.86,1725.64,1540.75,3397.4
2026-07-26,Onion,Azadpur (Delhi),1333.65,1697.37,1515.51,1157.8
2026-07-27,Onion,Azadpur (Delhi),1377.06,1752.62,1564.84,2220.1
2026-07-28,Onion,Azadpur (Delhi),1377.22,1752.82,1565.02,2791.0
2026-07-29,Onion,Azadpur (Delhi),1350.36,1718.64,1534.5,851.8
2026-07-30,Onion,Azadpur (Delhi),1375.75,1750.95,1563.35,2700.6
2026-07-31,Onion,Azadpur (Delhi),1508.65,1920.11,1714.38,1243.6
2026-08-01,Onion,Azadpur (Delhi),1575.82,2005.6,1790.71,2333.7
2026-08-02,Onion,Azadpur (Delhi),1605.68,2043.6,1824.64,2512.6
2026-08-03,Onion,Azadpur (Delhi),1707.81,2173.57,1940.69,2135.9
2026-08-04,Onion,Azadpur (Delhi),1617.51,2058.65,1838.08,2702.6
2026-08-05,Onion,Azadpur (Delhi),1738.87,2213.11,1975.99,1650.2
2026-08-06,Onion,Azadpur (Delhi),1772.75,2256.23,2014.49,1770.0
2026-08-07,Onion,Azadpur (Delhi),1747.21,2223.73,1985.47,572.4
2026-08-08,Onion,Azadpur (Delhi),1737.53,2211.41,1974.47,509.7
2026-08-09,Onion,Azadpur (Delhi),1736.86,2210.56,1973.71,541.8
2026-08-10,Onion,Azadpur (Delhi),1793.47,2282.59,2038.03,1178.9
2026-08-11,Onion,Azadpur (Delhi),1694.1,2156.12,1925.11,3467.5
2026-08-12,Onion,Azadpur (Delhi),1809.61,2303.15,2056.38,794.4
2026-08-13,Onion,Azadpur (Delhi),1823.49,2320.81,2072.15,2711.7
2026-08-14,Onion,Azadpur (Delhi),1872.77,2383.53,2128.15,1255.1
2026-08-15,Onion,Azadpur (Delhi),1908.2,2428.62,2168.41,1027.7
2026-08-16,Onion,Azadpur (Delhi),1914.47,2436.59,2175.53,1182.1
2026-08-17,Onion,Azadpur (Delhi),2042.16,2599.12,2320.64,477.6
2026-08-18,Onion,Azadpur (Delhi),2108.78,2683.9,2396.34,628.4
2026-08-19,Onion,Azadpur (Delhi),1995.79,2540.09,2267.94,973.6
2026-08-20,Onion,Azadpur (Delhi),1967.69,2504.33,2236.01,1122.7
2026-08-21,Onion,Azadpur (Delhi),2091.51,2661.93,2376.72,2536.5
2026-08-22,Onion,Azadpur (Delhi),2091.76,2662.24,2377.0,1696.8
2026-08-23,Onion,Azadpur (Delhi),2174.57,2767.63,2471.1,1552.3
2026-08-24,Onion,Azadpur (Delhi),2069.12,2633.42,2351.27,2670.6
2023-01-01,Tomato,Kolar,2117.4,2694.88,2406.14,2023.5
2023-01-02,Tomato,Kolar,2065.6,2628.94,2347.27,2447.4
2023-01-03,Tomato,Kolar,2114.43,2691.09,2402.76,1566.0
2023-01-04,Tomato,Kolar,2186.02,2782.2,2484.11,1491.0
2023-01-05,Tomato,Kolar,2517.56,3204.16,2860.86,2849.2
2023-01-06,Tomato,Kolar,2478.11,3153.95,2816.03,1369.8
2023-01-07,Tomato,Kolar,2510.7,3195.44,2853.07,1881.1
2023-01-08,Tomato,Kolar,2505.58,3188.92,2847.25,1916.8
2023-01-09,Tomato,Kolar,2464.15,3136.19,2800.17,701.1
2023-01-10,Tomato,Kolar,2618.62,3332.78,2975.7,2831.7
2023-01-11,Tomato,Kolar,2371.31,3018.03,2694.67,3483.3
2023-01-12,Tomato,Kolar,2380.28,3029.44,2704.86,2082.7
2023-01-13,Tomato,Kolar,2533.33,3224.23,2878.78,582.4
2023-01-14,Tomato,Kolar,2429.15,3091.65,2760.4,2221.4
2023-01-15,Tomato,Kolar,2504.35,3187.35,2845.85,3044.6
2023-01-16,Tomato,Kolar,2367.48,3013.16,2690.32,1382.6
2023-01-17,Tomato,Kolar,2359.02,3002.4,2680.71,3282.9
2023-01-18,Tomato,Kolar,2347.88,2988.22,2668.05,686.8
2023-01-19,Tomato,Kolar,2399.54,3053.96,2726.75,3103.3
2023-01-20,Tomato,Kolar,2234.64,2844.08,2539.36,3417.1
2023-01-21,Tomato,Kolar,2179.75,2774.23,2476.99,2032.1
2023-01-22,Tomato,Kolar,2194.46,2792.96,2493.71,2011.3
2023-01-23,Tomato,Kolar,2282.8,2905.38,2594.09,3313.1
2023-01-24,Tomato,Kolar,2180.75,2775.49,2478.12,3164.9
2023-01-25,Tomato,Kolar,2212.79,2816.27,2514.53,1430.4
2023-01-26,Tomato,Kolar,2140.58,2724.38,2432.48,2212.1
2023-01-27,Tomato,Kolar,2206.56,2808.36,2507.46,471.7
2023-01-28,Tomato,Kolar,2204.67,2805.95,2505.31,2325.2
2023-01-29,Tomato,Kolar,2169.89,2761.67,2465.78,1419.9
2023-01-30,Tomato,Kolar,2262.5,2879.54,2571.02,2092.5
2023-01-31,Tomato,Kolar,2364.63,3009.53,2687.08,3216.0
2023-02-01,Tomato,Kolar,2434.84,3098.88,2766.86,2465.7
2023-02-02,Tomato,Kolar,2403.84,3059.44,2731.64,1721.3
2023-02-03,Tomato,Kolar,2363.71,3008.35,2686.03,3458.2
2023-02-04,Tomato,Kolar,2385.6,3036.22,2710.91,1079.9
2023-02-05,Tomato,Kolar,2332.59,2968.75,2650.67,2040.0
2023-02-06,Tomato,Kolar,2264.86,2882.54,2573.7,3284.3
2023-02-07,Tomato,Kolar,2464.33,3136.43,2800.38,623.6
2023-02-08,Tomato,Kolar,2697.22,3432.82,3065.02,3257.7
2023-02-09,Tomato,Kolar,2520.83,3208.33,2864.58,779.6
2023-02-10,Tomato,Kolar,2721.19,3463.33,3092.26,1766.2
2023-02-11,Tomato,Kolar,2743.99,3492.35,3118.17,1013.2
2023-02-12,Tomato,Kolar,2592.29,3299.27,2945.78,2830.4
2023-02-13,Tomato,Kolar,2648.45,3370.75,3009.6,2638.7
2023-02-14,Tomato,Kolar,2680.13,3411.07,3045.6,461.3
2023-02-15,Tomato,Kolar,2798.86,3562.18,3180.52,1702.3
2023-02-16,Tomato,Kolar,2778.85,3536.71,3157.78,3275.8
2023-02-17,Tomato,Kolar,2897.25,3687.41,3292.33,1494.9
2023-02-18,Tomato,Kolar,2740.51,3487.93,3114.22,1313.8
2023-02-19,Tomato,Kolar,2533.62,3224.6,2879.11,1858.2
2023-02-20,Tomato,Kolar,2435.29,3099.45,2767.37,2369.9
2023-02-21,Tomato,Kolar,2419.92,3079.9,2749.91,1299.3
2023-02-22,Tomato,Kolar,2392.95,3045.57,2719.26,2201.1
2023-02-23,Tomato,Kolar,2400.68,3055.42,2728.05,1218.8
2023-02-24,Tomato,Kolar,2175.41,2768.71,2472.06,1334.5
2023-02-25,Tomato,Kolar,2169.55,2761.25,2465.4,873.5
2023-02-26,Tomato,Kolar,2249.1,2862.48,2555.79,735.3
2023-02-27,Tomato,Kolar,2157.03,2745.31,2451.17,2780.2
2023-02-28,Tomato,Kolar,2344.9,2984.42,2664.66,541.2
2023-03-01,Tomato,Kolar,2283.86,2906.74,2595.3,2992.4
2023-03-02,Tomato,Kolar,2352.78,2994.44,2673.61,1658.1
2023-03-03,Tomato,Kolar,2565.31,3264.95,2915.13,3223.5
2023-03-04,Tomato,Kolar,2577.33,3280.23,2928.78,1727.2
2023-03-05,Tomato,Kolar,2545.35,3239.53,2892.44,2003.0
2023-03-06,Tomato,Kolar,2704.36,3441.92,3073.14,1654.7
2023-03-07,Tomato,Kolar,2773.28,3529.62,3151.45,1732.8
2023-03-08,Tomato,Kolar,2725.79,3469.19,3097.49,2805.7
2023-03-09,Tomato,Kolar,2568.19,3268.61,2918.4,2953.3
2023-03-10,Tomato,Kolar,2489.43,3168.37,2828.9,1015.9
2023-03-11,Tomato,Kolar,2266.81,2885.03,2575.92,1535.4
2023-03-12,Tomato,Kolar,2161.66,2751.2,2456.43,2340.5
2023-03-13,Tomato,Kolar,2078.13,2644.89,2361.51,1799.2
2023-03-14,Tomato,Kolar,1928.46,2454.4,2191.43,1504.6
2023-03-15,Tomato,Kolar,1924.81,2449.75,2187.28,2339.5
2023-03-16,Tomato,Kolar,1867.8,2377.2,2122.5,411.8
2023-03-17,Tomato,Kolar,1985.76,2527.34,2256.55,1616.8
2023-03-18,Tomato,Kolar,1872.68,2383.42,2128.05,1322.0
2023-03-19,Tomato,Kolar,1696.58,2159.28,1927.93,2645.8
2023-03-20,Tomato,Kolar,1633.35,2078.81,1856.08,1335.2
2023-03-21,Tomato,Kolar,1529.87,1947.11,1738.49,1561.9
2023-03-22,Tomato,Kolar,1563.23,1989.57,1776.4,2874.8
2023-03-23,Tomato,Kolar,1527.29,1943.83,1735.56,2442.5
2023-03-24,Tomato,Kolar,1403.49,1786.25,1594.87,2573.3
2023-03-25,Tomato,Kolar,1520.59,1935.29,1727.94,557.8
2023-03-26,Tomato,Kolar,1501.64,1911.18,1706.41,2526.4
2023-03-27,Tomato,Kolar,1389.55,1768.51,1579.03,2205.6
2023-03-28,Tomato,Kolar,1380.06,1756.44,1568.25,2034.8
2023-03-29,Tomato,Kolar,1344.25,1710.87,1527.56,2209.2
2023-03-30,Tomato,Kolar,1450.26,1845.78,1648.02,1025.7
2023-03-31,Tomato,Kolar,1442.51,1835.93,1639.22,748.3
2023-04-01,Tomato,Kolar,1308.36,1665.18,1486.77,1931.9
2023-04-02,Tomato,Kolar,1315.23,1673.93,1494.58,680.0
2023-04-03,Tomato,Kolar,1387.16,1765.48,1576.32,2098.5
2023-04-04,Tomato,Kolar,1707.24,2172.86,1940.05,3250.2
2023-04-05,Tomato,Kolar,1559.1,1984.3,1771.7,1804.8
2023-04-06,Tomato,Kolar,1593.71,2028.35,1811.03,1084.0
2023-04-07,Tomato,Kolar,1704.01,2168.75,1936.38,2734.8
2023-04-08,Tomato,Kolar,1726.11,2196.87,1961.49,3053.3
2023-04-09,Tomato,Kolar,1870.37,2380.47,2125.42,2114.8
2023-04-10,Tomato,Kolar,1864.62,2373.16,2118.89,778.2
2023-04-11,Tomato,Kolar,1783.82,2270.32,2027.07,3240.9
2023-04-12,Tomato,Kolar,1867.21,2376.45,2121.83,469.3
2023-04-13,Tomato,Kolar,1705.92,2171.16,1938.54,1247.3
2023-04-14,Tomato,Kolar,1609.67,2048.67,1829.17,2587.5
2023-04-15,Tomato,Kolar,1645.73,2094.57,1870.15,3332.6
2023-04-16,Tomato,Kolar,1611.16,2050.56,1830.86,3007.0
2023-04-17,Tomato,Kolar,1853.55,2359.07,2106.31,1464.3
2023-04-18,Tomato,Kolar,1743.13,2218.53,1980.83,2480.7
2023-04-19,Tomato,Kolar,1775.0,2259.1,2017.05,1012.1
2023-04-20,Tomato,Kolar,1605.3,2043.1,1824.2,2094.9
2023-04-21,Tomato,Kolar,1766.42,2248.16,2007.29,2212.2
2023-04-22,Tomato,Kolar,1677.35,2134.81,1906.08,3004.9
2023-04-23,Tomato,Kolar,1551.0,1974.0,1762.5,2014.2
2023-04-24,Tomato,Kolar,1560.66,1986.3,1773.48,1711.2
2023-04-25,Tomato,Kolar,1484.75,1889.69,1687.22,961.4
2023-04-26,Tomato,Kolar,1526.37,1942.65,1734.51,1058.5
2023-04-27,Tomato,Kolar,1664.61,2118.59,1891.6,2424.9
2023-04-28,Tomato,Kolar,1657.75,2109.87,1883.81,1522.5
2023-04-29,Tomato,Kolar,1801.57,2292.91,2047.24,1705.1
2023-04-30,Tomato,Kolar,1685.24,2144.84,1915.04,2331.3
2023-05-01,Tomato,Kolar,1621.07,2063.17,1842.12,960.8
2023-05-02,Tomato,Kolar,1497.56,1905.98,1701.77,629.5
2023-05-03,Tomato,Kolar,1535.13,1953.81,1744.47,2749.5
2023-05-04,Tomato,Kolar,1504.88,1915.3,1710.09,1598.0
2023-05-05,Tomato,Kolar,1606.18,2044.22,1825.2,592.5
2023-05-06,Tomato,Kolar,1611.52,2051.02,1831.27,2950.2
2023-05-07,Tomato,Kolar,1538.76,1958.42,1748.59,1077.9
2023-05-08,Tomato,Kolar,1508.51,1919.93,1714.22,2911.1
2023-05-09,Tomato,Kolar,1616.32,2057.14,1836.73,1011.1
2023-05-10,Tomato,Kolar,1582.19,2013.69,1797.94,3421.6
2023-05-11,Tomato,Kolar,1478.94,1882.28,1680.61,2555.4
2023-05-12,Tomato,Kolar,1464.6,1864.04,1664.32,2638.2
2023-05-13,Tomato,Kolar,1478.68,1881.96,1680.32,1350.8
2023-05-14,Tomato,Kolar,1446.19,1840.61,1643.4,3451.0
2023-05-15,Tomato,Kolar,1445.44,1839.66,1642.55,1227.1
2023-05-16,Tomato,Kolar,1324.42,1685.62,1505.02,651.1
2023-05-17,Tomato,Kolar,1388.35,1766.99,1577.67,2084.2
2023-05-18,Tomato,Kolar,1345.18,1712.04,1528.61,3442.4
2023-05-19,Tomato,Kolar,1434.69,1825.97,1630.33,3127.1
2023-05-20,Tomato,Kolar,1501.24,1910.68,1705.96,3170.8
2023-05-21,Tomato,Kolar,1443.79,1837.55,1640.67,1979.9
2023-05-22,Tomato,Kolar,1380.03,1756.41,1568.22,1381.6
2023-05-23,Tomato,Kolar,1412.48,1797.7,1605.09,1905.4
2023-05-24,Tomato,Kolar,1500.77,1910.07,1705.42,3151.6
2023-05-25,Tomato,Kolar,1434.83,1826.15,1630.49,658.7
2023-05-26,Tomato,Kolar,1389.04,1767.86,1578.45,3105.6
2023-05-27,Tomato,Kolar,1563.69,1990.15,1776.92,1128.2
2023-05-28,Tomato,Kolar,1595.44,2030.56,1813.0,2500.1
2023-05-29,Tomato,Kolar,1574.66,2004.12,1789.39,476.8
2023-05-30,Tomato,Kolar,1515.76,1929.14,1722.45,2762.9
2023-05-31,Tomato,Kolar,1596.93,2032.45,1814.69,2398.7
2023-06-01,Tomato,Kolar,1609.44,2048.38,1828.91,821.5
2023-06-02,Tomato,Kolar,1613.46,2053.5,1833.48,3449.7
2023-06-03,Tomato,Kolar,1591.42,2025.44,1808.43,2591.1
2023-06-04,Tomato,Kolar,1521.48,1936.42,1728.95,2968.3
2023-06-05,Tomato,Kolar,1541.83,1962.33,1752.08,3441.2
2023-06-06,Tomato,Kolar,1531.12,1948.7,1739.91,2716.9
2023-06-07,Tomato,Kolar,1494.73,1902.39,1698.56,2291.2
2023-06-08,Tomato,Kolar,1379.86,1756.18,1568.02,2774.9
2023-06-09,Tomato,Kolar,1325.64,1687.18,1506.41,1255.2
2023-06-10,Tomato,Kolar,1181.14,1503.28,1342.21,1641.1
2023-06-11,Tomato,Kolar,1144.29,1456.37,1300.33,3330.9
2023-06-12,Tomato,Kolar,1177.25,1498.31,1337.78,1027.2
2023-06-13,Tomato,Kolar,1148.38,1461.58,1304.98,651.6
2023-06-14,Tomato,Kolar,1089.14,1386.18,1237.66,640.9
2023-06-15,Tomato,Kolar,1010.68,1286.32,1148.5,1242.7
2023-06-16,Tomato,Kolar,998.54,1270.88,1134.71,3340.0
2023-06-17,Tomato,Kolar,1011.03,1286.77,1148.9,2272.1
2023-06-18,Tomato,Kolar,1035.06,1317.36,1176.21,572.1
2023-06-19,Tomato,Kolar,982.19,1250.05,1116.12,631.9
2023-06-20,Tomato,Kolar,1023.85,1303.09,1163.47,3192.3
2023-06-21,Tomato,Kolar,1135.97,1445.79,1290.88,1650.5
2023-06-22,Tomato,Kolar,1214.15,1545.29,1379.72,1782.2
2023-06-23,Tomato,Kolar,1200.87,1528.37,1364.62,3362.2
2023-06-24,Tomato,Kolar,1170.16,1489.3,1329.73,2198.3
2023-06-25,Tomato,Kolar,1156.06,1471.34,1313.7,3144.5
2023-06-26,Tomato,Kolar,1133.75,1442.95,1288.35,1103.7
2023-06-27,Tomato,Kolar,1136.52,1446.48,1291.5,774.5
2023-06-28,Tomato,Kolar,1149.31,1462.75,1306.03,1078.0
2023-06-29,Tomato,Kolar,1123.21,1429.55,1276.38,2262.2
2023-06-30,Tomato,Kolar,961.94,1224.28,1093.11,2584.9
2023-07-01,Tomato,Kolar,980.87,1248.37,1114.62,899.8
2023-07-02,Tomato,Kolar,952.85,1212.71,1082.78,691.3
2023-07-03,Tomato,Kolar,960.69,1222.69,1091.69,2189.1
2023-07-04,Tomato,Kolar,951.02,1210.38,1080.7,2165.6
2023-07-05,Tomato,Kolar,919.27,1169.97,1044.62,2415.7
2023-07-06,Tomato,Kolar,888.54,1130.86,1009.7,913.7
2023-07-07,Tomato,Kolar,800.67,1019.03,909.85,3341.8
2023-07-08,Tomato,Kolar,920.65,1171.73,1046.19,1543.0
2023-07-09,Tomato,Kolar,902.26,1148.32,1025.29,3089.3
2023-07-10,Tomato,Kolar,929.7,1183.26,1056.48,1984.4
2023-07-11,Tomato,Kolar,874.46,1112.96,993.71,953.7
2023-07-12,Tomato,Kolar,909.26,1157.24,1033.25,801.0
2023-07-13,Tomato,Kolar,903.5,1149.9,1026.7,1518.3
2023-07-14,Tomato,Kolar,977.55,1244.15,1110.85,1977.4
2023-07-15,Tomato,Kolar,1035.09,1317.39,1176.24,3318.1
2023-07-16,Tomato,Kolar,1040.49,1324.25,1182.37,2711.4
2023-07-17,Tomato,Kolar,1063.48,1353.52,1208.5,2346.8
2023-07-18,Tomato,Kolar,1049.84,1336.16,1193.0,2187.8
2023-07-19,Tomato,Kolar,1029.28,1310.0,1169.64,1757.5
2023-07-20,Tomato,Kolar,1069.61,1361.33,1215.47,1364.0
2023-07-21,Tomato,Kolar,1099.38,1399.22,1249.3,1442.4
2023-07-22,Tomato,Kolar,1015.47,1292.41,1153.94,1748.1
2023-07-23,Tomato,Kolar,910.43,1158.73,1034.58,448.2
2023-07-24,Tomato,Kolar,945.21,1202.99,1074.1,1385.3
2023-07-25,Tomato,Kolar,1015.7,1292.72,1154.21,1601.6
2023-07-26,Tomato,Kolar,1056.27,1344.35,1200.31,2702.4
2023-07-27,Tomato,Kolar,1045.22,1330.28,1187.75,1894.1
2023-07-28,Tomato,Kolar,1118.17,1423.13,1270.65,1778.8
2023-07-29,Tomato,Kolar,1105.19,1406.61,1255.9,1074.2
2023-07-30,Tomato,Kolar,1182.51,1505.01,1343.76,1176.2
2023-07-31,Tomato,Kolar,1212.73,1543.47,1378.1,3034.7
2023-08-01,Tomato,Kolar,1240.81,1579.21,1410.01,2843.5
2023-08-02,Tomato,Kolar,1258.79,1602.09,1430.44,1858.4
2023-08-03,Tomato,Kolar,1355.64,1725.36,1540.5,1181.9
2023-08-04,Tomato,Kolar,1382.66,1759.74,1571.2,1447.2
2023-08-05,Tomato,Kolar,1256.99,1599.81,1428.4,468.5
2023-08-06,Tomato,Kolar,1290.43,1642.37,1466.4,3264.7
2023-08-07,Tomato,Kolar,1304.06,1659.72,1481.89,2946.2
2023-08-08,Tomato,Kolar,1236.07,1573.19,1404.63,1674.4
2023-08-09,Tomato,Kolar,1345.05,1711.89,1528.47,551.7
2023-08-10,Tomato,Kolar,1358.1,1728.5,1543.3,1770.5
2023-08-11,Tomato,Kolar,1337.83,1702.69,1520.26,2092.7
2023-08-12,Tomato,Kolar,1432.53,1823.23,1627.88,1825.2
2023-08-13,Tomato,Kolar,1440.45,1833.29,1636.87,1449.8
2023-08-14,Tomato,Kolar,1463.66,1862.84,1663.25,2639.0
2023-08-15,Tomato,Kolar,1318.13,1677.61,1497.87,412.5
2023-08-16,Tomato,Kolar,1307.23,1663.75,1485.49,1597.5
2023-08-17,Tomato,Kolar,1318.11,1677.59,1497.85,2971.0
2023-08-18,Tomato,Kolar,1302.74,1658.04,1480.39,2718.1
2023-08-19,Tomato,Kolar,1346.0,1713.08,1529.54,2061.1
2023-08-20,Tomato,Kolar,1244.59,1584.03,1414.31,2881.1
2023-08-21,Tomato,Kolar,1173.33,1493.33,1333.33,739.9
2023-08-22,Tomato,Kolar,1249.42,1590.16,1419.79,2366.7
2023-08-23,Tomato,Kolar,1187.08,1510.84,1348.96,2752.2
2023-08-24,Tomato,Kolar,1258.57,1601.81,1430.19,2151.1
2023-08-25,Tomato,Kolar,1329.75,1692.41,1511.08,669.0
2023-08-26,Tomato,Kolar,1404.89,1788.05,1596.47,2721.5
2023-08-27,Tomato,Kolar,1308.01,1664.73,1486.37,2559.6
2023-08-28,Tomato,Kolar,1332.36,1695.74,1514.05,1441.9
2023-08-29,Tomato,Kolar,1355.13,1724.71,1539.92,3295.0
2023-08-30,Tomato,Kolar,1447.02,1841.66,1644.34,3017.7
2023-08-31,Tomato,Kolar,1526.55,1942.89,1734.72,1913.9
2023-09-01,Tomato,Kolar,1493.7,1901.08,1697.39,912.1
2023-09-02,Tomato,Kolar,1441.35,1834.45,1637.9,933.9
2023-09-03,Tomato,Kolar,1484.89,1889.87,1687.38,703.3
2023-09-04,Tomato,Kolar,1597.58,2033.28,1815.43,1008.9
2023-09-05,Tomato,Kolar,1667.02,2121.66,1894.34,3334.4
2023-09-06,Tomato,Kolar,1593.29,2027.83,1810.56,1171.9
2023-09-07,Tomato,Kolar,1756.59,2235.67,1996.13,3499.5
2023-09-08,Tomato,Kolar,1718.25,2186.87,1952.56,2013.6
2023-09-09,Tomato,Kolar,1776.39,2260.87,2018.63,419.3
2023-09-10,Tomato,Kolar,1850.36,2355.0,2102.68,1104.9
2023-09-11,Tomato,Kolar,2158.76,2747.52,2453.14,1704.7
2023-09-12,Tomato,Kolar,2091.65,2662.09,2376.87,3365.7
2023-09-13,Tomato,Kolar,1991.56,2534.72,2263.14,2954.0
2023-09-14,Tomato,Kolar,2042.11,2599.05,2320.58,3413.5
2023-09-15,Tomato,Kolar,2256.3,2871.66,2563.98,3493.7
2023-09-16,Tomato,Kolar,2200.08,2800.1,2500.09,2144.7
2023-09-17,Tomato,Kolar,1968.76,2505.7,2237.23,1444.0
2023-09-18,Tomato,Kolar,1692.64,2154.26,1923.45,2860.7
2023-09-19,Tomato,Kolar,1804.11,2296.13,2050.12,3329.6
2023-09-20,Tomato,Kolar,1793.04,2282.06,2037.55,1581.3
2023-09-21,Tomato,Kolar,1821.33,2318.05,2069.69,1477.8
2023-09-22,Tomato,Kolar,1773.26,2256.88,2015.07,639.8
2023-09-23,Tomato,Kolar,1630.85,2075.63,1853.24,2410.0
2023-09-24,Tomato,Kolar,1684.67,2144.13,1914.4,1410.8
2023-09-25,Tomato,Kolar,1689.27,2149.99,1919.63,1491.5
2023-09-26,Tomato,Kolar,1661.62,2114.78,1888.2,3331.3
2023-09-27,Tomato,Kolar,1767.89,2250.05,2008.97,808.8
2023-09-28,Tomato,Kolar,1838.76,2340.24,2089.5,1253.2
2023-09-29,Tomato,Kolar,1781.73,2267.65,2024.69,2833.2
2023-09-30,Tomato,Kolar,1607.83,2046.33,1827.08,2535.2
2023-10-01,Tomato,Kolar,1477.01,1879.83,1678.42,2238.5
2023-10-02,Tomato,Kolar,1622.02,2064.4,1843.21,2121.9
2023-10-03,Tomato,Kolar,1617.12,2058.16,1837.64,3183.6
2023-10-04,Tomato,Kolar,1700.27,2163.97,1932.12,1993.4
2023-10-05,Tomato,Kolar,1575.63,2005.35,1790.49,2652.5
2023-10-06,Tomato,Kolar,1451.91,1847.89,1649.9,3149.7
2023-10-07,Tomato,Kolar,1500.58,1909.82,1705.2,1549.4
2023-10-08,Tomato,Kolar,1435.42,1826.9,1631.16,1790.0
2023-10-09,Tomato,Kolar,1435.55,1827.07,1631.31,1310.5
2023-10-10,Tomato,Kolar,1540.14,1960.18,1750.16,1440.8
2023-10-11,Tomato,Kolar,1610.03,2049.13,1829.58,1400.8
2023-10-12,Tomato,Kolar,1709.9,2176.24,1943.07,575.3
2023-10-13,Tomato,Kolar,1658.69,2111.05,1884.87,3359.3
2023-10-14,Tomato,Kolar,1732.04,2204.42,1968.23,2422.0
2023-10-15,Tomato,Kolar,1734.24,2207.22,1970.73,896.8
2023-10-16,Tomato,Kolar,1724.49,2194.81,1959.65,1613.0
2023-10-17,Tomato,Kolar,1712.47,2179.51,1945.99,2694.8
2023-10-18,Tomato,Kolar,1852.47,2357.69,2105.08,3341.2
2023-10-19,Tomato,Kolar,1731.91,2204.25,1968.08,3018.3
2023-10-20,Tomato,Kolar,1935.5,2463.36,2199.43,1898.3
2023-10-21,Tomato,Kolar,1736.72,2210.38,1973.55,2370.5
2023-10-22,Tomato,Kolar,1800.08,2291.02,2045.55,3344.0
2023-10-23,Tomato,Kolar,1802.97,2294.69,2048.83,1866.6
2023-10-24,Tomato,Kolar,1656.46,2108.22,1882.34,2519.7
2023-10-25,Tomato,Kolar,1596.34,2031.7,1814.02,647.7
2023-10-26,Tomato,Kolar,1596.45,2031.85,1814.15,712.1
2023-10-27,Tomato,Kolar,1591.05,2024.97,1808.01,1190.0
2023-10-28,Tomato,Kolar,1608.64,2047.36,1828.0,3114.1
2023-10-29,Tomato,Kolar,1625.22,2068.46,1846.84,3080.6
2023-10-30,Tomato,Kolar,1625.47,2068.77,1847.12,2465.5
2023-10-31,Tomato,Kolar,1672.37,2128.47,1900.42,1534.1
2023-11-01,Tomato,Kolar,1753.4,2231.6,1992.5,1435.6
2023-11-02,Tomato,Kolar,1782.69,2268.87,2025.78,1434.6
2023-11-03,Tomato,Kolar,1888.18,2403.14,2145.66,3494.4
2023-11-04,Tomato,Kolar,1864.78,2373.36,2119.07,896.0
2023-11-05,Tomato,Kolar,1926.03,2451.31,2188.67,2025.0
2023-11-06,Tomato,Kolar,2016.68,2566.68,2291.68,1591.1
2023-11-07,Tomato,Kolar,2016.8,2566.84,2291.82,1421.2
2023-11-08,Tomato,Kolar,1945.59,2476.21,2210.9,3180.4
2023-11-09,Tomato,Kolar,2099.49,2672.07,2385.78,3270.6
2023-11-10,Tomato,Kolar,2228.98,2836.88,2532.93,1512.6
2023-11-11,Tomato,Kolar,2241.59,2852.93,2547.26,1017.8
2023-11-12,Tomato,Kolar,2210.68,2813.6,2512.14,3363.1
2023-11-13,Tomato,Kolar,2035.21,2590.27,2312.74,2470.0
2023-11-14,Tomato,Kolar,2032.97,2587.41,2310.19,2859.9
2023-11-15,Tomato,Kolar,2046.74,2604.94,2325.84,1840.4
2023-11-16,Tomato,Kolar,2143.98,2728.7,2436.34,1423.6
2023-11-17,Tomato,Kolar,2086.44,2655.46,2370.95,3287.8
2023-11-18,Tomato,Kolar,1968.32,2505.14,2236.73,2335.9
2023-11-19,Tomato,Kolar,2060.35,2622.27,2341.31,850.8
2023-11-20,Tomato,Kolar,2342.54,2981.42,2661.98,2985.4
2023-11-21,Tomato,Kolar,2272.14,2891.82,2581.98,1935.8
2023-11-22,Tomato,Kolar,2317.06,2948.98,2633.02,915.7
2023-11-23,Tomato,Kolar,2162.55,2752.33,2457.44,2572.5
2023-11-24,Tomato,Kolar,2198.49,2798.07,2498.28,645.9
2023-11-25,Tomato,Kolar,2262.78,2879.9,2571.34,3046.7
2023-11-26,Tomato,Kolar,2284.52,2907.58,2596.05,1037.3
2023-11-27,Tomato,Kolar,2416.89,3076.05,2746.47,3304.3
2023-11-28,Tomato,Kolar,2316.02,2947.66,2631.84,3354.7
2023-11-29,Tomato,Kolar,2191.39,2789.05,2490.22,2545.2
2023-11-30,Tomato,Kolar,1967.93,2504.63,2236.28,1030.8
2023-12-01,Tomato,Kolar,1976.03,2514.95,2245.49,2258.0
2023-12-02,Tomato,Kolar,2125.5,2705.18,2415.34,2825.0
2023-12-03,Tomato,Kolar,2085.05,2653.71,2369.38,1712.6
2023-12-04,Tomato,Kolar,2037.8,2593.56,2315.68,1231.5
2023-12-05,Tomato,Kolar,2036.87,2592.39,2314.63,2020.2
2023-12-06,Tomato,Kolar,2090.45,2660.57,2375.51,2227.3
2023-12-07,Tomato,Kolar,2187.6,2784.22,2485.91,3377.2
2023-12-08,Tomato,Kolar,2093.78,2664.82,2379.3,2515.8
2023-12-09,Tomato,Kolar,2011.64,2560.26,2285.95,1978.8
2023-12-10,Tomato,Kolar,1987.69,2529.79,2258.74,529.8
2023-12-11,Tomato,Kolar,1950.1,2481.94,2216.02,1249.8
2023-12-12,Tomato,Kolar,1879.51,2392.11,2135.81,1654.4
2023-12-13,Tomato,Kolar,1935.67,2463.59,2199.63,2720.3
2023-12-14,Tomato,Kolar,2125.72,2705.46,2415.59,808.0
2023-12-15,Tomato,Kolar,2224.63,2831.35,2527.99,2684.1
2023-12-16,Tomato,Kolar,2013.92,2563.18,2288.55,1585.1
2023-12-17,Tomato,Kolar,1922.1,2446.32,2184.21,1339.9
2023-12-18,Tomato,Kolar,1824.25,2321.77,2073.01,3354.7
2023-12-19,Tomato,Kolar,1720.74,2190.04,1955.39,3467.3
2023-12-20,Tomato,Kolar,1862.51,2370.47,2116.49,3269.1
2023-12-21,Tomato,Kolar,1910.55,2431.61,2171.08,2537.2
2023-12-22,Tomato,Kolar,2134.13,2716.17,2425.15,2297.6
2023-12-23,Tomato,Kolar,2168.35,2759.71,2464.03,2074.9
2023-12-24,Tomato,Kolar,2262.01,2878.93,2570.47,537.0
2023-12-25,Tomato,Kolar,2314.4,2945.6,2630.0,1346.7
2023-12-26,Tomato,Kolar,2409.61,3066.77,2738.19,976.2
2023-12-27,Tomato,Kolar,2379.17,3028.03,2703.6,3409.6
2023-12-28,Tomato,Kolar,2500.61,3182.59,2841.6,491.2
2023-12-29,Tomato,Kolar,2652.46,3375.86,3014.16,591.3
2023-12-30,Tomato,Kolar,2413.41,3071.61,2742.51,1768.1
2023-12-31,Tomato,Kolar,2150.27,2736.71,2443.49,2745.8
2024-01-01,Tomato,Kolar,2155.67,2743.57,2449.62,1976.0
2024-01-02,Tomato,Kolar,2224.45,2831.11,2527.78,2785.7
2024-01-03,Tomato,Kolar,2295.02,2920.94,2607.98,2439.6
2024-01-04,Tomato,Kolar,2347.12,2987.24,2667.18,1725.4
2024-01-05,Tomato,Kolar,2071.29,2636.19,2353.74,2314.1
2024-01-06,Tomato,Kolar,2152.34,2739.34,2445.84,2844.5
2024-01-07,Tomato,Kolar,2072.58,2637.84,2355.21,1629.7
2024-01-08,Tomato,Kolar,2035.04,2590.06,2312.55,1737.7
2024-01-09,Tomato,Kolar,2059.31,2620.93,2340.12,2652.5
2024-01-10,Tomato,Kolar,2211.17,2814.21,2512.69,3021.3
2024-01-11,Tomato,Kolar,2316.24,2947.94,2632.09,709.6
2024-01-12,Tomato,Kolar,2319.61,2952.23,2635.92,2371.5
2024-01-13,Tomato,Kolar,2289.79,2914.27,2602.03,2262.0
2024-01-14,Tomato,Kolar,2168.8,2760.28,2464.54,2768.2
2024-01-15,Tomato,Kolar,2127.95,2708.29,2418.12,637.3
2024-01-16,Tomato,Kolar,2323.79,2957.55,2640.67,459.9
2024-01-17,Tomato,Kolar,2231.79,2840.47,2536.13,2145.8
2024-01-18,Tomato,Kolar,2268.82,2887.58,2578.2,1478.1
2024-01-19,Tomato,Kolar,2186.76,2783.16,2484.96,591.9
2024-01-20,Tomato,Kolar,2279.2,2900.8,2590.0,1066.5
2024-01-21,Tomato,Kolar,2553.95,3250.49,2902.22,1075.3
2024-01-22,Tomato,Kolar,2724.46,3467.5,3095.98,3005.6
2024-01-23,Tomato,Kolar,2949.87,3754.39,3352.13,3220.7
2024-01-24,Tomato,Kolar,2919.56,3715.8,3317.68,2648.9
2024-01-25,Tomato,Kolar,2762.64,3516.08,3139.36,980.2
2024-01-26,Tomato,Kolar,2855.71,3634.53,3245.12,1515.7
2024-01-27,Tomato,Kolar,2942.15,3744.55,3343.35,998.6
2024-01-28,Tomato,Kolar,2950.12,3754.7,3352.41,2738.9
2024-01-29,Tomato,Kolar,2961.05,3768.61,3364.83,2297.1
2024-01-30,Tomato,Kolar,2966.0,3774.9,3370.45,1975.4
2024-01-31,Tomato,Kolar,2839.19,3613.51,3226.35,1482.4
2024-02-01,Tomato,Kolar,2739.25,3486.31,3112.78,757.1
2024-02-02,Tomato,Kolar,2883.75,3670.23,3276.99,2616.1
2024-02-03,Tomato,Kolar,2590.54,3297.06,2943.8,1685.3
2024-02-04,Tomato,Kolar,2492.18,3171.86,2832.02,2123.7
2024-02-05,Tomato,Kolar,2381.84,3031.44,2706.64,1768.9
2024-02-06,Tomato,Kolar,2309.43,2939.27,2624.35,2378.2
2024-02-07,Tomato,Kolar,2231.24,2839.76,2535.5,1090.8
2024-02-08,Tomato,Kolar,2141.52,2725.56,2433.54,2558.2
2024-02-09,Tomato,Kolar,2102.36,2675.74,2389.05,3004.6
2024-02-10,Tomato,Kolar,2048.45,2607.11,2327.78,849.8
2024-02-11,Tomato,Kolar,1846.3,2349.84,2098.07,2817.3
2024-02-12,Tomato,Kolar,1968.7,2505.62,2237.16,2655.3
2024-02-13,Tomato,Kolar,2010.34,2558.62,2284.48,968.1
2024-02-14,Tomato,Kolar,2032.33,2586.61,2309.47,2937.1
2024-02-15,Tomato,Kolar,2054.39,2614.67,2334.53,2995.2
2024-02-16,Tomato,Kolar,2086.01,2654.93,2370.47,1773.8
2024-02-17,Tomato,Kolar,2064.54,2627.6,2346.07,1376.7
2024-02-18,Tomato,Kolar,2209.7,2812.34,2511.02,1688.2
2024-02-19,Tomato,Kolar,2109.88,2685.3,2397.59,864.0
2024-02-20,Tomato,Kolar,2204.75,2806.05,2505.4,409.2
2024-02-21,Tomato,Kolar,2117.12,2694.52,2405.82,1793.8
2024-02-22,Tomato,Kolar,2074.66,2640.48,2357.57,2059.4
2024-02-23,Tomato,Kolar,2140.45,2724.21,2432.33,1985.9
2024-02-24,Tomato,Kolar,2076.18,2642.42,2359.3,2478.4
2024-02-25,Tomato,Kolar,2081.75,2649.51,2365.63,2877.1
2024-02-26,Tomato,Kolar,2102.36,2675.72,2389.04,1677.5
2024-02-27,Tomato,Kolar,1965.08,2501.0,2233.04,1485.8
2024-02-28,Tomato,Kolar,1967.96,2504.68,2236.32,1338.6
2024-02-29,Tomato,Kolar,2049.94,2609.02,2329.48,3138.6
2024-03-01,Tomato,Kolar,1971.95,2509.75,2240.85,1265.4
2024-03-02,Tomato,Kolar,1871.34,2381.7,2126.52,1099.0
2024-03-03,Tomato,Kolar,2034.81,2589.75,2312.28,2959.4
2024-03-04,Tomato,Kolar,1955.88,2489.3,2222.59,2233.1
2024-03-05,Tomato,Kolar,2004.83,2551.61,2278.22,3132.1
2024-03-06,Tomato,Kolar,2060.15,2622.01,2341.08,2505.1
2024-03-07,Tomato,Kolar,1996.15,2540.55,2268.35,1832.4
2024-03-08,Tomato,Kolar,2067.36,2631.18,2349.27,3076.1
2024-03-09,Tomato,Kolar,2015.76,2565.52,2290.64,1884.7
2024-03-10,Tomato,Kolar,2074.81,2640.67,2357.74,2393.8
2024-03-11,Tomato,Kolar,2190.45,2787.85,2489.15,757.2
2024-03-12,Tomato,Kolar,2367.43,3013.09,2690.26,1997.0
2024-03-13,Tomato,Kolar,2254.79,2869.73,2562.26,1413.1
2024-03-14,Tomato,Kolar,2091.82,2662.32,2377.07,2291.3
2024-03-15,Tomato,Kolar,2039.52,2595.76,2317.64,1083.2
2024-03-16,Tomato,Kolar,1815.89,2311.13,2063.51,1338.9
2024-03-17,Tomato,Kolar,1873.11,2383.95,2128.53,1774.7
2024-03-18,Tomato,Kolar,1859.26,2366.34,2112.8,2381.8
2024-03-19,Tomato,Kolar,1832.11,2331.77,2081.94,1581.8
2024-03-20,Tomato,Kolar,1872.05,2382.61,2127.33,3088.8
2024-03-21,Tomato,Kolar,1712.03,2178.95,1945.49,1433.3
2024-03-22,Tomato,Kolar,1666.68,2121.22,1893.95,1416.5
2024-03-23,Tomato,Kolar,1809.9,2303.5,2056.7,3138.4
2024-03-24,Tomato,Kolar,1816.21,2311.55,2063.88,1029.3
2024-03-25,Tomato,Kolar,1786.65,2273.91,2030.28,2293.6
2024-03-26,Tomato,Kolar,1886.46,2400.94,2143.7,1338.2
2024-03-27,Tomato,Kolar,2106.52,2681.02,2393.77,2380.2
2024-03-28,Tomato,Kolar,1919.38,2442.84,2181.11,835.4
2024-03-29,Tomato,Kolar,2127.86,2708.18,2418.02,805.2
2024-03-30,Tomato,Kolar,2109.64,2685.0,2397.32,3415.2
2024-03-31,Tomato,Kolar,1940.56,2469.8,2205.18,2544.4
2024-04-01,Tomato,Kolar,1934.81,2462.49,2198.65,2820.1
2024-04-02,Tomato,Kolar,1953.56,2486.36,2219.96,1546.6
2024-04-03,Tomato,Kolar,1791.26,2279.78,2035.52,1800.9
2024-04-04,Tomato,Kolar,1866.11,2375.05,2120.58,3366.7
2024-04-05,Tomato,Kolar,1793.69,2282.87,2038.28,2859.4
2024-04-06,Tomato,Kolar,1862.81,2370.85,2116.83,812.5
2024-04-07,Tomato,Kolar,1833.96,2334.12,2084.04,803.7
2024-04-08,Tomato,Kolar,1806.91,2299.71,2053.31,1105.5
2024-04-09,Tomato,Kolar,1693.26,2155.06,1924.16,3004.2
2024-04-10,Tomato,Kolar,1675.39,2132.31,1903.85,1862.3
2024-04-11,Tomato,Kolar,1573.72,2002.92,1788.32,1503.8
2024-04-12,Tomato,Kolar,1592.59,2026.93,1809.76,473.1
2024-04-13,Tomato,Kolar,1564.86,1991.64,1778.25,1210.7
2024-04-14,Tomato,Kolar,1469.94,1870.84,1670.39,2970.6
2024-04-15,Tomato,Kolar,1387.44,1765.84,1576.64,1978.5
2024-04-16,Tomato,Kolar,1463.6,1862.76,1663.18,425.1
2024-04-17,Tomato,Kolar,1519.48,1933.88,1726.68,2679.2
2024-04-18,Tomato,Kolar,1383.34,1760.62,1571.98,2376.7
2024-04-19,Tomato,Kolar,1369.98,1743.62,1556.8,2646.8
2024-04-20,Tomato,Kolar,1490.81,1897.39,1694.1,1201.2
2024-04-21,Tomato,Kolar,1612.62,2052.42,1832.52,1334.1
2024-04-22,Tomato,Kolar,1856.64,2363.0,2109.82,2722.1
2024-04-23,Tomato,Kolar,1840.14,2342.0,2091.07,1126.8
2024-04-24,Tomato,Kolar,1843.85,2346.71,2095.28,3475.4
2024-04-25,Tomato,Kolar,1879.02,2391.48,2135.25,1902.7
2024-04-26,Tomato,Kolar,1841.06,2343.16,2092.11,1572.3
2024-04-27,Tomato,Kolar,1735.28,2208.54,1971.91,2721.6
2024-04-28,Tomato,Kolar,1663.75,2117.49,1890.62,3402.0
2024-04-29,Tomato,Kolar,1797.42,2287.62,2042.52,1435.5
2024-04-30,Tomato,Kolar,1724.09,2194.29,1959.19,875.5
2024-05-01,Tomato,Kolar,1572.32,2001.14,1786.73,3111.3
2024-05-02,Tomato,Kolar,1591.16,2025.12,1808.14,741.1
2024-05-03,Tomato,Kolar,1556.93,1981.55,1769.24,2089.1
2024-05-04,Tomato,Kolar,1561.22,1987.0,1774.11,2719.0
2024-05-05,Tomato,Kolar,1427.8,1817.2,1622.5,708.2
2024-05-06,Tomato,Kolar,1382.65,1759.73,1571.19,1923.3
2024-05-07,Tomato,Kolar,1345.57,1712.55,1529.06,1481.9
2024-05-08,Tomato,Kolar,1367.64,1740.64,1554.14,1412.1
2024-05-09,Tomato,Kolar,1556.19,1980.61,1768.4,3491.7
2024-05-10,Tomato,Kolar,1410.45,1795.11,1602.78,615.5
2024-05-11,Tomato,Kolar,1282.06,1631.72,1456.89,1293.1
2024-05-12,Tomato,Kolar,1302.07,1657.19,1479.63,2577.2
2024-05-13,Tomato,Kolar,1324.51,1685.75,1505.13,2000.8
2024-05-14,Tomato,Kolar,1335.15,1699.29,1517.22,786.4
2024-05-15,Tomato,Kolar,1422.56,1810.54,1616.55,699.2
2024-05-16,Tomato,Kolar,1277.11,1625.41,1451.26,1766.3
2024-05-17,Tomato,Kolar,1205.18,1533.86,1369.52,2051.8
2024-05-18,Tomato,Kolar,1266.21,1611.55,1438.88,1664.6
2024-05-19,Tomato,Kolar,1367.92,1740.98,1554.45,2272.2
2024-05-20,Tomato,Kolar,1355.36,1725.0,1540.18,1234.0
2024-05-21,Tomato,Kolar,1390.23,1769.39,1579.81,1383.3
2024-05-22,Tomato,Kolar,1406.82,1790.5,1598.66,948.3
2024-05-23,Tomato,Kolar,1374.87,1749.83,1562.35,1531.7
2024-05-24,Tomato,Kolar,1257.41,1600.35,1428.88,3034.5
2024-05-25,Tomato,Kolar,1245.36,1585.0,1415.18,1078.1
2024-05-26,Tomato,Kolar,1387.54,1765.96,1576.75,3044.7
2024-05-27,Tomato,Kolar,1371.42,1745.44,1558.43,1978.7
2024-05-28,Tomato,Kolar,1368.24,1741.4,1554.82,582.1
2024-05-29,Tomato,Kolar,1405.53,1788.85,1597.19,1805.1
2024-05-30,Tomato,Kolar,1339.54,1704.86,1522.2,2111.0
2024-05-31,Tomato,Kolar,1305.2,1661.16,1483.18,1918.9
2024-06-01,Tomato,Kolar,1231.01,1566.73,1398.87,1777.6
2024-06-02,Tomato,Kolar,1167.65,1486.09,1326.87,1857.8
2024-06-03,Tomato,Kolar,1242.18,1580.96,1411.57,2568.0
2024-06-04,Tomato,Kolar,1166.85,1485.09,1325.97,2174.1
2024-06-05,Tomato,Kolar,1100.06,1400.08,1250.07,2085.7
2024-06-06,Tomato,Kolar,1066.88,1357.84,1212.36,471.3
2024-06-07,Tomato,Kolar,1044.27,1329.07,1186.67,488.6
2024-06-08,Tomato,Kolar,992.35,1262.99,1127.67,3402.3
2024-06-09,Tomato,Kolar,968.99,1233.27,1101.13,2476.1
2024-06-10,Tomato,Kolar,962.26,1224.7,1093.48,835.5
2024-06-11,Tomato,Kolar,1035.52,1317.94,1176.73,2821.4
2024-06-12,Tomato,Kolar,1045.43,1330.55,1187.99,1626.5
2024-06-13,Tomato,Kolar,987.97,1257.41,1122.69,2757.9
2024-06-14,Tomato,Kolar,978.55,1245.43,1111.99,3222.7
2024-06-15,Tomato,Kolar,955.13,1215.61,1085.37,2244.7
2024-06-16,Tomato,Kolar,966.46,1230.04,1098.25,737.7
2024-06-17,Tomato,Kolar,910.52,1158.84,1034.68,1743.3
2024-06-18,Tomato,Kolar,857.99,1091.99,974.99,1178.3
2024-06-19,Tomato,Kolar,921.62,1172.96,1047.29,1635.0
2024-06-20,Tomato,Kolar,986.79,1255.91,1121.35,1042.3
2024-06-21,Tomato,Kolar,1093.84,1392.16,1243.0,3191.4
2024-06-22,Tomato,Kolar,1124.93,1431.73,1278.33,3381.0
2024-06-23,Tomato,Kolar,1104.82,1406.14,1255.48,1365.5
2024-06-24,Tomato,Kolar,1121.15,1426.91,1274.03,764.8
2024-06-25,Tomato,Kolar,1131.03,1439.49,1285.26,2651.6
2024-06-26,Tomato,Kolar,1110.29,1413.09,1261.69,1184.3
2024-06-27,Tomato,Kolar,1059.82,1348.86,1204.34,1871.2
2024-06-28,Tomato,Kolar,1026.96,1307.04,1167.0,3413.0
2024-06-29,Tomato,Kolar,1015.42,1292.36,1153.89,1772.8
2024-06-30,Tomato,Kolar,1042.37,1326.65,1184.51,837.4
2024-07-01,Tomato,Kolar,1073.89,1366.77,1220.33,579.5
2024-07-02,Tomato,Kolar,1113.46,1417.14,1265.3,2964.0
2024-07-03,Tomato,Kolar,1073.01,1365.65,1219.33,2417.2
2024-07-04,Tomato,Kolar,945.78,1203.72,1074.75,3276.6
2024-07-05,Tomato,Kolar,899.79,1145.19,1022.49,2784.9
2024-07-06,Tomato,Kolar,862.99,1098.35,980.67,526.2
2024-07-07,Tomato,Kolar,918.31,1168.75,1043.53,3325.0
2024-07-08,Tomato,Kolar,849.19,1080.79,964.99,2537.9
2024-07-09,Tomato,Kolar,878.71,1118.35,998.53,3032.8
2024-07-10,Tomato,Kolar,869.99,1107.27,988.63,1489.8
2024-07-11,Tomato,Kolar,773.27,984.17,878.72,2196.3
2024-07-12,Tomato,Kolar,767.94,977.38,872.66,1530.3
2024-07-13,Tomato,Kolar,791.18,1006.96,899.07,475.1
2024-07-14,Tomato,Kolar,880.33,1120.43,1000.38,505.6
2024-07-15,Tomato,Kolar,936.82,1192.32,1064.57,2570.8
2024-07-16,Tomato,Kolar,955.7,1216.34,1086.02,2262.3
2024-07-17,Tomato,Kolar,966.89,1230.59,1098.74,1549.7
2024-07-18,Tomato,Kolar,1084.45,1380.21,1232.33,864.7
2024-07-19,Tomato,Kolar,1064.14,1354.36,1209.25,2192.9
2024-07-20,Tomato,Kolar,1045.1,1330.12,1187.61,3082.8
2024-07-21,Tomato,Kolar,1107.18,1409.14,1258.16,1194.1
2024-07-22,Tomato,Kolar,1026.56,1306.54,1166.55,1731.5
2024-07-23,Tomato,Kolar,913.26,1162.32,1037.79,1516.8
2024-07-24,Tomato,Kolar,884.72,1126.0,1005.36,572.9
2024-07-25,Tomato,Kolar,822.01,1046.19,934.1,3303.1
2024-07-26,Tomato,Kolar,887.51,1129.55,1008.53,2369.4
2024-07-27,Tomato,Kolar,876.15,1115.09,995.62,3282.2
2024-07-28,Tomato,Kolar,974.49,1240.25,1107.37,3126.6
2024-07-29,Tomato,Kolar,958.02,1219.3,1088.66,1031.0
2024-07-30,Tomato,Kolar,1103.89,1404.95,1254.42,2739.2
2024-07-31,Tomato,Kolar,1189.51,1513.93,1351.72,1469.7
2024-08-01,Tomato,Kolar,1299.61,1654.05,1476.83,1197.5
2024-08-02,Tomato,Kolar,1397.11,1778.13,1587.62,1040.1
2024-08-03,Tomato,Kolar,1443.88,1837.66,1640.77,2907.2
2024-08-04,Tomato,Kolar,1330.78,1693.72,1512.25,3373.2
2024-08-05,Tomato,Kolar,1318.74,1678.4,1498.57,3047.0
2024-08-06,Tomato,Kolar,1297.29,1651.09,1474.19,733.6
2024-08-07,Tomato,Kolar,1205.93,1534.81,1370.37,1813.1
2024-08-08,Tomato,Kolar,1223.5,1557.18,1390.34,1655.4
2024-08-09,Tomato,Kolar,1231.31,1567.13,1399.22,1855.1
2024-08-10,Tomato,Kolar,1185.24,1508.48,1346.86,935.4
2024-08-11,Tomato,Kolar,1145.28,1457.62,1301.45,1071.6
2024-08-12,Tomato,Kolar,1064.53,1354.85,1209.69,1244.4
2024-08-13,Tomato,Kolar,1093.71,1391.99,1242.85,2376.8
2024-08-14,Tomato,Kolar,1105.24,1406.66,1255.95,1260.4
2024-08-15,Tomato,Kolar,1183.18,1505.86,1344.52,1271.0
2024-08-16,Tomato,Kolar,1251.62,1592.98,1422.3,1598.5
2024-08-17,Tomato,Kolar,1270.56,1617.08,1443.82,2415.7
2024-08-18,Tomato,Kolar,1256.97,1599.77,1428.37,579.9
2024-08-19,Tomato,Kolar,1302.0,1657.08,1479.54,1474.8
2024-08-20,Tomato,Kolar,1364.72,1736.92,1550.82,2385.8
2024-08-21,Tomato,Kolar,1308.77,1665.71,1487.24,3011.3
2024-08-22,Tomato,Kolar,1226.55,1561.07,1393.81,1626.1
2024-08-23,Tomato,Kolar,1220.26,1553.06,1386.66,1028.3
2024-08-24,Tomato,Kolar,1299.91,1654.43,1477.17,1547.6
2024-08-25,Tomato,Kolar,1382.11,1759.05,1570.58,2253.4
2024-08-26,Tomato,Kolar,1356.69,1726.69,1541.69,3039.8
2024-08-27,Tomato,Kolar,1301.22,1656.1,1478.66,555.2
2024-08-28,Tomato,Kolar,1285.91,1636.61,1461.26,3387.7
2024-08-29,Tomato,Kolar,1350.73,1719.11,1534.92,3341.1
2024-08-30,Tomato,Kolar,1215.66,1547.2,1381.43,1176.0
2024-08-31,Tomato,Kolar,1169.36,1488.28,1328.82,2407.3
2024-09-01,Tomato,Kolar,1164.92,1482.62,1323.77,527.2
2024-09-02,Tomato,Kolar,1213.05,1543.89,1378.47,1326.0
2024-09-03,Tomato,Kolar,1128.07,1435.73,1281.9,3458.7
2024-09-04,Tomato,Kolar,1099.35,1399.17,1249.26,1878.7
2024-09-05,Tomato,Kolar,1112.57,1415.99,1264.28,1305.3
2024-09-06,Tomato,Kolar,1181.22,1503.36,1342.29,464.2
2024-09-07,Tomato,Kolar,1105.38,1406.84,1256.11,2525.6
2024-09-08,Tomato,Kolar,1146.61,1459.33,1302.97,2146.1
2024-09-09,Tomato,Kolar,1185.98,1509.42,1347.7,3242.0
2024-09-10,Tomato,Kolar,1204.76,1533.34,1369.05,3267.2
2024-09-11,Tomato,Kolar,1188.3,1512.38,1350.34,2570.5
2024-09-12,Tomato,Kolar,1223.64,1557.36,1390.5,3031.6
2024-09-13,Tomato,Kolar,1242.25,1581.05,1411.65,3352.7
2024-09-14,Tomato,Kolar,1360.12,1731.06,1545.59,1491.6
2024-09-15,Tomato,Kolar,1393.19,1773.15,1583.17,1888.1
2024-09-16,Tomato,Kolar,1379.19,1755.33,1567.26,1562.6
2024-09-17,Tomato,Kolar,1458.22,1855.92,1657.07,2193.6
2024-09-18,Tomato,Kolar,1516.11,1929.59,1722.85,1432.9
2024-09-19,Tomato,Kolar,1528.86,1945.82,1737.34,417.1
2024-09-20,Tomato,Kolar,1454.6,1851.3,1652.95,3112.8
2024-09-21,Tomato,Kolar,1397.04,1778.06,1587.55,2112.9
2024-09-22,Tomato,Kolar,1517.5,1931.36,1724.43,3324.3
2024-09-23,Tomato,Kolar,1658.43,2110.73,1884.58,1992.7
2024-09-24,Tomato,Kolar,1520.03,1934.59,1727.31,870.4
2024-09-25,Tomato,Kolar,1510.21,1922.09,1716.15,3312.8
2024-09-26,Tomato,Kolar,1674.44,2131.1,1902.77,3496.8
2024-09-27,Tomato,Kolar,1713.03,2180.21,1946.62,896.9
2024-09-28,Tomato,Kolar,1688.02,2148.4,1918.21,1600.7
2024-09-29,Tomato,Kolar,1542.43,1963.09,1752.76,685.5
2024-09-30,Tomato,Kolar,1546.44,1968.2,1757.32,3207.1
2024-10-01,Tomato,Kolar,1480.18,1883.86,1682.02,1242.5
2024-10-02,Tomato,Kolar,1545.59,1967.11,1756.35,3188.0
2024-10-03,Tomato,Kolar,1418.41,1805.25,1611.83,2565.4
2024-10-04,Tomato,Kolar,1433.53,1824.49,1629.01,2658.7
2024-10-05,Tomato,Kolar,1563.5,1989.92,1776.71,471.1
2024-10-06,Tomato,Kolar,1718.53,2187.21,1952.87,500.6
2024-10-07,Tomato,Kolar,1704.23,2169.01,1936.62,2178.0
2024-10-08,Tomato,Kolar,1655.49,2106.99,1881.24,2921.8
2024-10-09,Tomato,Kolar,1614.19,2054.43,1834.31,2143.2
2024-10-10,Tomato,Kolar,1645.52,2094.3,1869.91,593.1
2024-10-11,Tomato,Kolar,1655.9,2107.52,1881.71,1667.7
2024-10-12,Tomato,Kolar,1657.09,2109.03,1883.06,477.0
2024-10-13,Tomato,Kolar,1615.57,2056.17,1835.87,647.6
2024-10-14,Tomato,Kolar,1588.22,2021.36,1804.79,1077.8
2024-10-15,Tomato,Kolar,1695.36,2157.74,1926.55,2278.9
2024-10-16,Tomato,Kolar,1740.22,2214.82,1977.52,2196.0
2024-10-17,Tomato,Kolar,1763.29,2244.19,2003.74,801.4
2024-10-18,Tomato,Kolar,1872.63,2383.35,2127.99,2691.2
2024-10-19,Tomato,Kolar,2023.88,2575.84,2299.86,1975.8
2024-10-20,Tomato,Kolar,2051.1,2610.48,2330.79,2424.1
2024-10-21,Tomato,Kolar,2058.12,2619.42,2338.77,2067.0
2024-10-22,Tomato,Kolar,2194.3,2792.74,2493.52,1599.0
2024-10-23,Tomato,Kolar,2205.41,2806.89,2506.15,2522.7
2024-10-24,Tomato,Kolar,2099.59,2672.21,2385.9,3293.3
2024-10-25,Tomato,Kolar,2348.8,2989.38,2669.09,3070.8
2024-10-26,Tomato,Kolar,2191.1,2788.68,2489.89,3103.0
2024-10-27,Tomato,Kolar,2177.45,2771.31,2474.38,1841.2
2024-10-28,Tomato,Kolar,2290.15,2914.73,2602.44,2363.8
2024-10-29,Tomato,Kolar,2173.63,2766.43,2470.03,1552.0
2024-10-30,Tomato,Kolar,2352.35,2993.91,2673.13,2158.1
2024-10-31,Tomato,Kolar,2073.7,2639.26,2356.48,1022.9
2024-11-01,Tomato,Kolar,2259.02,2875.12,2567.07,2994.5
2024-11-02,Tomato,Kolar,2204.59,2805.85,2505.22,2656.5
2024-11-03,Tomato,Kolar,2339.52,2977.58,2658.55,2134.8
2024-11-04,Tomato,Kolar,2356.48,2999.16,2677.82,801.7
2024-11-05,Tomato,Kolar,2317.3,2949.28,2633.29,1946.1
2024-11-06,Tomato,Kolar,2196.53,2795.59,2496.06,2760.9
2024-11-07,Tomato,Kolar,2200.0,2800.0,2500.0,2051.8
2024-11-08,Tomato,Kolar,2183.62,2779.16,2481.39,1943.4
2024-11-09,Tomato,Kolar,2073.54,2639.06,2356.3,676.2
2024-11-10,Tomato,Kolar,2058.76,2620.24,2339.5,1395.6
2024-11-11,Tomato,Kolar,2079.18,2646.22,2362.7,2984.2
2024-11-12,Tomato,Kolar,2097.22,2669.2,2383.21,3411.6
2024-11-13,Tomato,Kolar,2132.81,2714.49,2423.65,2592.6
2024-11-14,Tomato,Kolar,2053.48,2613.52,2333.5,1727.1
2024-11-15,Tomato,Kolar,2136.33,2718.97,2427.65,2778.5
2024-11-16,Tomato,Kolar,2276.74,2897.68,2587.21,2147.9
2024-11-17,Tomato,Kolar,2204.49,2805.71,2505.1,2085.6
2024-11-18,Tomato,Kolar,2235.19,2844.79,2539.99,2470.5
2024-11-19,Tomato,Kolar,2245.36,2857.72,2551.54,2626.7
2024-11-20,Tomato,Kolar,2323.95,2957.75,2640.85,1447.4
2024-11-21,Tomato,Kolar,2099.1,2671.58,2385.34,2248.5
2024-11-22,Tomato,Kolar,2056.4,2617.24,2336.82,2964.4
2024-11-23,Tomato,Kolar,2140.13,2723.81,2431.97,2575.3
2024-11-24,Tomato,Kolar,2160.38,2749.58,2454.98,843.9
2024-11-25,Tomato,Kolar,2205.63,2807.17,2506.4,1940.6
2024-11-26,Tomato,Kolar,2129.78,2710.62,2420.2,487.0
2024-11-27,Tomato,Kolar,1999.84,2545.26,2272.55,2709.3
2024-11-28,Tomato,Kolar,2024.92,2577.18,2301.05,1865.2
2024-11-29,Tomato,Kolar,2011.9,2560.6,2286.25,1941.1
2024-11-30,Tomato,Kolar,1978.35,2517.89,2248.12,3252.7
2024-12-01,Tomato,Kolar,1845.87,2349.29,2097.58,1777.6
2024-12-02,Tomato,Kolar,1812.57,2306.91,2059.74,697.4
2024-12-03,Tomato,Kolar,1691.31,2152.57,1921.94,3168.1
2024-12-04,Tomato,Kolar,1706.58,2172.02,1939.3,493.4
2024-12-05,Tomato,Kolar,1967.37,2503.93,2235.65,2158.6
2024-12-06,Tomato,Kolar,1982.09,2522.65,2252.37,2262.5
2024-12-07,Tomato,Kolar,2023.95,2575.93,2299.94,952.5
2024-12-08,Tomato,Kolar,2213.46,2817.14,2515.3,842.4
2024-12-09,Tomato,Kolar,2318.71,2951.09,2634.9,535.1
2024-12-10,Tomato,Kolar,2343.4,2982.5,2662.95,1476.1
2024-12-11,Tomato,Kolar,2366.26,3011.6,2688.93,2434.9
2024-12-12,Tomato,Kolar,2294.66,2920.48,2607.57,2043.8
2024-12-13,Tomato,Kolar,2273.03,2892.95,2582.99,1096.8
2024-12-14,Tomato,Kolar,2065.65,2629.01,2347.33,1196.2
2024-12-15,Tomato,Kolar,2101.02,2674.02,2387.52,2206.5
2024-12-16,Tomato,Kolar,1956.41,2489.97,2223.19,2849.9
2024-12-17,Tomato,Kolar,1937.33,2465.69,2201.51,654.3
2024-12-18,Tomato,Kolar,2060.36,2622.28,2341.32,2204.4
2024-12-19,Tomato,Kolar,1986.57,2528.37,2257.47,2992.4
2024-12-20,Tomato,Kolar,1837.72,2338.92,2088.32,868.0
2024-12-21,Tomato,Kolar,1874.84,2386.16,2130.5,2144.5
2024-12-22,Tomato,Kolar,1898.68,2416.5,2157.59,446.6
2024-12-23,Tomato,Kolar,1882.67,2396.13,2139.4,1751.6
2024-12-24,Tomato,Kolar,2104.3,2678.2,2391.25,2671.3
2024-12-25,Tomato,Kolar,2032.1,2586.3,2309.2,2249.5
2024-12-26,Tomato,Kolar,1935.15,2462.91,2199.03,3037.6
2024-12-27,Tomato,Kolar,1872.54,2383.24,2127.89,1524.2
2024-12-28,Tomato,Kolar,1757.32,2236.58,1996.95,2992.8
2024-12-29,Tomato,Kolar,1900.94,2419.38,2160.16,639.9
2024-12-30,Tomato,Kolar,1803.8,2295.74,2049.77,1352.2
2024-12-31,Tomato,Kolar,1909.48,2430.24,2169.86,2029.5
2025-01-01,Tomato,Kolar,1927.54,2453.24,2190.39,2805.3
2025-01-02,Tomato,Kolar,1803.01,2294.73,2048.87,3430.4
2025-01-03,Tomato,Kolar,1919.14,2442.54,2180.84,3089.1
2025-01-04,Tomato,Kolar,1876.52,2388.3,2132.41,2230.6
2025-01-05,Tomato,Kolar,1740.05,2214.61,1977.33,1584.6
2025-01-06,Tomato,Kolar,1799.72,2290.56,2045.14,3240.9
2025-01-07,Tomato,Kolar,1729.48,2201.16,1965.32,1647.9
2025-01-08,Tomato,Kolar,1701.08,2165.02,1933.05,988.6
2025-01-09,Tomato,Kolar,1912.05,2433.51,2172.78,3426.1
2025-01-10,Tomato,Kolar,1803.36,2295.18,2049.27,2185.3
2025-01-11,Tomato,Kolar,1737.04,2210.78,1973.91,1683.7
2025-01-12,Tomato,Kolar,1696.09,2158.65,1927.37,3268.0
2025-01-13,Tomato,Kolar,1790.19,2278.43,2034.31,532.9
2025-01-14,Tomato,Kolar,1892.42,2408.54,2150.48,2223.3
2025-01-15,Tomato,Kolar,1781.49,2267.35,2024.42,753.1
2025-01-16,Tomato,Kolar,1742.88,2218.22,1980.55,2430.4
2025-01-17,Tomato,Kolar,1775.21,2259.35,2017.28,1653.5
2025-01-18,Tomato,Kolar,1865.23,2373.93,2119.58,782.9
2025-01-19,Tomato,Kolar,1771.0,2254.0,2012.5,976.5
2025-01-20,Tomato,Kolar,1680.47,2138.79,1909.63,1244.0
2025-01-21,Tomato,Kolar,1762.16,2242.76,2002.46,3233.9
2025-01-22,Tomato,Kolar,1814.8,2309.74,2062.27,1443.8
2025-01-23,Tomato,Kolar,1853.64,2359.18,2106.41,956.5
2025-01-24,Tomato,Kolar,1867.74,2377.12,2122.43,1611.3
2025-01-25,Tomato,Kolar,2003.56,2549.98,2276.77,2576.4
2025-01-26,Tomato,Kolar,2155.15,2742.91,2449.03,1210.9
2025-01-27,Tomato,Kolar,2023.65,2575.55,2299.6,745.0
2025-01-28,Tomato,Kolar,2163.09,2753.03,2458.06,1864.2
2025-01-29,Tomato,Kolar,2024.81,2577.03,2300.92,1797.9
2025-01-30,Tomato,Kolar,2023.89,2575.85,2299.87,1895.7
2025-01-31,Tomato,Kolar,2147.62,2733.34,2440.48,649.0
2025-02-01,Tomato,Kolar,2248.8,2862.1,2555.45,2547.1
2025-02-02,Tomato,Kolar,2171.39,2763.59,2467.49,512.6
2025-02-03,Tomato,Kolar,2206.16,2807.84,2507.0,1076.8
2025-02-04,Tomato,Kolar,2282.77,2905.35,2594.06,3491.1
2025-02-05,Tomato,Kolar,2272.88,2892.76,2582.82,2381.8
2025-02-06,Tomato,Kolar,2354.59,2996.75,2675.67,2846.2
2025-02-07,Tomato,Kolar,2250.14,2863.82,2556.98,2859.4
2025-02-08,Tomato,Kolar,2481.8,3158.66,2820.23,2992.2
2025-02-09,Tomato,Kolar,2353.28,2995.08,2674.18,2786.9
2025-02-10,Tomato,Kolar,2409.4,3066.52,2737.96,1257.6
2025-02-11,Tomato,Kolar,2360.83,3004.69,2682.76,2571.2
2025-02-12,Tomato,Kolar,2251.98,2866.16,2559.07,3172.6
2025-02-13,Tomato,Kolar,2504.41,3187.43,2845.92,1486.9
2025-02-14,Tomato,Kolar,2347.72,2988.0,2667.86,415.0
2025-02-15,Tomato,Kolar,2308.13,2937.61,2622.87,1004.0
2025-02-16,Tomato,Kolar,2377.08,3025.38,2701.23,1780.1
2025-02-17,Tomato,Kolar,2587.31,3292.95,2940.13,3075.0
2025-02-18,Tomato,Kolar,2311.02,2941.3,2626.16,2437.1
2025-02-19,Tomato,Kolar,2215.07,2819.17,2517.12,546.5
2025-02-20,Tomato,Kolar,2157.59,2746.03,2451.81,3316.4
2025-02-21,Tomato,Kolar,2032.61,2586.95,2309.78,801.4
2025-02-22,Tomato,Kolar,1944.45,2474.75,2209.6,2494.5
2025-02-23,Tomato,Kolar,1873.28,2384.18,2128.73,1392.1
2025-02-24,Tomato,Kolar,1926.21,2451.53,2188.87,451.3
2025-02-25,Tomato,Kolar,1766.95,2248.85,2007.9,509.7
2025-02-26,Tomato,Kolar,1950.66,2482.66,2216.66,2199.0
2025-02-27,Tomato,Kolar,2027.97,2581.05,2304.51,1138.3
2025-02-28,Tomato,Kolar,2084.48,2652.98,2368.73,985.0
2025-03-01,Tomato,Kolar,2076.48,2642.8,2359.64,3257.1
2025-03-02,Tomato,Kolar,2160.24,2749.4,2454.82,1100.0
2025-03-03,Tomato,Kolar,2227.91,2835.53,2531.72,1005.2
2025-03-04,Tomato,Kolar,2357.25,3000.13,2678.69,3299.9
2025-03-05,Tomato,Kolar,2351.27,2992.53,2671.9,1488.5
2025-03-06,Tomato,Kolar,2143.08,2727.56,2435.32,2860.0
2025-03-07,Tomato,Kolar,1994.52,2538.48,2266.5,2930.4
2025-03-08,Tomato,Kolar,2067.05,2630.79,2348.92,2309.2
2025-03-09,Tomato,Kolar,2068.54,2632.68,2350.61,1810.3
2025-03-10,Tomato,Kolar,2043.69,2601.05,2322.37,1177.0
2025-03-11,Tomato,Kolar,2063.95,2626.85,2345.4,1536.7
2025-03-12,Tomato,Kolar,2043.08,2600.28,2321.68,1458.1
2025-03-13,Tomato,Kolar,1966.31,2502.57,2234.44,558.3
2025-03-14,Tomato,Kolar,1884.05,2397.89,2140.97,622.0
2025-03-15,Tomato,Kolar,1827.9,2326.42,2077.16,1184.7
2025-03-16,Tomato,Kolar,1864.57,2373.09,2118.83,1389.5
2025-03-17,Tomato,Kolar,1983.26,2524.14,2253.7,762.8
2025-03-18,Tomato,Kolar,2000.3,2545.84,2273.07,1196.1
2025-03-19,Tomato,Kolar,1766.44,2248.2,2007.32,1354.2
2025-03-20,Tomato,Kolar,1572.13,2000.89,1786.51,3468.1
2025-03-21,Tomato,Kolar,1598.6,2034.58,1816.59,2482.9
2025-03-22,Tomato,Kolar,1762.43,2243.09,2002.76,3019.6
2025-03-23,Tomato,Kolar,1799.81,2290.67,2045.24,1552.9
2025-03-24,Tomato,Kolar,1859.08,2366.1,2112.59,1588.4
2025-03-25,Tomato,Kolar,1731.45,2203.67,1967.56,1239.8
2025-03-26,Tomato,Kolar,1784.47,2271.15,2027.81,2564.4
2025-03-27,Tomato,Kolar,1768.47,2250.77,2009.62,2974.4
2025-03-28,Tomato,Kolar,1845.08,2348.28,2096.68,2016.0
2025-03-29,Tomato,Kolar,1847.62,2351.52,2099.57,1249.8
2025-03-30,Tomato,Kolar,1788.91,2276.79,2032.85,881.1
2025-03-31,Tomato,Kolar,1972.84,2510.88,2241.86,1906.3
2025-04-01,Tomato,Kolar,2079.71,2646.91,2363.31,2587.4
2025-04-02,Tomato,Kolar,2100.48,2673.34,2386.91,1676.2
2025-04-03,Tomato,Kolar,2120.1,2698.3,2409.2,2423.0
2025-04-04,Tomato,Kolar,2068.0,2632.0,2350.0,1589.5
2025-04-05,Tomato,Kolar,1945.45,2476.03,2210.74,1685.3
2025-04-06,Tomato,Kolar,1969.55,2506.69,2238.12,3135.3
2025-04-07,Tomato,Kolar,2016.96,2567.04,2292.0,921.6
2025-04-08,Tomato,Kolar,1967.74,2504.4,2236.07,1319.8
2025-04-09,Tomato,Kolar,1801.92,2293.36,2047.64,3130.1
2025-04-10,Tomato,Kolar,1842.46,2344.96,2093.71,1265.9
2025-04-11,Tomato,Kolar,1825.39,2323.23,2074.31,1212.7
2025-04-12,Tomato,Kolar,1729.0,2200.54,1964.77,634.4
2025-04-13,Tomato,Kolar,1777.34,2262.06,2019.7,1656.3
2025-04-14,Tomato,Kolar,1793.89,2283.13,2038.51,3361.3
2025-04-15,Tomato,Kolar,1873.35,2384.27,2128.81,600.5
2025-04-16,Tomato,Kolar,1918.74,2442.04,2180.39,1107.6
2025-04-17,Tomato,Kolar,1820.44,2316.92,2068.68,503.5
2025-04-18,Tomato,Kolar,1823.03,2320.21,2071.62,1529.6
2025-04-19,Tomato,Kolar,1842.67,2345.21,2093.94,2397.4
2025-04-20,Tomato,Kolar,1794.36,2283.74,2039.05,1658.7
2025-04-21,Tomato,Kolar,1998.2,2543.16,2270.68,2857.2
2025-04-22,Tomato,Kolar,1953.22,2485.92,2219.57,3179.8
2025-04-23,Tomato,Kolar,2006.03,2553.13,2279.58,1911.0
2025-04-24,Tomato,Kolar,2143.79,2728.45,2436.12,2623.3
2025-04-25,Tomato,Kolar,2088.14,2657.64,2372.89,2697.7
2025-04-26,Tomato,Kolar,2060.75,2622.77,2341.76,2449.9
2025-04-27,Tomato,Kolar,2096.73,2668.57,2382.65,1409.1
2025-04-28,Tomato,Kolar,1897.31,2414.75,2156.03,3132.0
2025-04-29,Tomato,Kolar,1912.65,2434.29,2173.47,2021.9
2025-04-30,Tomato,Kolar,1845.25,2348.51,2096.88,691.7
2025-05-01,Tomato,Kolar,1855.38,2361.4,2108.39,1649.5
2025-05-02,Tomato,Kolar,1730.87,2202.93,1966.9,1284.6
2025-05-03,Tomato,Kolar,1816.57,2311.99,2064.28,3029.3
2025-05-04,Tomato,Kolar,1782.24,2268.3,2025.27,3132.6
2025-05-05,Tomato,Kolar,1840.45,2342.39,2091.42,1783.7
2025-05-06,Tomato,Kolar,1895.92,2412.98,2154.45,2286.8
2025-05-07,Tomato,Kolar,2005.19,2552.05,2278.62,997.9
2025-05-08,Tomato,Kolar,2010.98,2559.44,2285.21,475.9
2025-05-09,Tomato,Kolar,1878.64,2391.0,2134.82,2467.2
2025-05-10,Tomato,Kolar,1922.32,2446.58,2184.45,3036.2
2025-05-11,Tomato,Kolar,1825.54,2323.42,2074.48,1567.6
2025-05-12,Tomato,Kolar,1998.88,2544.04,2271.46,1641.6
2025-05-13,Tomato,Kolar,1834.42,2334.72,2084.57,1913.5
2025-05-14,Tomato,Kolar,1803.51,2295.37,2049.44,1892.2
2025-05-15,Tomato,Kolar,1708.16,2174.02,1941.09,1083.3
2025-05-16,Tomato,Kolar,1592.6,2026.94,1809.77,594.7
2025-05-17,Tomato,Kolar,1528.9,1945.88,1737.39,2266.3
2025-05-18,Tomato,Kolar,1469.89,1870.77,1670.33,1345.7
2025-05-19,Tomato,Kolar,1479.98,1883.62,1681.8,404.6
2025-05-20,Tomato,Kolar,1560.6,1986.22,1773.41,2844.3
2025-05-21,Tomato,Kolar,1540.61,1960.77,1750.69,2242.4
2025-05-22,Tomato,Kolar,1551.23,1974.29,1762.76,1482.9
2025-05-23,Tomato,Kolar,1513.28,1926.0,1719.64,1418.5
2025-05-24,Tomato,Kolar,1215.43,1546.91,1381.17,1148.3
2025-05-25,Tomato,Kolar,1250.17,1591.13,1420.65,3143.1
2025-05-26,Tomato,Kolar,1292.17,1644.57,1468.37,1391.9
2025-05-27,Tomato,Kolar,1312.69,1670.69,1491.69,2981.6
2025-05-28,Tomato,Kolar,1403.85,1786.71,1595.28,3422.9
2025-05-29,Tomato,Kolar,1482.47,1886.77,1684.62,3361.0
2025-05-30,Tomato,Kolar,1562.84,1989.08,1775.96,762.6
2025-05-31,Tomato,Kolar,1623.32,2066.04,1844.68,2836.0
2025-06-01,Tomato,Kolar,1643.27,2091.43,1867.35,1761.3
2025-06-02,Tomato,Kolar,1645.43,2094.19,1869.81,527.1
2025-06-03,Tomato,Kolar,1689.85,2150.71,1920.28,1937.6
2025-06-04,Tomato,Kolar,1740.12,2214.7,1977.41,2108.1
2025-06-05,Tomato,Kolar,1681.28,2139.82,1910.55,1081.1
2025-06-06,Tomato,Kolar,1708.56,2174.54,1941.55,1054.1
2025-06-07,Tomato,Kolar,1677.17,2134.57,1905.87,2721.2
2025-06-08,Tomato,Kolar,1694.42,2156.54,1925.48,2834.7
2025-06-09,Tomato,Kolar,1669.51,2124.83,1897.17,1526.4
2025-06-10,Tomato,Kolar,1601.02,2037.66,1819.34,2047.0
2025-06-11,Tomato,Kolar,1593.62,2028.24,1810.93,3455.8
2025-06-12,Tomato,Kolar,1553.55,1977.25,1765.4,1850.9
2025-06-13,Tomato,Kolar,1424.48,1812.98,1618.73,585.4
2025-06-14,Tomato,Kolar,1332.89,1696.41,1514.65,3470.7
2025-06-15,Tomato,Kolar,1313.2,1671.34,1492.27,2429.3
2025-06-16,Tomato,Kolar,1359.74,1730.58,1545.16,2181.8
2025-06-17,Tomato,Kolar,1328.62,1690.98,1509.8,485.8
2025-06-18,Tomato,Kolar,1347.44,1714.92,1531.18,2084.2
2025-06-19,Tomato,Kolar,1367.85,1740.89,1554.37,2032.9
2025-06-20,Tomato,Kolar,1276.17,1624.21,1450.19,1415.6
2025-06-21,Tomato,Kolar,1265.77,1610.97,1438.37,738.8
2025-06-22,Tomato,Kolar,1285.34,1635.88,1460.61,1525.1
2025-06-23,Tomato,Kolar,1428.89,1818.59,1623.74,1534.4
2025-06-24,Tomato,Kolar,1351.28,1719.8,1535.54,744.3
2025-06-25,Tomato,Kolar,1350.18,1718.42,1534.3,1303.0
2025-06-26,Tomato,Kolar,1313.37,1671.57,1492.47,2777.2
2025-06-27,Tomato,Kolar,1360.74,1731.84,1546.29,3432.2
2025-06-28,Tomato,Kolar,1325.98,1687.62,1506.8,917.7
2025-06-29,Tomato,Kolar,1183.77,1506.61,1345.19,3473.0
2025-06-30,Tomato,Kolar,1139.81,1450.67,1295.24,2851.1
2025-07-01,Tomato,Kolar,1173.84,1493.98,1333.91,1034.5
2025-07-02,Tomato,Kolar,1237.58,1575.1,1406.34,1952.7
2025-07-03,Tomato,Kolar,1099.77,1399.71,1249.74,3020.6
2025-07-04,Tomato,Kolar,1039.49,1322.99,1181.24,1512.6
2025-07-05,Tomato,Kolar,986.71,1255.81,1121.26,2133.8
2025-07-06,Tomato,Kolar,975.33,1241.33,1108.33,2808.8
2025-07-07,Tomato,Kolar,1082.41,1377.61,1230.01,2371.2
2025-07-08,Tomato,Kolar,1101.33,1401.69,1251.51,2560.8
2025-07-09,Tomato,Kolar,1094.84,1393.44,1244.14,1998.2
2025-07-10,Tomato,Kolar,1123.35,1429.71,1276.53,2280.2
2025-07-11,Tomato,Kolar,1189.04,1513.32,1351.18,1860.7
2025-07-12,Tomato,Kolar,1253.49,1595.35,1424.42,2563.6
2025-07-13,Tomato,Kolar,1315.32,1674.04,1494.68,3081.4
2025-07-14,Tomato,Kolar,1327.63,1689.71,1508.67,2678.6
2025-07-15,Tomato,Kolar,1288.51,1639.93,1464.22,2868.4
2025-07-16,Tomato,Kolar,1325.91,1687.53,1506.72,2002.6
2025-07-17,Tomato,Kolar,1400.06,1781.9,1590.98,2764.7
2025-07-18,Tomato,Kolar,1397.95,1779.21,1588.58,2643.2
2025-07-19,Tomato,Kolar,1390.07,1769.17,1579.62,1302.6
2025-07-20,Tomato,Kolar,1397.8,1779.02,1588.41,2560.5
2025-07-21,Tomato,Kolar,1294.24,1647.22,1470.73,991.2
2025-07-22,Tomato,Kolar,1311.97,1669.79,1490.88,1814.1
2025-07-23,Tomato,Kolar,1317.36,1676.64,1497.0,3093.7
2025-07-24,Tomato,Kolar,1319.76,1679.7,1499.73,3061.4
2025-07-25,Tomato,Kolar,1366.25,1738.87,1552.56,2376.6
2025-07-26,Tomato,Kolar,1352.57,1721.45,1537.01,1116.7
2025-07-27,Tomato,Kolar,1306.79,1663.19,1484.99,1429.8
2025-07-28,Tomato,Kolar,1335.02,1699.12,1517.07,3299.5
2025-07-29,Tomato,Kolar,1428.98,1818.7,1623.84,528.3
2025-07-30,Tomato,Kolar,1334.54,1698.5,1516.52,2195.6
2025-07-31,Tomato,Kolar,1377.38,1753.02,1565.2,2751.8
2025-08-01,Tomato,Kolar,1408.94,1793.2,1601.07,477.9
2025-08-02,Tomato,Kolar,1507.12,1918.16,1712.64,698.4
2025-08-03,Tomato,Kolar,1559.79,1985.19,1772.49,1663.9
2025-08-04,Tomato,Kolar,1429.33,1819.15,1624.24,2198.8
2025-08-05,Tomato,Kolar,1423.5,1811.72,1617.61,2638.6
2025-08-06,Tomato,Kolar,1578.35,2008.81,1793.58,3334.7
2025-08-07,Tomato,Kolar,1619.46,2061.14,1840.3,1943.6
2025-08-08,Tomato,Kolar,1623.67,2066.49,1845.08,3332.6
2025-08-09,Tomato,Kolar,1696.82,2159.6,1928.21,2771.8
2025-08-10,Tomato,Kolar,1583.07,2014.81,1798.94,2902.2
2025-08-11,Tomato,Kolar,1467.74,1868.04,1667.89,3415.4
2025-08-12,Tomato,Kolar,1489.93,1896.27,1693.1,632.8
2025-08-13,Tomato,Kolar,1422.34,1810.24,1616.29,2834.5
2025-08-14,Tomato,Kolar,1450.4,1845.96,1648.18,2101.6
2025-08-15,Tomato,Kolar,1481.07,1884.99,1683.03,1899.4
2025-08-16,Tomato,Kolar,1499.42,1908.36,1703.89,434.6
2025-08-17,Tomato,Kolar,1458.67,1856.49,1657.58,915.5
2025-08-18,Tomato,Kolar,1481.3,1885.28,1683.29,1569.7
2025-08-19,Tomato,Kolar,1511.79,1924.09,1717.94,1916.2
2025-08-20,Tomato,Kolar,1633.28,2078.72,1856.0,1127.7
2025-08-21,Tomato,Kolar,1656.54,2108.32,1882.43,2274.7
2025-08-22,Tomato,Kolar,1559.01,1984.19,1771.6,3294.9
2025-08-23,Tomato,Kolar,1576.38,2006.3,1791.34,1572.1
2025-08-24,Tomato,Kolar,1603.91,2041.33,1822.62,1690.3
2025-08-25,Tomato,Kolar,1594.49,2029.35,1811.92,2825.5
2025-08-26,Tomato,Kolar,1612.56,2052.34,1832.45,3236.7
2025-08-27,Tomato,Kolar,1612.02,2051.66,1831.84,2976.4
2025-08-28,Tomato,Kolar,1787.07,2274.45,2030.76,1131.2
2025-08-29,Tomato,Kolar,1755.63,2234.43,1995.03,2055.5
2025-08-30,Tomato,Kolar,1849.73,2354.21,2101.97,2935.2
2025-08-31,Tomato,Kolar,1846.03,2349.49,2097.76,669.4
2025-09-01,Tomato,Kolar,1613.52,2053.58,1833.55,747.5
2025-09-02,Tomato,Kolar,1675.61,2132.59,1904.1,940.5
2025-09-03,Tomato,Kolar,1623.16,2065.84,1844.5,1244.0
2025-09-04,Tomato,Kolar,1582.15,2013.65,1797.9,2528.7
2025-09-05,Tomato,Kolar,1624.26,2067.24,1845.75,987.7
2025-09-06,Tomato,Kolar,1617.07,2058.09,1837.58,1519.0
2025-09-07,Tomato,Kolar,1504.79,1915.19,1709.99,2510.0
2025-09-08,Tomato,Kolar,1600.32,2036.78,1818.55,519.2
2025-09-09,Tomato,Kolar,1693.5,2155.36,1924.43,2535.0
2025-09-10,Tomato,Kolar,1676.92,2134.26,1905.59,2780.1
2025-09-11,Tomato,Kolar,1731.37,2203.57,1967.47,466.3
2025-09-12,Tomato,Kolar,1735.82,2209.22,1972.52,3366.7
2025-09-13,Tomato,Kolar,1860.5,2367.92,2114.21,834.1
2025-09-14,Tomato,Kolar,1943.89,2474.05,2208.97,2490.4
2025-09-15,Tomato,Kolar,1812.04,2306.24,2059.14,3020.2
2025-09-16,Tomato,Kolar,1926.28,2451.62,2188.95,2331.2
2025-09-17,Tomato,Kolar,1955.71,2489.09,2222.4,2567.9
2025-09-18,Tomato,Kolar,1945.18,2475.68,2210.43,748.2
2025-09-19,Tomato,Kolar,1985.8,2527.38,2256.59,2916.7
2025-09-20,Tomato,Kolar,2138.54,2721.78,2430.16,615.1
2025-09-21,Tomato,Kolar,2135.15,2717.47,2426.31,1942.4
2025-09-22,Tomato,Kolar,1937.81,2466.31,2202.06,2687.7
2025-09-23,Tomato,Kolar,1961.82,2496.86,2229.34,3093.7
2025-09-24,Tomato,Kolar,1914.1,2436.12,2175.11,900.9
2025-09-25,Tomato,Kolar,1901.17,2419.67,2160.42,2577.2
2025-09-26,Tomato,Kolar,2018.25,2568.69,2293.47,2858.9
2025-09-27,Tomato,Kolar,2207.88,2810.04,2508.96,1954.1
2025-09-28,Tomato,Kolar,2057.24,2618.3,2337.77,1002.5
2025-09-29,Tomato,Kolar,2117.7,2695.26,2406.48,3028.1
2025-09-30,Tomato,Kolar,2054.13,2614.35,2334.24,2974.4
2025-10-01,Tomato,Kolar,2176.67,2770.31,2473.49,2219.6
2025-10-02,Tomato,Kolar,2049.03,2607.85,2328.44,1071.2
2025-10-03,Tomato,Kolar,2095.85,2667.45,2381.65,920.9
2025-10-04,Tomato,Kolar,2045.9,2603.88,2324.89,2554.6
2025-10-05,Tomato,Kolar,2123.9,2703.14,2413.52,2603.7
2025-10-06,Tomato,Kolar,2115.18,2692.04,2403.61,3306.3
2025-10-07,Tomato,Kolar,2172.99,2765.63,2469.31,910.0
2025-10-08,Tomato,Kolar,2104.58,2678.56,2391.57,2917.4
2025-10-09,Tomato,Kolar,2093.67,2664.67,2379.17,1155.9
2025-10-10,Tomato,Kolar,2078.71,2645.63,2362.17,1599.0
2025-10-11,Tomato,Kolar,2157.83,2746.33,2452.08,2983.8
2025-10-12,Tomato,Kolar,2348.72,2989.28,2669.0,2747.7
2025-10-13,Tomato,Kolar,2312.53,2943.23,2627.88,708.8
2025-10-14,Tomato,Kolar,2312.98,2943.8,2628.39,2561.9
2025-10-15,Tomato,Kolar,2239.69,2850.51,2545.1,2128.4
2025-10-16,Tomato,Kolar,2082.48,2650.42,2366.45,2516.1
2025-10-17,Tomato,Kolar,2181.31,2776.21,2478.76,2654.6
2025-10-18,Tomato,Kolar,2260.6,2877.12,2568.86,2838.2
2025-10-19,Tomato,Kolar,2246.43,2859.09,2552.76,1542.3
2025-10-20,Tomato,Kolar,2418.6,3078.22,2748.41,1362.4
2025-10-21,Tomato,Kolar,2373.84,3021.26,2697.55,2718.5
2025-10-22,Tomato,Kolar,2354.93,2997.19,2676.06,3064.5
2025-10-23,Tomato,Kolar,2240.62,2851.7,2546.16,2898.3
2025-10-24,Tomato,Kolar,2097.7,2669.8,2383.75,754.8
2025-10-25,Tomato,Kolar,2400.53,3055.21,2727.87,2520.1
2025-10-26,Tomato,Kolar,2428.54,3090.86,2759.7,1233.1
2025-10-27,Tomato,Kolar,2401.96,3057.04,2729.5,3277.7
2025-10-28,Tomato,Kolar,2338.86,2976.74,2657.8,2037.2
2025-10-29,Tomato,Kolar,2400.02,3054.56,2727.29,914.8
2025-10-30,Tomato,Kolar,2318.85,2951.27,2635.06,1673.3
2025-10-31,Tomato,Kolar,2070.93,2635.73,2353.33,484.4
2025-11-01,Tomato,Kolar,2283.25,2905.95,2594.6,3178.5
2025-11-02,Tomato,Kolar,2333.06,2969.36,2651.21,3335.0
2025-11-03,Tomato,Kolar,2263.33,2880.61,2571.97,835.8
2025-11-04,Tomato,Kolar,2222.86,2829.1,2525.98,1022.4
2025-11-05,Tomato,Kolar,2153.9,2741.32,2447.61,2656.9
2025-11-06,Tomato,Kolar,2291.19,2916.05,2603.62,2896.4
2025-11-07,Tomato,Kolar,2423.92,3084.98,2754.45,854.6
2025-11-08,Tomato,Kolar,2399.94,3054.48,2727.21,435.0
2025-11-09,Tomato,Kolar,2332.78,2969.0,2650.89,1712.0
2025-11-10,Tomato,Kolar,2262.41,2879.43,2570.92,2226.5
2025-11-11,Tomato,Kolar,2246.69,2859.43,2553.06,2150.8
2025-11-12,Tomato,Kolar,2267.09,2885.39,2576.24,2241.6
2025-11-13,Tomato,Kolar,2365.17,3010.21,2687.69,2784.2
2025-11-14,Tomato,Kolar,2447.48,3114.98,2781.23,1173.8
2025-11-15,Tomato,Kolar,2503.88,3186.76,2845.32,2841.3
2025-11-16,Tomato,Kolar,2536.0,3227.64,2881.82,2873.6
2025-11-17,Tomato,Kolar,2826.75,3597.69,3212.22,1508.4
2025-11-18,Tomato,Kolar,2574.03,3276.03,2925.03,2642.1
2025-11-19,Tomato,Kolar,2562.94,3261.92,2912.43,1471.9
2025-11-20,Tomato,Kolar,2392.79,3045.37,2719.08,3462.2
2025-11-21,Tomato,Kolar,2366.48,3011.88,2689.18,1803.0
2025-11-22,Tomato,Kolar,2460.16,3131.12,2795.64,3171.1
2025-11-23,Tomato,Kolar,2433.99,3097.81,2765.9,3229.9
2025-11-24,Tomato,Kolar,2209.86,2812.54,2511.2,2790.5
2025-11-25,Tomato,Kolar,2024.1,2576.12,2300.11,3147.0
2025-11-26,Tomato,Kolar,1921.37,2445.37,2183.37,2167.5
2025-11-27,Tomato,Kolar,1901.43,2420.01,2160.72,2630.7
2025-11-28,Tomato,Kolar,1855.94,2362.1,2109.02,2661.3
2025-11-29,Tomato,Kolar,1717.08,2185.38,1951.23,1377.3
2025-11-30,Tomato,Kolar,1775.39,2259.59,2017.49,602.6
2025-12-01,Tomato,Kolar,1987.59,2529.65,2258.62,978.6
2025-12-02,Tomato,Kolar,2000.66,2546.3,2273.48,2749.6
2025-12-03,Tomato,Kolar,1959.2,2493.52,2226.36,2176.1
2025-12-04,Tomato,Kolar,2177.01,2770.75,2473.88,2782.8
2025-12-05,Tomato,Kolar,2205.21,2806.63,2505.92,2743.4
2025-12-06,Tomato,Kolar,2374.27,3021.79,2698.03,3348.3
2025-12-07,Tomato,Kolar,2568.33,3268.79,2918.56,1844.3
2025-12-08,Tomato,Kolar,2458.54,3129.06,2793.8,3293.1
2025-12-09,Tomato,Kolar,2551.53,3247.41,2899.47,3481.0
2025-12-10,Tomato,Kolar,2494.92,3175.36,2835.14,943.2
2025-12-11,Tomato,Kolar,2439.34,3104.62,2771.98,3364.6
2025-12-12,Tomato,Kolar,2394.63,3047.71,2721.17,2341.2
2025-12-13,Tomato,Kolar,2349.83,2990.69,2670.26,2064.5
2025-12-14,Tomato,Kolar,2348.01,2988.37,2668.19,2682.1
2025-12-15,Tomato,Kolar,2222.57,2828.73,2525.65,1994.9
2025-12-16,Tomato,Kolar,2215.73,2820.03,2517.88,752.2
2025-12-17,Tomato,Kolar,2475.39,3150.49,2812.94,2735.0
2025-12-18,Tomato,Kolar,2452.75,3121.69,2787.22,499.0
2025-12-19,Tomato,Kolar,2437.89,3102.77,2770.33,714.8
2025-12-20,Tomato,Kolar,2516.15,3202.37,2859.26,2210.2
2025-12-21,Tomato,Kolar,2333.94,2970.48,2652.21,2211.3
2025-12-22,Tomato,Kolar,2001.01,2546.73,2273.87,1513.9
2025-12-23,Tomato,Kolar,2079.13,2646.17,2362.65,1921.7
2025-12-24,Tomato,Kolar,2000.05,2545.51,2272.78,2075.3
2025-12-25,Tomato,Kolar,1914.06,2436.08,2175.07,3011.9
2025-12-26,Tomato,Kolar,2026.07,2578.63,2302.35,3167.4
2025-12-27,Tomato,Kolar,1895.88,2412.94,2154.41,2991.2
2025-12-28,Tomato,Kolar,1870.73,2380.93,2125.83,1147.6
2025-12-29,Tomato,Kolar,1967.34,2503.88,2235.61,823.0
2025-12-30,Tomato,Kolar,1897.14,2414.54,2155.84,1274.8
2025-12-31,Tomato,Kolar,1935.34,2463.16,2199.25,2890.2
2026-01-01,Tomato,Kolar,1983.22,2524.1,2253.66,1483.1
2026-01-02,Tomato,Kolar,1981.93,2522.45,2252.19,2077.2
2026-01-03,Tomato,Kolar,1974.82,2513.4,2244.11,2480.7
2026-01-04,Tomato,Kolar,1941.8,2471.38,2206.59,1414.6
2026-01-05,Tomato,Kolar,1961.26,2496.14,2228.7,840.0
2026-01-06,Tomato,Kolar,1980.17,2520.21,2250.19,1812.1
2026-01-07,Tomato,Kolar,1922.54,2446.86,2184.7,2170.4
2026-01-08,Tomato,Kolar,2049.74,2608.76,2329.25,862.3
2026-01-09,Tomato,Kolar,1960.89,2495.67,2228.28,2140.8
2026-01-10,Tomato,Kolar,1955.44,2488.74,2222.09,3217.4
2026-01-11,Tomato,Kolar,2238.92,2849.54,2544.23,2526.0
2026-01-12,Tomato,Kolar,2105.52,2679.76,2392.64,2684.8
2026-01-13,Tomato,Kolar,2148.58,2734.56,2441.57,1295.6
2026-01-14,Tomato,Kolar,2063.4,2626.14,2344.77,1538.2
2026-01-15,Tomato,Kolar,1827.07,2325.37,2076.22,3384.2
2026-01-16,Tomato,Kolar,2019.61,2570.41,2295.01,3183.7
2026-01-17,Tomato,Kolar,2068.48,2632.62,2350.55,1159.2
2026-01-18,Tomato,Kolar,2003.24,2549.58,2276.41,2908.7
2026-01-19,Tomato,Kolar,2060.29,2622.19,2341.24,853.8
2026-01-20,Tomato,Kolar,2085.69,2654.51,2370.1,942.1
2026-01-21,Tomato,Kolar,2156.23,2744.29,2450.26,3153.9
2026-01-22,Tomato,Kolar,2203.9,2804.96,2504.43,2654.3
2026-01-23,Tomato,Kolar,2482.31,3159.31,2820.81,2734.3
2026-01-24,Tomato,Kolar,2452.4,3121.24,2786.82,2789.5
2026-01-25,Tomato,Kolar,2445.88,3112.94,2779.41,1082.5
2026-01-26,Tomato,Kolar,2348.49,2988.99,2668.74,599.2
2026-01-27,Tomato,Kolar,2433.97,3097.77,2765.87,3090.4
2026-01-28,Tomato,Kolar,2313.63,2944.63,2629.13,1203.7
2026-01-29,Tomato,Kolar,2234.53,2843.95,2539.24,2001.6
2026-01-30,Tomato,Kolar,2063.29,2626.01,2344.65,2635.7
2026-01-31,Tomato,Kolar,1926.37,2451.75,2189.06,2685.4
2026-02-01,Tomato,Kolar,1811.39,2305.41,2058.4,693.6
2026-02-02,Tomato,Kolar,2020.57,2571.63,2296.1,1740.2
2026-02-03,Tomato,Kolar,2014.28,2563.64,2288.96,2391.5
2026-02-04,Tomato,Kolar,2045.46,2603.32,2324.39,1721.4
2026-02-05,Tomato,Kolar,2268.59,2887.29,2577.94,652.3
2026-02-06,Tomato,Kolar,2164.84,2755.26,2460.05,3134.9
2026-02-07,Tomato,Kolar,2166.85,2757.81,2462.33,2175.4
2026-02-08,Tomato,Kolar,2141.16,2725.12,2433.14,1209.0
2026-02-09,Tomato,Kolar,2016.77,2566.79,2291.78,1699.4
2026-02-10,Tomato,Kolar,2191.7,2789.44,2490.57,3085.2
2026-02-11,Tomato,Kolar,2225.62,2832.6,2529.11,3359.0
2026-02-12,Tomato,Kolar,2183.21,2778.63,2480.92,3224.3
2026-02-13,Tomato,Kolar,2239.66,2850.48,2545.07,736.3
2026-02-14,Tomato,Kolar,2222.79,2829.01,2525.9,2956.8
2026-02-15,Tomato,Kolar,2107.29,2682.01,2394.65,2881.4
2026-02-16,Tomato,Kolar,1825.48,2323.34,2074.41,3163.2
2026-02-17,Tomato,Kolar,1892.51,2408.65,2150.58,2415.5
2026-02-18,Tomato,Kolar,1894.6,2411.32,2152.96,2080.6
2026-02-19,Tomato,Kolar,1940.74,2470.04,2205.39,1043.8
2026-02-20,Tomato,Kolar,1968.25,2505.05,2236.65,771.3
2026-02-21,Tomato,Kolar,2023.5,2575.36,2299.43,1352.9
2026-02-22,Tomato,Kolar,1835.72,2336.36,2086.04,2822.2
2026-02-23,Tomato,Kolar,1947.04,2478.06,2212.55,963.5
2026-02-24,Tomato,Kolar,2023.36,2575.18,2299.27,890.6
2026-02-25,Tomato,Kolar,1993.52,2537.2,2265.36,924.6
2026-02-26,Tomato,Kolar,1990.37,2533.19,2261.78,1821.6
2026-02-27,Tomato,Kolar,1909.99,2430.89,2170.44,2355.8
2026-02-28,Tomato,Kolar,1825.15,2322.91,2074.03,1277.4
2026-03-01,Tomato,Kolar,1825.96,2323.94,2074.95,1709.4
2026-03-02,Tomato,Kolar,1805.28,2297.64,2051.46,2994.2
2026-03-03,Tomato,Kolar,1687.5,2147.72,1917.61,2972.2
2026-03-04,Tomato,Kolar,1609.93,2049.01,1829.47,1962.7
2026-03-05,Tomato,Kolar,1575.75,2005.51,1790.63,2549.0
2026-03-06,Tomato,Kolar,1557.61,1982.41,1770.01,2983.6
2026-03-07,Tomato,Kolar,1439.02,1831.48,1635.25,994.4
2026-03-08,Tomato,Kolar,1464.41,1863.79,1664.1,675.9
2026-03-09,Tomato,Kolar,1618.94,2060.46,1839.7,2026.8
2026-03-10,Tomato,Kolar,1450.77,1846.43,1648.6,1184.9
2026-03-11,Tomato,Kolar,1364.15,1736.19,1550.17,443.0
2026-03-12,Tomato,Kolar,1399.6,1781.3,1590.45,2044.6
2026-03-13,Tomato,Kolar,1382.89,1760.05,1571.47,1160.1
2026-03-14,Tomato,Kolar,1257.61,1600.59,1429.1,2841.1
2026-03-15,Tomato,Kolar,1279.5,1628.46,1453.98,405.7
2026-03-16,Tomato,Kolar,1292.67,1645.21,1468.94,2637.8
2026-03-17,Tomato,Kolar,1270.25,1616.69,1443.47,599.3
2026-03-18,Tomato,Kolar,1330.71,1693.63,1512.17,2103.0
2026-03-19,Tomato,Kolar,1430.25,1820.31,1625.28,2155.4
2026-03-20,Tomato,Kolar,1491.87,1898.75,1695.31,828.7
2026-03-21,Tomato,Kolar,1380.27,1756.71,1568.49,3252.0
2026-03-22,Tomato,Kolar,1321.21,1681.53,1501.37,2465.3
2026-03-23,Tomato,Kolar,1239.5,1577.54,1408.52,2830.3
2026-03-24,Tomato,Kolar,1362.05,1733.51,1547.78,1189.6
2026-03-25,Tomato,Kolar,1363.75,1735.69,1549.72,1892.5
2026-03-26,Tomato,Kolar,1431.75,1822.23,1626.99,2702.3
2026-03-27,Tomato,Kolar,1445.33,1839.51,1642.42,612.6
2026-03-28,Tomato,Kolar,1435.63,1827.17,1631.4,3141.9
2026-03-29,Tomato,Kolar,1355.38,1725.02,1540.2,2083.8
2026-03-30,Tomato,Kolar,1421.76,1809.52,1615.64,2382.0
2026-03-31,Tomato,Kolar,1563.92,1990.44,1777.18,1822.2
2026-04-01,Tomato,Kolar,1512.56,1925.08,1718.82,3142.8
2026-04-02,Tomato,Kolar,1424.32,1812.78,1618.55,2788.9
2026-04-03,Tomato,Kolar,1412.51,1797.73,1605.12,2361.5
2026-04-04,Tomato,Kolar,1413.61,1799.13,1606.37,1014.4
2026-04-05,Tomato,Kolar,1394.76,1775.16,1584.96,2436.0
2026-04-06,Tomato,Kolar,1370.95,1744.85,1557.9,3311.8
2026-04-07,Tomato,Kolar,1473.05,1874.79,1673.92,3330.9
2026-04-08,Tomato,Kolar,1520.8,1935.56,1728.18,3353.3
2026-04-09,Tomato,Kolar,1565.8,1992.84,1779.32,1916.3
2026-04-10,Tomato,Kolar,1669.01,2124.19,1896.6,880.7
2026-04-11,Tomato,Kolar,1780.45,2266.03,2023.24,929.9
2026-04-12,Tomato,Kolar,1759.13,2238.89,1999.01,1947.7
2026-04-13,Tomato,Kolar,1734.53,2207.59,1971.06,2186.3
2026-04-14,Tomato,Kolar,1693.69,2155.61,1924.65,1064.7
2026-04-15,Tomato,Kolar,1687.6,2147.86,1917.73,884.4
2026-04-16,Tomato,Kolar,1485.19,1890.25,1687.72,3040.5
2026-04-17,Tomato,Kolar,1494.35,1901.89,1698.12,3493.7
2026-04-18,Tomato,Kolar,1698.98,2162.34,1930.66,454.2
2026-04-19,Tomato,Kolar,1669.27,2124.53,1896.9,1760.1
2026-04-20,Tomato,Kolar,1595.72,2030.92,1813.32,2192.4
2026-04-21,Tomato,Kolar,1674.68,2131.4,1903.04,2384.5
2026-04-22,Tomato,Kolar,1739.04,2213.32,1976.18,3232.2
2026-04-23,Tomato,Kolar,1671.17,2126.95,1899.06,3374.9
2026-04-24,Tomato,Kolar,1497.74,1906.22,1701.98,456.0
2026-04-25,Tomato,Kolar,1523.13,1938.53,1730.83,2477.0
2026-04-26,Tomato,Kolar,1557.5,1982.28,1769.89,2814.0
2026-04-27,Tomato,Kolar,1618.65,2060.11,1839.38,1382.2
2026-04-28,Tomato,Kolar,1654.94,2106.28,1880.61,518.3
2026-04-29,Tomato,Kolar,1792.75,2281.69,2037.22,1605.0
2026-04-30,Tomato,Kolar,1974.17,2512.57,2243.37,815.9
2026-05-01,Tomato,Kolar,1929.49,2455.71,2192.6,2193.0
2026-05-02,Tomato,Kolar,2025.05,2577.33,2301.19,2055.1
2026-05-03,Tomato,Kolar,1969.09,2506.11,2237.6,1912.2
2026-05-04,Tomato,Kolar,2003.57,2549.99,2276.78,2139.0
2026-05-05,Tomato,Kolar,1905.9,2425.68,2165.79,2003.3
2026-05-06,Tomato,Kolar,1776.17,2260.59,2018.38,1882.7
2026-05-07,Tomato,Kolar,1831.83,2331.43,2081.63,2681.1
2026-05-08,Tomato,Kolar,1846.64,2350.26,2098.45,3379.4
2026-05-09,Tomato,Kolar,1878.62,2390.96,2134.79,2003.6
2026-05-10,Tomato,Kolar,1962.13,2497.25,2229.69,2939.7
2026-05-11,Tomato,Kolar,2165.4,2755.96,2460.68,3023.0
2026-05-12,Tomato,Kolar,2120.62,2698.98,2409.8,3067.8
2026-05-13,Tomato,Kolar,2167.39,2758.49,2462.94,1460.6
2026-05-14,Tomato,Kolar,2018.91,2569.53,2294.22,2154.6
2026-05-15,Tomato,Kolar,1886.19,2400.61,2143.4,2176.5
2026-05-16,Tomato,Kolar,1961.34,2496.24,2228.79,3490.8
2026-05-17,Tomato,Kolar,2024.27,2576.35,2300.31,3297.6
2026-05-18,Tomato,Kolar,2102.4,2675.78,2389.09,580.4
2026-05-19,Tomato,Kolar,2184.89,2780.77,2482.83,2367.8
2026-05-20,Tomato,Kolar,2319.26,2951.78,2635.52,1162.4
2026-05-21,Tomato,Kolar,2300.74,2928.22,2614.48,709.4
2026-05-22,Tomato,Kolar,2223.85,2830.35,2527.1,500.1
2026-05-23,Tomato,Kolar,2041.93,2598.81,2320.37,3345.5
2026-05-24,Tomato,Kolar,2008.48,2556.24,2282.36,1828.6
2026-05-25,Tomato,Kolar,1849.76,2354.24,2102.0,2400.6
2026-05-26,Tomato,Kolar,1737.69,2211.61,1974.65,2815.8
2026-05-27,Tomato,Kolar,1532.77,1950.79,1741.78,2088.2
2026-05-28,Tomato,Kolar,1645.86,2094.74,1870.3,2158.5
2026-05-29,Tomato,Kolar,1509.82,1921.6,1715.71,1188.2
2026-05-30,Tomato,Kolar,1396.99,1777.99,1587.49,3253.1
2026-05-31,Tomato,Kolar,1361.27,1732.53,1546.9,1855.6
2026-06-01,Tomato,Kolar,1383.29,1760.55,1571.92,2789.6
2026-06-02,Tomato,Kolar,1282.91,1632.79,1457.85,1503.6
2026-06-03,Tomato,Kolar,1231.92,1567.9,1399.91,2150.3
2026-06-04,Tomato,Kolar,1092.42,1390.36,1241.39,1428.2
2026-06-05,Tomato,Kolar,1148.3,1461.48,1304.89,745.8
2026-06-06,Tomato,Kolar,1225.09,1559.21,1392.15,3238.0
2026-06-07,Tomato,Kolar,1192.87,1518.19,1355.53,2863.8
2026-06-08,Tomato,Kolar,1177.88,1499.12,1338.5,1564.5
2026-06-09,Tomato,Kolar,1198.99,1525.99,1362.49,1559.3
2026-06-10,Tomato,Kolar,1310.14,1667.46,1488.8,2658.1
2026-06-11,Tomato,Kolar,1382.82,1759.96,1571.39,1272.5
2026-06-12,Tomato,Kolar,1319.78,1679.72,1499.75,3089.0
2026-06-13,Tomato,Kolar,1196.48,1522.8,1359.64,1544.6
2026-06-14,Tomato,Kolar,1312.44,1670.38,1491.41,1669.8
2026-06-15,Tomato,Kolar,1382.34,1759.34,1570.84,1751.5
2026-06-16,Tomato,Kolar,1451.53,1847.41,1649.47,3091.1
2026-06-17,Tomato,Kolar,1472.64,1874.26,1673.45,2290.0
2026-06-18,Tomato,Kolar,1394.46,1774.76,1584.61,2773.4
2026-06-19,Tomato,Kolar,1293.76,1646.6,1470.18,3164.9
2026-06-20,Tomato,Kolar,1316.33,1675.33,1495.83,977.0
2026-06-21,Tomato,Kolar,1359.62,1730.42,1545.02,2989.7
2026-06-22,Tomato,Kolar,1263.55,1608.15,1435.85,2505.2
2026-06-23,Tomato,Kolar,1201.63,1529.35,1365.49,438.8
2026-06-24,Tomato,Kolar,1155.54,1470.68,1313.11,688.6
2026-06-25,Tomato,Kolar,1237.67,1575.21,1406.44,3302.8
2026-06-26,Tomato,Kolar,1185.85,1509.27,1347.56,976.7
2026-06-27,Tomato,Kolar,1206.4,1535.42,1370.91,3142.8
2026-06-28,Tomato,Kolar,1174.51,1494.83,1334.67,2774.6
2026-06-29,Tomato,Kolar,1120.4,1425.96,1273.18,3129.3
2026-06-30,Tomato,Kolar,1232.75,1568.95,1400.85,2277.1
2026-07-01,Tomato,Kolar,1049.42,1335.62,1192.52,1417.0
2026-07-02,Tomato,Kolar,1018.16,1295.84,1157.0,3009.1
2026-07-03,Tomato,Kolar,992.48,1263.16,1127.82,1675.1
2026-07-04,Tomato,Kolar,1029.05,1309.69,1169.37,1290.0
2026-07-05,Tomato,Kolar,967.08,1230.84,1098.96,3282.8
2026-07-06,Tomato,Kolar,989.06,1258.8,1123.93,1359.5
2026-07-07,Tomato,Kolar,1044.23,1329.01,1186.62,2957.7
2026-07-08,Tomato,Kolar,1010.47,1286.05,1148.26,1681.8
2026-07-09,Tomato,Kolar,972.22,1237.36,1104.79,1169.7
2026-07-10,Tomato,Kolar,1055.43,1343.27,1199.35,3268.2
2026-07-11,Tomato,Kolar,1177.82,1499.04,1338.43,2254.3
2026-07-12,Tomato,Kolar,1243.37,1582.47,1412.92,2716.5
2026-07-13,Tomato,Kolar,1252.29,1593.83,1423.06,1587.5
2026-07-14,Tomato,Kolar,1291.89,1644.23,1468.06,1470.5
2026-07-15,Tomato,Kolar,1340.32,1705.86,1523.09,1320.3
2026-07-16,Tomato,Kolar,1388.02,1766.58,1577.3,494.4
2026-07-17,Tomato,Kolar,1295.91,1649.33,1472.62,3082.6
2026-07-18,Tomato,Kolar,1358.58,1729.1,1543.84,3214.4
2026-07-19,Tomato,Kolar,1353.87,1723.11,1538.49,1492.5
2026-07-20,Tomato,Kolar,1250.39,1591.41,1420.9,2019.8
2026-07-21,Tomato,Kolar,1324.76,1686.06,1505.41,974.3
2026-07-22,Tomato,Kolar,1352.93,1721.91,1537.42,1876.7
2026-07-23,Tomato,Kolar,1383.12,1760.34,1571.73,1309.8
2026-07-24,Tomato,Kolar,1379.4,1755.6,1567.5,2936.5
2026-07-25,Tomato,Kolar,1341.76,1707.7,1524.73,2908.0
2026-07-26,Tomato,Kolar,1404.74,1787.84,1596.29,748.3
2026-07-27,Tomato,Kolar,1469.03,1869.67,1669.35,1661.6
2026-07-28,Tomato,Kolar,1458.64,1856.44,1657.54,3428.9
2026-07-29,Tomato,Kolar,1446.46,1840.94,1643.7,1781.9
2026-07-30,Tomato,Kolar,1389.12,1767.98,1578.55,2134.9
2026-07-31,Tomato,Kolar,1487.54,1893.24,1690.39,3119.8
2026-08-01,Tomato,Kolar,1458.72,1856.56,1657.64,1696.0
2026-08-02,Tomato,Kolar,1346.9,1714.24,1530.57,1554.1
2026-08-03,Tomato,Kolar,1270.17,1616.59,1443.38,3074.8
2026-08-04,Tomato,Kolar,1404.21,1787.17,1595.69,2963.5
2026-08-05,Tomato,Kolar,1473.64,1875.54,1674.59,1149.4
2026-08-06,Tomato,Kolar,1467.24,1867.4,1667.32,2249.7
2026-08-07,Tomato,Kolar,1624.87,2068.01,1846.44,595.4
2026-08-08,Tomato,Kolar,1464.51,1863.93,1664.22,430.1
2026-08-09,Tomato,Kolar,1466.02,1865.84,1665.93,2715.1
2026-08-10,Tomato,Kolar,1440.57,1833.45,1637.01,470.3
2026-08-11,Tomato,Kolar,1416.49,1802.81,1609.65,1048.8
2026-08-12,Tomato,Kolar,1456.91,1854.25,1655.58,2110.2
2026-08-13,Tomato,Kolar,1327.56,1689.62,1508.59,1035.7
2026-08-14,Tomato,Kolar,1274.93,1622.63,1448.78,752.3
2026-08-15,Tomato,Kolar,1383.04,1760.24,1571.64,1394.0
2026-08-16,Tomato,Kolar,1488.62,1894.6,1691.61,1577.5
2026-08-17,Tomato,Kolar,1404.26,1787.24,1595.75,1385.0
2026-08-18,Tomato,Kolar,1490.45,1896.93,1693.69,3098.3
2026-08-19,Tomato,Kolar,1251.42,1592.72,1422.07,1432.7
2026-08-20,Tomato,Kolar,1271.69,1618.51,1445.1,2936.6
2026-08-21,Tomato,Kolar,1406.02,1789.48,1597.75,973.5
2026-08-22,Tomato,Kolar,1351.38,1719.94,1535.66,3210.2
2026-08-23,Tomato,Kolar,1384.72,1762.38,1573.55,499.2
2026-08-24,Tomato,Kolar,1402.36,1784.82,1593.59,1853.6
2023-01-01,Tomato,Madanapalle,2008.82,2556.68,2282.75,2329.0
2023-01-02,Tomato,Madanapalle,2006.57,2553.81,2280.19,2241.4
2023-01-03,Tomato,Madanapalle,1897.45,2414.93,2156.19,1170.9
2023-01-04,Tomato,Madanapalle,2030.83,2584.69,2307.76,2802.7
2023-01-05,Tomato,Madanapalle,1995.0,2539.08,2267.04,2293.5
2023-01-06,Tomato,Madanapalle,1961.26,2496.16,2228.71,842.7
2023-01-07,Tomato,Madanapalle,2071.93,2637.01,2354.47,2547.6
2023-01-08,Tomato,Madanapalle,2093.77,2664.79,2379.28,1758.9
2023-01-09,Tomato,Madanapalle,2209.76,2812.42,2511.09,1964.6
2023-01-10,Tomato,Madanapalle,2029.05,2582.43,2305.74,2631.5
2023-01-11,Tomato,Madanapalle,2016.7,2566.72,2291.71,2191.7
2023-01-12,Tomato,Madanapalle,2063.03,2625.67,2344.35,2408.2
2023-01-13,Tomato,Madanapalle,2093.62,2664.6,2379.11,1873.0
2023-01-14,Tomato,Madanapalle,2145.75,2730.95,2438.35,1954.7
2023-01-15,Tomato,Madanapalle,2368.89,3014.95,2691.92,3261.9
2023-01-16,Tomato,Madanapalle,2305.76,2934.6,2620.18,2348.7
2023-01-17,Tomato,Madanapalle,2225.77,2832.79,2529.28,1117.3
2023-01-18,Tomato,Madanapalle,2306.0,2934.92,2620.46,1833.0
2023-01-19,Tomato,Madanapalle,2218.02,2822.94,2520.48,3030.2
2023-01-20,Tomato,Madanapalle,2194.54,2793.04,2493.79,2039.9
2023-01-21,Tomato,Madanapalle,1981.9,2522.42,2252.16,2965.2
2023-01-22,Tomato,Madanapalle,2008.78,2556.62,2282.7,2063.1
2023-01-23,Tomato,Madanapalle,2222.88,2829.12,2526.0,2175.6
2023-01-24,Tomato,Madanapalle,1964.25,2499.95,2232.1,2968.1
2023-01-25,Tomato,Madanapalle,1918.94,2442.28,2180.61,2350.2
2023-01-26,Tomato,Madanapalle,1962.11,2497.23,2229.67,3400.6
2023-01-27,Tomato,Madanapalle,1839.02,2340.58,2089.8,3333.0
2023-01-28,Tomato,Madanapalle,1992.44,2535.84,2264.14,1854.9
2023-01-29,Tomato,Madanapalle,2045.81,2603.75,2324.78,2667.6
2023-01-30,Tomato,Madanapalle,1997.34,2542.06,2269.7,2265.3
2023-01-31,Tomato,Madanapalle,1894.65,2411.37,2153.01,1888.4
2023-02-01,Tomato,Madanapalle,1959.19,2493.51,2226.35,1623.6
2023-02-02,Tomato,Madanapalle,1955.03,2488.21,2221.62,1705.2
2023-02-03,Tomato,Madanapalle,1900.08,2418.28,2159.18,3066.3
2023-02-04,Tomato,Madanapalle,1832.25,2331.95,2082.1,2986.5
2023-02-05,Tomato,Madanapalle,1858.08,2364.82,2111.45,1135.6
2023-02-06,Tomato,Madanapalle,1930.76,2457.34,2194.05,1353.5
2023-02-07,Tomato,Madanapalle,1878.24,2390.48,2134.36,630.3
2023-02-08,Tomato,Madanapalle,1773.32,2256.96,2015.14,3499.1
2023-02-09,Tomato,Madanapalle,1854.58,2360.38,2107.48,2644.3
2023-02-10,Tomato,Madanapalle,1706.25,2171.59,1938.92,3088.2
2023-02-11,Tomato,Madanapalle,1817.11,2312.69,2064.9,420.3
2023-02-12,Tomato,Madanapalle,1881.74,2394.94,2138.34,2399.2
2023-02-13,Tomato,Madanapalle,1809.61,2303.15,2056.38,3027.7
2023-02-14,Tomato,Madanapalle,1972.27,2510.17,2241.22,1329.3
2023-02-15,Tomato,Madanapalle,1829.27,2328.17,2078.72,1684.9
2023-02-16,Tomato,Madanapalle,1818.55,2314.51,2066.53,420.1
2023-02-17,Tomato,Madanapalle,1751.03,2228.59,1989.81,416.8
2023-02-18,Tomato,Madanapalle,1654.92,2106.26,1880.59,1198.5
2023-02-19,Tomato,Madanapalle,1546.73,1968.57,1757.65,2030.1
2023-02-20,Tomato,Madanapalle,1665.95,2120.29,1893.12,843.3
2023-02-21,Tomato,Madanapalle,1650.64,2100.82,1875.73,1416.3
2023-02-22,Tomato,Madanapalle,1632.96,2078.32,1855.64,2220.2
2023-02-23,Tomato,Madanapalle,1680.69,2139.07,1909.88,2684.2
2023-02-24,Tomato,Madanapalle,1593.94,2028.64,1811.29,1735.4
2023-02-25,Tomato,Madanapalle,1622.33,2064.79,1843.56,3094.3
2023-02-26,Tomato,Madanapalle,1687.21,2147.35,1917.28,952.0
2023-02-27,Tomato,Madanapalle,1682.84,2141.8,1912.32,1938.5
2023-02-28,Tomato,Madanapalle,1769.54,2252.14,2010.84,2251.5
2023-03-01,Tomato,Madanapalle,1751.09,2228.65,1989.87,1203.1
2023-03-02,Tomato,Madanapalle,1651.31,2101.67,1876.49,2635.5
2023-03-03,Tomato,Madanapalle,1692.84,2154.52,1923.68,1781.6
2023-03-04,Tomato,Madanapalle,1661.7,2114.9,1888.3,3086.8
2023-03-05,Tomato,Madanapalle,1615.17,2055.67,1835.42,1495.9
2023-03-06,Tomato,Madanapalle,1498.66,1907.38,1703.02,625.9
2023-03-07,Tomato,Madanapalle,1680.14,2138.36,1909.25,1905.2
2023-03-08,Tomato,Madanapalle,1481.02,1884.94,1682.98,612.2
2023-03-09,Tomato,Madanapalle,1464.47,1863.87,1664.17,680.0
2023-03-10,Tomato,Madanapalle,1396.39,1777.23,1586.81,678.5
2023-03-11,Tomato,Madanapalle,1421.6,1809.32,1615.46,3267.5
2023-03-12,Tomato,Madanapalle,1464.67,1864.13,1664.4,2158.0
2023-03-13,Tomato,Madanapalle,1367.11,1739.95,1553.53,3469.6
2023-03-14,Tomato,Madanapalle,1390.14,1769.26,1579.7,560.8
2023-03-15,Tomato,Madanapalle,1367.09,1739.93,1553.51,602.2
2023-03-16,Tomato,Madanapalle,1432.03,1822.59,1627.31,434.1
2023-03-17,Tomato,Madanapalle,1342.01,1708.01,1525.01,2989.7
2023-03-18,Tomato,Madanapalle,1308.89,1665.87,1487.38,3127.4
2023-03-19,Tomato,Madanapalle,1229.69,1565.05,1397.37,2473.9
2023-03-20,Tomato,Madanapalle,1130.64,1439.0,1284.82,788.6
2023-03-21,Tomato,Madanapalle,1180.92,1503.0,1341.96,741.6
2023-03-22,Tomato,Madanapalle,1299.93,1654.45,1477.19,2059.5
2023-03-23,Tomato,Madanapalle,1416.08,1802.28,1609.18,2115.4
2023-03-24,Tomato,Madanapalle,1439.92,1832.62,1636.27,2257.6
2023-03-25,Tomato,Madanapalle,1212.01,1542.55,1377.28,875.5
2023-03-26,Tomato,Madanapalle,1122.11,1428.15,1275.13,3475.4
2023-03-27,Tomato,Madanapalle,1129.65,1437.73,1283.69,967.0
2023-03-28,Tomato,Madanapalle,1156.04,1471.32,1313.68,1712.6
2023-03-29,Tomato,Madanapalle,1164.77,1482.43,1323.6,630.1
2023-03-30,Tomato,Madanapalle,1192.11,1517.23,1354.67,452.1
2023-03-31,Tomato,Madanapalle,1256.84,1599.62,1428.23,1547.3
2023-04-01,Tomato,Madanapalle,1182.57,1505.09,1343.83,1379.4
2023-04-02,Tomato,Madanapalle,1212.21,1542.81,1377.51,2764.5
2023-04-03,Tomato,Madanapalle,1196.01,1522.19,1359.1,2721.0
2023-04-04,Tomato,Madanapalle,1117.84,1422.7,1270.27,1394.7
2023-04-05,Tomato,Madanapalle,1229.87,1565.29,1397.58,3147.0
2023-04-06,Tomato,Madanapalle,1338.38,1703.4,1520.89,643.1
2023-04-07,Tomato,Madanapalle,1295.97,1649.41,1472.69,614.2
2023-04-08,Tomato,Madanapalle,1353.28,1722.36,1537.82,2508.8
2023-04-09,Tomato,Madanapalle,1427.06,1816.26,1621.66,2825.7
2023-04-10,Tomato,Madanapalle,1386.4,1764.52,1575.46,2895.8
2023-04-11,Tomato,Madanapalle,1375.28,1750.36,1562.82,1006.6
2023-04-12,Tomato,Madanapalle,1427.36,1816.64,1622.0,2329.4
2023-04-13,Tomato,Madanapalle,1444.97,1839.05,1642.01,1910.7
2023-04-14,Tomato,Madanapalle,1474.25,1876.31,1675.28,2600.9
2023-04-15,Tomato,Madanapalle,1502.86,1912.72,1707.79,3414.4
2023-04-16,Tomato,Madanapalle,1602.43,2039.45,1820.94,2174.9
2023-04-17,Tomato,Madanapalle,1611.87,2051.47,1831.67,3188.3
2023-04-18,Tomato,Madanapalle,1690.49,2151.53,1921.01,2696.2
2023-04-19,Tomato,Madanapalle,1574.1,2003.4,1788.75,2800.9
2023-04-20,Tomato,Madanapalle,1564.83,1991.61,1778.22,3125.4
2023-04-21,Tomato,Madanapalle,1672.69,2128.87,1900.78,1061.6
2023-04-22,Tomato,Madanapalle,1643.95,2092.29,1868.12,1588.0
2023-04-23,Tomato,Madanapalle,1448.49,1843.53,1646.01,2389.2
2023-04-24,Tomato,Madanapalle,1543.72,1964.74,1754.23,937.0
2023-04-25,Tomato,Madanapalle,1561.72,1987.64,1774.68,1403.9
2023-04-26,Tomato,Madanapalle,1456.38,1853.58,1654.98,616.1
2023-04-27,Tomato,Madanapalle,1499.88,1908.94,1704.41,1998.9
2023-04-28,Tomato,Madanapalle,1488.17,1894.03,1691.1,2612.7
2023-04-29,Tomato,Madanapalle,1620.62,2062.6,1841.61,2265.6
2023-04-30,Tomato,Madanapalle,1575.33,2004.97,1790.15,775.6
2023-05-01,Tomato,Madanapalle,1630.25,2074.87,1852.56,1660.0
2023-05-02,Tomato,Madanapalle,1604.9,2042.6,1823.75,753.1
2023-05-03,Tomato,Madanapalle,1634.48,2080.24,1857.36,999.4
2023-05-04,Tomato,Madanapalle,1749.38,2226.48,1987.93,2698.2
2023-05-05,Tomato,Madanapalle,1548.04,1970.24,1759.14,927.5
2023-05-06,Tomato,Madanapalle,1653.67,2104.67,1879.17,1214.4
2023-05-07,Tomato,Madanapalle,1588.97,2022.33,1805.65,3090.0
2023-05-08,Tomato,Madanapalle,1589.02,2022.4,1805.71,2379.2
2023-05-09,Tomato,Madanapalle,1758.47,2238.05,1998.26,1836.8
2023-05-10,Tomato,Madanapalle,1747.62,2224.24,1985.93,1641.2
2023-05-11,Tomato,Madanapalle,1672.69,2128.87,1900.78,2673.4
2023-05-12,Tomato,Madanapalle,1708.72,2174.74,1941.73,617.8
2023-05-13,Tomato,Madanapalle,1761.31,2241.67,2001.49,1709.1
2023-05-14,Tomato,Madanapalle,1743.71,2219.27,1981.49,909.5
2023-05-15,Tomato,Madanapalle,1758.5,2238.08,1998.29,815.9
2023-05-16,Tomato,Madanapalle,1768.1,2250.3,2009.2,1303.0
2023-05-17,Tomato,Madanapalle,1610.1,2049.22,1829.66,2923.0
2023-05-18,Tomato,Madanapalle,1456.48,1853.7,1655.09,2621.5
2023-05-19,Tomato,Madanapalle,1361.24,1732.48,1546.86,2897.8
2023-05-20,Tomato,Madanapalle,1313.95,1672.29,1493.12,1437.1
2023-05-21,Tomato,Madanapalle,1215.66,1547.2,1381.43,3240.6
2023-05-22,Tomato,Madanapalle,1115.7,1419.98,1267.84,3266.9
2023-05-23,Tomato,Madanapalle,1132.72,1441.64,1287.18,2731.7
2023-05-24,Tomato,Madanapalle,1236.0,1573.08,1404.54,2724.7
2023-05-25,Tomato,Madanapalle,1324.17,1685.31,1504.74,1429.6
2023-05-26,Tomato,Madanapalle,1275.11,1622.87,1448.99,2042.2
2023-05-27,Tomato,Madanapalle,1280.47,1629.69,1455.08,2321.7
2023-05-28,Tomato,Madanapalle,1333.54,1697.24,1515.39,1241.4
2023-05-29,Tomato,Madanapalle,1196.68,1523.04,1359.86,2845.7
2023-05-30,Tomato,Madanapalle,1133.93,1443.19,1288.56,2379.4
2023-05-31,Tomato,Madanapalle,1036.18,1318.78,1177.48,2031.2
2023-06-01,Tomato,Madanapalle,951.32,1210.78,1081.05,2725.5
2023-06-02,Tomato,Madanapalle,899.11,1144.33,1021.72,3362.6
2023-06-03,Tomato,Madanapalle,995.49,1266.99,1131.24,2446.2
2023-06-04,Tomato,Madanapalle,976.48,1242.8,1109.64,2407.3
2023-06-05,Tomato,Madanapalle,971.3,1236.2,1103.75,777.7
2023-06-06,Tomato,Madanapalle,970.09,1234.65,1102.37,1612.2
2023-06-07,Tomato,Madanapalle,880.56,1120.72,1000.64,3054.9
2023-06-08,Tomato,Madanapalle,959.82,1221.6,1090.71,2331.4
2023-06-09,Tomato,Madanapalle,963.71,1226.55,1095.13,505.7
2023-06-10,Tomato,Madanapalle,820.0,1043.64,931.82,2838.8
2023-06-11,Tomato,Madanapalle,849.73,1081.47,965.6,1858.3
2023-06-12,Tomato,Madanapalle,899.09,1144.29,1021.69,2054.7
2023-06-13,Tomato,Madanapalle,847.44,1078.56,963.0,2296.9
2023-06-14,Tomato,Madanapalle,833.21,1060.45,946.83,3357.4
2023-06-15,Tomato,Madanapalle,808.39,1028.85,918.62,1792.3
2023-06-16,Tomato,Madanapalle,874.08,1112.46,993.27,2293.5
2023-06-17,Tomato,Madanapalle,838.43,1067.09,952.76,3069.0
2023-06-18,Tomato,Madanapalle,848.65,1080.11,964.38,674.1
2023-06-19,Tomato,Madanapalle,907.72,1155.28,1031.5,596.2
2023-06-20,Tomato,Madanapalle,948.25,1206.87,1077.56,888.7
2023-06-21,Tomato,Madanapalle,892.51,1135.93,1014.22,2645.9
2023-06-22,Tomato,Madanapalle,860.36,1095.0,977.68,563.0
2023-06-23,Tomato,Madanapalle,870.49,1107.89,989.19,1203.7
2023-06-24,Tomato,Madanapalle,938.32,1194.22,1066.27,960.2
2023-06-25,Tomato,Madanapalle,892.47,1135.87,1014.17,3031.7
2023-06-26,Tomato,Madanapalle,843.56,1073.62,958.59,1581.7
2023-06-27,Tomato,Madanapalle,834.21,1061.73,947.97,3003.2
2023-06-28,Tomato,Madanapalle,752.04,957.14,854.59,2906.0
2023-06-29,Tomato,Madanapalle,746.28,949.8,848.04,2621.9
2023-06-30,Tomato,Madanapalle,715.22,910.28,812.75,2972.1
2023-07-01,Tomato,Madanapalle,771.53,981.95,876.74,1324.8
2023-07-02,Tomato,Madanapalle,809.05,1029.69,919.37,3262.9
2023-07-03,Tomato,Madanapalle,831.16,1057.84,944.5,2097.2
2023-07-04,Tomato,Madanapalle,818.21,1041.35,929.78,2212.9
2023-07-05,Tomato,Madanapalle,874.12,1112.52,993.32,2205.4
2023-07-06,Tomato,Madanapalle,908.73,1156.57,1032.65,3357.3
2023-07-07,Tomato,Madanapalle,882.61,1123.33,1002.97,729.3
2023-07-08,Tomato,Madanapalle,857.28,1091.08,974.18,2337.9
2023-07-09,Tomato,Madanapalle,911.93,1160.63,1036.28,2491.1
2023-07-10,Tomato,Madanapalle,889.6,1132.22,1010.91,787.1
2023-07-11,Tomato,Madanapalle,964.55,1227.61,1096.08,1443.1
2023-07-12,Tomato,Madanapalle,1011.6,1287.5,1149.55,1014.6
2023-07-13,Tomato,Madanapalle,1051.25,1337.95,1194.6,607.8
2023-07-14,Tomato,Madanapalle,1022.45,1301.31,1161.88,3151.1
2023-07-15,Tomato,Madanapalle,992.38,1263.02,1127.7,2668.4
2023-07-16,Tomato,Madanapalle,1088.45,1385.31,1236.88,2042.4
2023-07-17,Tomato,Madanapalle,1085.43,1381.45,1233.44,706.8
2023-07-18,Tomato,Madanapalle,1041.76,1325.88,1183.82,770.0
2023-07-19,Tomato,Madanapalle,1104.65,1405.91,1255.28,1550.9
2023-07-20,Tomato,Madanapalle,1108.32,1410.58,1259.45,2475.5
2023-07-21,Tomato,Madanapalle,1045.7,1330.88,1188.29,1936.9
2023-07-22,Tomato,Madanapalle,1004.66,1278.66,1141.66,1406.0
2023-07-23,Tomato,Madanapalle,994.51,1265.73,1130.12,782.3
2023-07-24,Tomato,Madanapalle,1100.2,1400.26,1250.23,2795.0
2023-07-25,Tomato,Madanapalle,1058.6,1347.32,1202.96,3038.4
2023-07-26,Tomato,Madanapalle,1072.07,1364.45,1218.26,1192.4
2023-07-27,Tomato,Madanapalle,1006.79,1281.37,1144.08,1061.2
2023-07-28,Tomato,Madanapalle,977.72,1244.38,1111.05,468.5
2023-07-29,Tomato,Madanapalle,948.46,1207.12,1077.79,2122.5
2023-07-30,Tomato,Madanapalle,1016.46,1293.68,1155.07,3012.4
2023-07-31,Tomato,Madanapalle,1021.79,1300.47,1161.13,990.6
2023-08-01,Tomato,Madanapalle,1001.02,1274.02,1137.52,2636.0
2023-08-02,Tomato,Madanapalle,1022.25,1301.05,1161.65,2057.4
2023-08-03,Tomato,Madanapalle,1012.13,1288.17,1150.15,2228.8
2023-08-04,Tomato,Madanapalle,1027.1,1307.22,1167.16,1546.5
2023-08-05,Tomato,Madanapalle,1031.32,1312.6,1171.96,2670.6
2023-08-06,Tomato,Madanapalle,1044.01,1328.75,1186.38,986.2
2023-08-07,Tomato,Madanapalle,1021.35,1299.89,1160.62,2040.4
2023-08-08,Tomato,Madanapalle,911.93,1160.63,1036.28,1842.0
2023-08-09,Tomato,Madanapalle,987.73,1257.11,1122.42,1452.4
2023-08-10,Tomato,Madanapalle,917.74,1168.04,1042.89,1946.7
2023-08-11,Tomato,Madanapalle,912.03,1160.77,1036.4,971.7
2023-08-12,Tomato,Madanapalle,922.09,1173.57,1047.83,722.2
2023-08-13,Tomato,Madanapalle,932.02,1186.2,1059.11,2934.6
2023-08-14,Tomato,Madanapalle,915.3,1164.92,1040.11,2730.6
2023-08-15,Tomato,Madanapalle,941.64,1198.46,1070.05,1915.2
2023-08-16,Tomato,Madanapalle,855.76,1089.14,972.45,2591.3
2023-08-17,Tomato,Madanapalle,847.86,1079.1,963.48,2668.4
2023-08-18,Tomato,Madanapalle,958.16,1219.48,1088.82,427.7
2023-08-19,Tomato,Madanapalle,890.68,1133.6,1012.14,1414.2
2023-08-20,Tomato,Madanapalle,967.01,1230.73,1098.87,3437.6
2023-08-21,Tomato,Madanapalle,984.08,1252.46,1118.27,1191.8
2023-08-22,Tomato,Madanapalle,978.25,1245.05,1111.65,495.5
2023-08-23,Tomato,Madanapalle,943.96,1201.4,1072.68,1110.2
2023-08-24,Tomato,Madanapalle,1050.19,1336.61,1193.4,2241.6
2023-08-25,Tomato,Madanapalle,1082.33,1377.51,1229.92,1108.7
2023-08-26,Tomato,Madanapalle,1042.15,1326.37,1184.26,2534.0
2023-08-27,Tomato,Madanapalle,1108.89,1411.31,1260.1,1877.0
2023-08-28,Tomato,Madanapalle,1159.81,1476.13,1317.97,3074.8
2023-08-29,Tomato,Madanapalle,1190.28,1514.9,1352.59,3376.0
2023-08-30,Tomato,Madanapalle,1166.82,1485.04,1325.93,1914.2
2023-08-31,Tomato,Madanapalle,1139.13,1449.81,1294.47,1723.3
2023-09-01,Tomato,Madanapalle,1189.21,1513.55,1351.38,1026.3
2023-09-02,Tomato,Madanapalle,1182.56,1505.08,1343.82,1496.0
2023-09-03,Tomato,Madanapalle,1095.79,1394.65,1245.22,1438.3
2023-09-04,Tomato,Madanapalle,1111.3,1414.38,1262.84,3229.4
2023-09-05,Tomato,Madanapalle,1174.43,1494.73,1334.58,3144.0
2023-09-06,Tomato,Madanapalle,1294.96,1648.12,1471.54,2384.7
2023-09-07,Tomato,Madanapalle,1410.42,1795.08,1602.75,3207.5
2023-09-08,Tomato,Madanapalle,1341.93,1707.91,1524.92,973.5
2023-09-09,Tomato,Madanapalle,1413.23,1798.65,1605.94,2954.3
2023-09-10,Tomato,Madanapalle,1457.44,1854.92,1656.18,2740.4
2023-09-11,Tomato,Madanapalle,1447.01,1841.65,1644.33,2843.0
2023-09-12,Tomato,Madanapalle,1466.61,1866.59,1666.6,465.9
2023-09-13,Tomato,Madanapalle,1625.53,2068.85,1847.19,2980.6
2023-09-14,Tomato,Madanapalle,1574.33,2003.69,1789.01,1297.7
2023-09-15,Tomato,Madanapalle,1467.61,1867.87,1667.74,2301.3
2023-09-16,Tomato,Madanapalle,1539.45,1959.31,1749.38,2575.4
2023-09-17,Tomato,Madanapalle,1403.43,1786.19,1594.81,2721.2
2023-09-18,Tomato,Madanapalle,1448.87,1844.01,1646.44,1856.1
2023-09-19,Tomato,Madanapalle,1466.12,1865.96,1666.04,2494.7
2023-09-20,Tomato,Madanapalle,1418.23,1805.01,1611.62,3378.5
2023-09-21,Tomato,Madanapalle,1553.15,1976.73,1764.94,1950.2
2023-09-22,Tomato,Madanapalle,1434.06,1825.16,1629.61,1891.3
2023-09-23,Tomato,Madanapalle,1474.75,1876.95,1675.85,3425.3
2023-09-24,Tomato,Madanapalle,1437.46,1829.5,1633.48,1817.0
2023-09-25,Tomato,Madanapalle,1444.03,1837.85,1640.94,3482.5
2023-09-26,Tomato,Madanapalle,1580.99,2012.17,1796.58,930.0
2023-09-27,Tomato,Madanapalle,1488.43,1894.37,1691.4,2113.3
2023-09-28,Tomato,Madanapalle,1436.12,1827.8,1631.96,3303.7
2023-09-29,Tomato,Madanapalle,1360.05,1730.97,1545.51,2700.6
2023-09-30,Tomato,Madanapalle,1279.81,1628.85,1454.33,2658.3
2023-10-01,Tomato,Madanapalle,1278.75,1627.51,1453.13,1998.2
2023-10-02,Tomato,Madanapalle,1223.77,1557.53,1390.65,2843.9
2023-10-03,Tomato,Madanapalle,1306.11,1662.33,1484.22,1607.7
2023-10-04,Tomato,Madanapalle,1222.5,1555.92,1389.21,1496.3
2023-10-05,Tomato,Madanapalle,1144.23,1456.29,1300.26,1908.6
2023-10-06,Tomato,Madanapalle,1195.74,1521.84,1358.79,605.8
2023-10-07,Tomato,Madanapalle,1259.15,1602.55,1430.85,889.5
2023-10-08,Tomato,Madanapalle,1227.86,1562.74,1395.3,1450.3
2023-10-09,Tomato,Madanapalle,1326.49,1688.25,1507.37,428.8
2023-10-10,Tomato,Madanapalle,1238.08,1575.74,1406.91,2419.5
2023-10-11,Tomato,Madanapalle,1390.49,1769.71,1580.1,1041.7
2023-10-12,Tomato,Madanapalle,1371.48,1745.52,1558.5,2675.1
2023-10-13,Tomato,Madanapalle,1385.4,1763.24,1574.32,1450.1
2023-10-14,Tomato,Madanapalle,1493.45,1900.75,1697.1,405.6
2023-10-15,Tomato,Madanapalle,1573.61,2002.77,1788.19,729.4
2023-10-16,Tomato,Madanapalle,1614.91,2055.35,1835.13,2362.5
2023-10-17,Tomato,Madanapalle,1631.5,2076.46,1853.98,2465.6
2023-10-18,Tomato,Madanapalle,1899.94,2418.1,2159.02,1296.7
2023-10-19,Tomato,Madanapalle,1976.91,2516.07,2246.49,3131.0
2023-10-20,Tomato,Madanapalle,2089.62,2659.52,2374.57,1535.4
2023-10-21,Tomato,Madanapalle,2136.43,2719.09,2427.76,999.2
2023-10-22,Tomato,Madanapalle,2118.21,2695.91,2407.06,1617.4
2023-10-23,Tomato,Madanapalle,2053.93,2614.09,2334.01,625.0
2023-10-24,Tomato,Madanapalle,1987.3,2529.3,2258.3,1837.3
2023-10-25,Tomato,Madanapalle,1918.73,2442.03,2180.38,558.9
2023-10-26,Tomato,Madanapalle,2023.98,2575.98,2299.98,1829.0
2023-10-27,Tomato,Madanapalle,1929.87,2456.19,2193.03,1063.0
2023-10-28,Tomato,Madanapalle,2069.51,2633.93,2351.72,2347.2
2023-10-29,Tomato,Madanapalle,1936.49,2464.63,2200.56,1544.3
2023-10-30,Tomato,Madanapalle,1895.73,2412.75,2154.24,1132.7
2023-10-31,Tomato,Madanapalle,1972.88,2510.94,2241.91,2528.2
2023-11-01,Tomato,Madanapalle,2079.97,2647.23,2363.6,3171.9
2023-11-02,Tomato,Madanapalle,1994.04,2537.86,2265.95,2027.7
2023-11-03,Tomato,Madanapalle,1749.42,2226.54,1987.98,1131.8
2023-11-04,Tomato,Madanapalle,1743.7,2219.26,1981.48,1680.5
2023-11-05,Tomato,Madanapalle,1763.89,2244.95,2004.42,538.0
2023-11-06,Tomato,Madanapalle,1779.55,2264.89,2022.22,628.3
2023-11-07,Tomato,Madanapalle,1757.13,2236.35,1996.74,3263.5
2023-11-08,Tomato,Madanapalle,1772.5,2255.9,2014.2,1452.8
2023-11-09,Tomato,Madanapalle,1781.15,2266.91,2024.03,710.8
2023-11-10,Tomato,Madanapalle,1971.26,2508.88,2240.07,1870.4
2023-11-11,Tomato,Madanapalle,2075.59,2641.67,2358.63,976.4
2023-11-12,Tomato,Madanapalle,1984.07,2525.19,2254.63,2148.0
2023-11-13,Tomato,Madanapalle,2223.23,2829.57,2526.4,3384.9
2023-11-14,Tomato,Madanapalle,2294.1,2919.76,2606.93,1856.0
2023-11-15,Tomato,Madanapalle,2039.4,2595.6,2317.5,769.5
2023-11-16,Tomato,Madanapalle,1977.97,2517.41,2247.69,1514.5
2023-11-17,Tomato,Madanapalle,1973.77,2512.07,2242.92,2892.5
2023-11-18,Tomato,Madanapalle,2174.82,2767.96,2471.39,1486.8
2023-11-19,Tomato,Madanapalle,2016.27,2566.17,2291.22,1609.1
2023-11-20,Tomato,Madanapalle,2062.72,2625.28,2344.0,528.5
2023-11-21,Tomato,Madanapalle,2155.67,2743.59,2449.63,3307.6
2023-11-22,Tomato,Madanapalle,2109.06,2684.26,2396.66,2614.6
2023-11-23,Tomato,Madanapalle,1979.84,2519.8,2249.82,801.2
2023-11-24,Tomato,Madanapalle,1844.61,2347.69,2096.15,1563.7
2023-11-25,Tomato,Madanapalle,1837.54,2338.68,2088.11,2359.0
2023-11-26,Tomato,Madanapalle,1716.64,2184.82,1950.73,2694.9
2023-11-27,Tomato,Madanapalle,1836.28,2337.08,2086.68,2645.4
2023-11-28,Tomato,Madanapalle,1829.12,2327.96,2078.54,2885.9
2023-11-29,Tomato,Madanapalle,1986.32,2528.04,2257.18,1941.7
2023-11-30,Tomato,Madanapalle,1783.64,2270.08,2026.86,2342.8
2023-12-01,Tomato,Madanapalle,1864.48,2372.98,2118.73,3071.4
2023-12-02,Tomato,Madanapalle,1947.24,2478.3,2212.77,2171.5
2023-12-03,Tomato,Madanapalle,2003.61,2550.05,2276.83,2020.5
2023-12-04,Tomato,Madanapalle,2058.54,2619.96,2339.25,3176.0
2023-12-05,Tomato,Madanapalle,2197.16,2796.38,2496.77,538.5
2023-12-06,Tomato,Madanapalle,2306.81,2935.95,2621.38,1513.2
2023-12-07,Tomato,Madanapalle,2233.6,2842.76,2538.18,2953.3
2023-12-08,Tomato,Madanapalle,2100.67,2673.59,2387.13,3315.2
2023-12-09,Tomato,Madanapalle,2142.62,2726.98,2434.8,2894.5
2023-12-10,Tomato,Madanapalle,2165.05,2755.51,2460.28,749.0
2023-12-11,Tomato,Madanapalle,2188.3,2785.1,2486.7,2141.3
2023-12-12,Tomato,Madanapalle,2185.14,2781.08,2483.11,2918.6
2023-12-13,Tomato,Madanapalle,2142.07,2726.27,2434.17,1395.5
2023-12-14,Tomato,Madanapalle,2265.4,2883.24,2574.32,1294.9
2023-12-15,Tomato,Madanapalle,2155.41,2743.25,2449.33,458.9
2023-12-16,Tomato,Madanapalle,2333.79,2970.27,2652.03,2674.5
2023-12-17,Tomato,Madanapalle,2166.99,2757.99,2462.49,1320.5
2023-12-18,Tomato,Madanapalle,2221.03,2826.77,2523.9,1360.0
2023-12-19,Tomato,Madanapalle,2097.5,2669.54,2383.52,2215.7
2023-12-20,Tomato,Madanapalle,2087.04,2656.24,2371.64,1124.8
2023-12-21,Tomato,Madanapalle,2078.87,2645.83,2362.35,3366.8
2023-12-22,Tomato,Madanapalle,2073.5,2639.0,2356.25,870.1
2023-12-23,Tomato,Madanapalle,1952.02,2484.38,2218.2,3260.9
2023-12-24,Tomato,Madanapalle,2188.21,2784.99,2486.6,686.4
2023-12-25,Tomato,Madanapalle,2095.96,2667.58,2381.77,2852.0
2023-12-26,Tomato,Madanapalle,2205.17,2806.59,2505.88,3490.8
2023-12-27,Tomato,Madanapalle,2190.89,2788.41,2489.65,2893.0
2023-12-28,Tomato,Madanapalle,2085.39,2654.13,2369.76,592.4
2023-12-29,Tomato,Madanapalle,2049.41,2608.35,2328.88,522.8
2023-12-30,Tomato,Madanapalle,1892.03,2408.03,2150.03,732.6
2023-12-31,Tomato,Madanapalle,1901.04,2419.5,2160.27,431.3
2024-01-01,Tomato,Madanapalle,1869.05,2378.79,2123.92,2340.6
2024-01-02,Tomato,Madanapalle,1999.25,2544.49,2271.87,1253.0
2024-01-03,Tomato,Madanapalle,1991.76,2534.96,2263.36,2655.9
2024-01-04,Tomato,Madanapalle,1929.22,2455.36,2192.29,1272.4
2024-01-05,Tomato,Madanapalle,1810.39,2304.13,2057.26,3220.6
2024-01-06,Tomato,Madanapalle,1722.42,2192.16,1957.29,3432.9
2024-01-07,Tomato,Madanapalle,1748.39,2225.23,1986.81,1254.8
2024-01-08,Tomato,Madanapalle,1694.13,2156.17,1925.15,471.3
2024-01-09,Tomato,Madanapalle,1767.19,2249.15,2008.17,2767.3
2024-01-10,Tomato,Madanapalle,1715.57,2183.45,1949.51,2128.2
2024-01-11,Tomato,Madanapalle,1758.85,2238.53,1998.69,1298.4
2024-01-12,Tomato,Madanapalle,1852.48,2357.7,2105.09,3099.6
2024-01-13,Tomato,Madanapalle,2018.26,2568.7,2293.48,2616.5
2024-01-14,Tomato,Madanapalle,2239.26,2849.96,2544.61,2125.0
2024-01-15,Tomato,Madanapalle,2307.31,2936.57,2621.94,2389.3
2024-01-16,Tomato,Madanapalle,2488.51,3167.19,2827.85,1702.8
2024-01-17,Tomato,Madanapalle,2374.45,3022.03,2698.24,2780.9
2024-01-18,Tomato,Madanapalle,2405.52,3061.56,2733.54,1188.0
2024-01-19,Tomato,Madanapalle,2498.43,3179.83,2839.13,3059.6
2024-01-20,Tomato,Madanapalle,2799.9,3563.5,3181.7,2541.6
2024-01-21,Tomato,Madanapalle,2569.59,3270.39,2919.99,2792.8
2024-01-22,Tomato,Madanapalle,2520.89,3208.41,2864.65,590.1
2024-01-23,Tomato,Madanapalle,2199.83,2799.79,2499.81,1731.8
2024-01-24,Tomato,Madanapalle,2027.05,2579.89,2303.47,1797.3
2024-01-25,Tomato,Madanapalle,2138.63,2721.89,2430.26,2966.1
2024-01-26,Tomato,Madanapalle,2082.22,2650.1,2366.16,3275.5
2024-01-27,Tomato,Madanapalle,1921.43,2445.45,2183.44,2049.9
2024-01-28,Tomato,Madanapalle,1858.3,2365.12,2111.71,3426.1
2024-01-29,Tomato,Madanapalle,1777.14,2261.82,2019.48,1516.9
2024-01-30,Tomato,Madanapalle,1600.34,2036.8,1818.57,569.7
2024-01-31,Tomato,Madanapalle,1502.35,1912.09,1707.22,1332.8
2024-02-01,Tomato,Madanapalle,1509.64,1921.36,1715.5,1921.5
2024-02-02,Tomato,Madanapalle,1555.45,1979.67,1767.56,3054.9
2024-02-03,Tomato,Madanapalle,1477.64,1880.64,1679.14,2738.5
2024-02-04,Tomato,Madanapalle,1621.44,2063.66,1842.55,2216.2
2024-02-05,Tomato,Madanapalle,1616.69,2057.61,1837.15,3249.4
2024-02-06,Tomato,Madanapalle,1621.36,2063.54,1842.45,3314.0
2024-02-07,Tomato,Madanapalle,1542.13,1962.71,1752.42,1863.9
2024-02-08,Tomato,Madanapalle,1652.03,2102.59,1877.31,1790.5
2024-02-09,Tomato,Madanapalle,1628.39,2072.49,1850.44,1990.6
2024-02-10,Tomato,Madanapalle,1522.22,1937.38,1729.8,3328.4
2024-02-11,Tomato,Madanapalle,1514.83,1927.97,1721.4,3320.6
2024-02-12,Tomato,Madanapalle,1700.43,2164.19,1932.31,2420.2
2024-02-13,Tomato,Madanapalle,1846.13,2349.61,2097.87,3101.0
2024-02-14,Tomato,Madanapalle,1887.61,2402.41,2145.01,3340.7
2024-02-15,Tomato,Madanapalle,1984.11,2525.23,2254.67,1532.4
2024-02-16,Tomato,Madanapalle,1921.42,2445.44,2183.43,1722.2
2024-02-17,Tomato,Madanapalle,1876.26,2387.96,2132.11,2642.2
2024-02-18,Tomato,Madanapalle,1788.43,2276.19,2032.31,1981.9
2024-02-19,Tomato,Madanapalle,1760.61,2240.77,2000.69,2893.4
2024-02-20,Tomato,Madanapalle,1711.47,2178.23,1944.85,2641.1
2024-02-21,Tomato,Madanapalle,1725.78,2196.44,1961.11,2660.1
2024-02-22,Tomato,Madanapalle,1678.5,2136.28,1907.39,791.5
2024-02-23,Tomato,Madanapalle,1710.01,2176.37,1943.19,2777.2
2024-02-24,Tomato,Madanapalle,1618.79,2060.27,1839.53,861.7
2024-02-25,Tomato,Madanapalle,1665.63,2119.89,1892.76,608.6
2024-02-26,Tomato,Madanapalle,1642.29,2090.19,1866.24,867.5
2024-02-27,Tomato,Madanapalle,1674.87,2131.65,1903.26,942.0
2024-02-28,Tomato,Madanapalle,1834.69,2335.07,2084.88,3468.3
2024-02-29,Tomato,Madanapalle,1900.29,2418.55,2159.42,3056.5
2024-03-01,Tomato,Madanapalle,2151.12,2737.78,2444.45,3456.7
2024-03-02,Tomato,Madanapalle,2155.01,2742.73,2448.87,2613.0
2024-03-03,Tomato,Madanapalle,2079.45,2646.57,2363.01,852.0
2024-03-04,Tomato,Madanapalle,2056.33,2617.15,2336.74,2680.9
2024-03-05,Tomato,Madanapalle,2016.86,2566.92,2291.89,3270.5
2024-03-06,Tomato,Madanapalle,1828.43,2327.09,2077.76,687.8
2024-03-07,Tomato,Madanapalle,1783.65,2270.09,2026.87,3342.7
2024-03-08,Tomato,Madanapalle,1737.31,2211.13,1974.22,1807.7
2024-03-09,Tomato,Madanapalle,1684.51,2143.93,1914.22,1832.0
2024-03-10,Tomato,Madanapalle,1551.36,1974.46,1762.91,2781.0
2024-03-11,Tomato,Madanapalle,1546.42,1968.16,1757.29,830.8
2024-03-12,Tomato,Madanapalle,1450.35,1845.91,1648.13,1180.9
2024-03-13,Tomato,Madanapalle,1421.16,1808.76,1614.96,1035.1
2024-03-14,Tomato,Madanapalle,1351.96,1720.68,1536.32,470.9
2024-03-15,Tomato,Madanapalle,1315.93,1674.81,1495.37,1863.4
2024-03-16,Tomato,Madanapalle,1271.89,1618.77,1445.33,2172.3
2024-03-17,Tomato,Madanapalle,1308.55,1665.43,1486.99,943.4
2024-03-18,Tomato,Madanapalle,1413.12,1798.52,1605.82,729.1
2024-03-19,Tomato,Madanapalle,1514.39,1927.41,1720.9,1057.4
2024-03-20,Tomato,Madanapalle,1530.53,1947.95,1739.24,999.3
2024-03-21,Tomato,Madanapalle,1499.11,1907.95,1703.53,1454.3
2024-03-22,Tomato,Madanapalle,1600.52,2037.02,1818.77,1401.7
2024-03-23,Tomato,Madanapalle,1504.4,1914.7,1709.55,2294.1
2024-03-24,Tomato,Madanapalle,1490.54,1897.04,1693.79,1394.2
2024-03-25,Tomato,Madanapalle,1432.26,1822.88,1627.57,1035.2
2024-03-26,Tomato,Madanapalle,1411.04,1795.88,1603.46,2883.2
2024-03-27,Tomato,Madanapalle,1419.77,1806.97,1613.37,491.1
2024-03-28,Tomato,Madanapalle,1366.37,1739.01,1552.69,2759.0
2024-03-29,Tomato,Madanapalle,1282.35,1632.09,1457.22,2868.5
2024-03-30,Tomato,Madanapalle,1241.77,1580.43,1411.1,1533.6
2024-03-31,Tomato,Madanapalle,1296.94,1650.66,1473.8,489.8
2024-04-01,Tomato,Madanapalle,1248.72,1589.28,1419.0,2287.8
2024-04-02,Tomato,Madanapalle,1252.23,1593.75,1422.99,3472.7
2024-04-03,Tomato,Madanapalle,1267.4,1613.06,1440.23,3028.0
2024-04-04,Tomato,Madanapalle,1314.58,1673.1,1493.84,1429.0
2024-04-05,Tomato,Madanapalle,1204.25,1532.69,1368.47,878.6
2024-04-06,Tomato,Madanapalle,1139.26,1449.96,1294.61,2703.1
2024-04-07,Tomato,Madanapalle,1286.83,1637.79,1462.31,2164.0
2024-04-08,Tomato,Madanapalle,1326.76,1688.6,1507.68,1651.0
2024-04-09,Tomato,Madanapalle,1399.46,1781.12,1590.29,1461.1
2024-04-10,Tomato,Madanapalle,1347.0,1714.36,1530.68,2593.7
2024-04-11,Tomato,Madanapalle,1286.55,1637.43,1461.99,565.4
2024-04-12,Tomato,Madanapalle,1361.35,1732.63,1546.99,888.2
2024-04-13,Tomato,Madanapalle,1400.49,1782.45,1591.47,2438.0
2024-04-14,Tomato,Madanapalle,1455.66,1852.66,1654.16,2743.8
2024-04-15,Tomato,Madanapalle,1408.94,1793.2,1601.07,1567.6
2024-04-16,Tomato,Madanapalle,1445.36,1839.54,1642.45,2990.2
2024-04-17,Tomato,Madanapalle,1363.36,1735.18,1549.27,2637.8
2024-04-18,Tomato,Madanapalle,1201.71,1529.45,1365.58,1938.0
2024-04-19,Tomato,Madanapalle,1203.94,1532.28,1368.11,2773.6
2024-04-20,Tomato,Madanapalle,1276.51,1624.65,1450.58,1459.4
2024-04-21,Tomato,Madanapalle,1405.47,1788.79,1597.13,3365.0
2024-04-22,Tomato,Madanapalle,1459.75,1857.87,1658.81,3473.1
2024-04-23,Tomato,Madanapalle,1502.72,1912.56,1707.64,679.1
2024-04-24,Tomato,Madanapalle,1432.65,1823.37,1628.01,2794.6
2024-04-25,Tomato,Madanapalle,1324.13,1685.25,1504.69,1840.9
2024-04-26,Tomato,Madanapalle,1346.78,1714.08,1530.43,750.4
2024-04-27,Tomato,Madanapalle,1277.59,1626.03,1451.81,2490.3
2024-04-28,Tomato,Madanapalle,1287.23,1638.29,1462.76,687.4
2024-04-29,Tomato,Madanapalle,1324.17,1685.31,1504.74,1508.1
2024-04-30,Tomato,Madanapalle,1221.77,1554.97,1388.37,2561.8
2024-05-01,Tomato,Madanapalle,1290.81,1642.85,1466.83,831.4
2024-05-02,Tomato,Madanapalle,1266.77,1612.25,1439.51,1627.8
2024-05-03,Tomato,Madanapalle,1307.92,1664.62,1486.27,1552.7
2024-05-04,Tomato,Madanapalle,1262.72,1607.1,1434.91,853.1
2024-05-05,Tomato,Madanapalle,1211.4,1541.78,1376.59,443.2
2024-05-06,Tomato,Madanapalle,1305.35,1661.35,1483.35,1104.5
2024-05-07,Tomato,Madanapalle,1369.69,1743.25,1556.47,1667.7
2024-05-08,Tomato,Madanapalle,1407.34,1791.16,1599.25,410.3
2024-05-09,Tomato,Madanapalle,1332.88,1696.4,1514.64,2255.1
2024-05-10,Tomato,Madanapalle,1395.13,1775.61,1585.37,1499.8
2024-05-11,Tomato,Madanapalle,1399.48,1781.16,1590.32,1513.4
2024-05-12,Tomato,Madanapalle,1508.69,1920.15,1714.42,1714.6
2024-05-13,Tomato,Madanapalle,1594.09,2028.85,1811.47,3238.1
2024-05-14,Tomato,Madanapalle,1383.59,1760.93,1572.26,2026.5
2024-05-15,Tomato,Madanapalle,1354.2,1723.52,1538.86,3319.4
2024-05-16,Tomato,Madanapalle,1474.33,1876.41,1675.37,1109.1
2024-05-17,Tomato,Madanapalle,1621.22,2063.36,1842.29,1429.4
2024-05-18,Tomato,Madanapalle,1687.06,2147.16,1917.11,3297.2
2024-05-19,Tomato,Madanapalle,1444.04,1837.88,1640.96,596.0
2024-05-20,Tomato,Madanapalle,1463.0,1862.0,1662.5,3434.9
2024-05-21,Tomato,Madanapalle,1478.88,1882.2,1680.54,2558.7
2024-05-22,Tomato,Madanapalle,1633.65,2079.19,1856.42,2957.2
2024-05-23,Tomato,Madanapalle,1584.91,2017.15,1801.03,2182.8
2024-05-24,Tomato,Madanapalle,1604.54,2042.14,1823.34,2399.6
2024-05-25,Tomato,Madanapalle,1785.81,2272.85,2029.33,3395.0
2024-05-26,Tomato,Madanapalle,1999.14,2544.36,2271.75,3354.6
2024-05-27,Tomato,Madanapalle,2016.38,2566.3,2291.34,3455.9
2024-05-28,Tomato,Madanapalle,1889.64,2405.0,2147.32,2282.3
2024-05-29,Tomato,Madanapalle,1750.74,2228.22,1989.48,2700.2
2024-05-30,Tomato,Madanapalle,1580.98,2012.16,1796.57,2393.9
2024-05-31,Tomato,Madanapalle,1595.51,2030.65,1813.08,2598.0
2024-06-01,Tomato,Madanapalle,1658.62,2110.96,1884.79,1969.7
2024-06-02,Tomato,Madanapalle,1756.07,2234.99,1995.53,474.7
2024-06-03,Tomato,Madanapalle,1792.78,2281.72,2037.25,946.6
2024-06-04,Tomato,Madanapalle,1684.66,2144.12,1914.39,1645.9
2024-06-05,Tomato,Madanapalle,1803.69,2295.61,2049.65,641.5
2024-06-06,Tomato,Madanapalle,1957.99,2491.99,2224.99,1027.6
2024-06-07,Tomato,Madanapalle,1918.95,2442.31,2180.63,2460.7
2024-06-08,Tomato,Madanapalle,1769.67,2252.31,2010.99,1846.4
2024-06-09,Tomato,Madanapalle,1788.2,2275.9,2032.05,1727.1
2024-06-10,Tomato,Madanapalle,1986.73,2528.57,2257.65,2516.4
2024-06-11,Tomato,Madanapalle,1923.23,2447.75,2185.49,715.7
2024-06-12,Tomato,Madanapalle,1994.31,2538.21,2266.26,2698.5
2024-06-13,Tomato,Madanapalle,1741.88,2216.94,1979.41,1122.8
2024-06-14,Tomato,Madanapalle,1642.92,2090.98,1866.95,932.0
2024-06-15,Tomato,Madanapalle,1744.45,2220.21,1982.33,3413.0
2024-06-16,Tomato,Madanapalle,1597.08,2032.64,1814.86,3467.0
2024-06-17,Tomato,Madanapalle,1530.03,1947.31,1738.67,2619.6
2024-06-18,Tomato,Madanapalle,1476.38,1879.04,1677.71,3458.7
2024-06-19,Tomato,Madanapalle,1494.9,1902.6,1698.75,2712.6
2024-06-20,Tomato,Madanapalle,1560.5,1986.08,1773.29,563.3
2024-06-21,Tomato,Madanapalle,1422.57,1810.55,1616.56,1902.3
2024-06-22,Tomato,Madanapalle,1393.01,1772.93,1582.97,1755.5
2024-06-23,Tomato,Madanapalle,1395.66,1776.3,1585.98,3308.2
2024-06-24,Tomato,Madanapalle,1460.92,1859.36,1660.14,1439.4
2024-06-25,Tomato,Madanapalle,1424.52,1813.02,1618.77,2215.2
2024-06-26,Tomato,Madanapalle,1368.4,1741.6,1555.0,3239.4
2024-06-27,Tomato,Madanapalle,1254.11,1596.13,1425.12,1813.4
2024-06-28,Tomato,Madanapalle,1179.95,1501.75,1340.85,2598.6
2024-06-29,Tomato,Madanapalle,1070.76,1362.78,1216.77,2633.8
2024-06-30,Tomato,Madanapalle,1011.37,1287.19,1149.28,2601.0
2024-07-01,Tomato,Madanapalle,978.0,1244.72,1111.36,1920.0
2024-07-02,Tomato,Madanapalle,912.03,1160.77,1036.4,1218.7
2024-07-03,Tomato,Madanapalle,942.23,1199.21,1070.72,2941.4
2024-07-04,Tomato,Madanapalle,1007.3,1282.02,1144.66,2981.5
2024-07-05,Tomato,Madanapalle,991.09,1261.39,1126.24,2214.0
2024-07-06,Tomato,Madanapalle,938.42,1194.36,1066.39,987.0
2024-07-07,Tomato,Madanapalle,922.35,1173.91,1048.13,977.7
2024-07-08,Tomato,Madanapalle,836.69,1064.87,950.78,1956.2
2024-07-09,Tomato,Madanapalle,849.11,1080.69,964.9,2417.0
2024-07-10,Tomato,Madanapalle,943.03,1200.23,1071.63,2625.3
2024-07-11,Tomato,Madanapalle,918.9,1169.5,1044.2,932.1
2024-07-12,Tomato,Madanapalle,890.74,1133.66,1012.2,2817.6
2024-07-13,Tomato,Madanapalle,906.93,1154.27,1030.6,2921.2
2024-07-14,Tomato,Madanapalle,872.06,1109.9,990.98,1929.3
2024-07-15,Tomato,Madanapalle,879.38,1119.22,999.3,450.0
2024-07-16,Tomato,Madanapalle,837.87,1066.39,952.13,588.2
2024-07-17,Tomato,Madanapalle,813.49,1035.35,924.42,970.4
2024-07-18,Tomato,Madanapalle,758.23,965.01,861.62,3209.9
2024-07-19,Tomato,Madanapalle,728.98,927.8,828.39,3208.7
2024-07-20,Tomato,Madanapalle,735.57,936.19,835.88,3227.0
2024-07-21,Tomato,Madanapalle,718.23,914.11,816.17,2166.5
2024-07-22,Tomato,Madanapalle,744.53,947.59,846.06,1235.5
2024-07-23,Tomato,Madanapalle,690.81,879.21,785.01,1322.5
2024-07-24,Tomato,Madanapalle,767.33,976.61,871.97,2915.7
2024-07-25,Tomato,Madanapalle,711.39,905.41,808.4,1469.0
2024-07-26,Tomato,Madanapalle,755.43,961.45,858.44,2139.2
2024-07-27,Tomato,Madanapalle,753.71,959.27,856.49,2909.9
2024-07-28,Tomato,Madanapalle,754.16,959.84,857.0,1714.9
2024-07-29,Tomato,Madanapalle,744.86,948.0,846.43,2876.8
2024-07-30,Tomato,Madanapalle,678.21,863.17,770.69,2727.5
2024-07-31,Tomato,Madanapalle,663.5,844.46,753.98,1717.3
2024-08-01,Tomato,Madanapalle,710.23,903.93,807.08,2355.3
2024-08-02,Tomato,Madanapalle,700.7,891.8,796.25,2408.1
2024-08-03,Tomato,Madanapalle,697.62,887.88,792.75,2540.5
2024-08-04,Tomato,Madanapalle,706.87,899.65,803.26,788.6
2024-08-05,Tomato,Madanapalle,827.36,1053.0,940.18,469.9
2024-08-06,Tomato,Madanapalle,847.12,1078.16,962.64,1464.3
2024-08-07,Tomato,Madanapalle,828.98,1055.06,942.02,837.9
2024-08-08,Tomato,Madanapalle,819.02,1042.38,930.7,3371.7
2024-08-09,Tomato,Madanapalle,865.88,1102.02,983.95,1434.5
2024-08-10,Tomato,Madanapalle,856.16,1089.66,972.91,2382.0
2024-08-11,Tomato,Madanapalle,962.74,1225.3,1094.02,1203.7
2024-08-12,Tomato,Madanapalle,1038.78,1322.08,1180.43,2297.1
2024-08-13,Tomato,Madanapalle,1128.47,1436.23,1282.35,890.1
2024-08-14,Tomato,Madanapalle,1115.58,1419.82,1267.7,2800.5
2024-08-15,Tomato,Madanapalle,1233.01,1569.29,1401.15,2165.0
2024-08-16,Tomato,Madanapalle,1226.9,1561.5,1394.2,583.8
2024-08-17,Tomato,Madanapalle,1222.82,1556.32,1389.57,3258.5
2024-08-18,Tomato,Madanapalle,1205.54,1534.32,1369.93,2869.6
2024-08-19,Tomato,Madanapalle,1160.34,1476.8,1318.57,2276.8
2024-08-20,Tomato,Madanapalle,1163.71,1481.09,1322.4,3347.2
2024-08-21,Tomato,Madanapalle,1215.35,1546.81,1381.08,1258.5
2024-08-22,Tomato,Madanapalle,1242.39,1581.23,1411.81,1546.2
2024-08-23,Tomato,Madanapalle,1336.07,1700.45,1518.26,2009.7
2024-08-24,Tomato,Madanapalle,1333.23,1696.83,1515.03,1602.6
2024-08-25,Tomato,Madanapalle,1442.23,1835.57,1638.9,1840.0
2024-08-26,Tomato,Madanapalle,1434.63,1825.89,1630.26,1675.6
2024-08-27,Tomato,Madanapalle,1473.72,1875.64,1674.68,1695.5
2024-08-28,Tomato,Madanapalle,1505.51,1916.11,1710.81,785.6
2024-08-29,Tomato,Madanapalle,1478.81,1882.13,1680.47,1372.8
2024-08-30,Tomato,Madanapalle,1406.64,1790.28,1598.46,1122.1
2024-08-31,Tomato,Madanapalle,1372.74,1747.12,1559.93,2419.4
2024-09-01,Tomato,Madanapalle,1419.94,1807.2,1613.57,623.7
2024-09-02,Tomato,Madanapalle,1380.46,1756.94,1568.7,1083.1
2024-09-03,Tomato,Madanapalle,1482.4,1886.7,1684.55,1649.7
2024-09-04,Tomato,Madanapalle,1385.49,1763.35,1574.42,893.7
2024-09-05,Tomato,Madanapalle,1463.7,1862.88,1663.29,2357.7
2024-09-06,Tomato,Madanapalle,1426.87,1816.01,1621.44,460.4
2024-09-07,Tomato,Madanapalle,1461.93,1860.63,1661.28,806.9
2024-09-08,Tomato,Madanapalle,1478.98,1882.34,1680.66,1813.9
2024-09-09,Tomato,Madanapalle,1492.01,1898.93,1695.47,1699.1
2024-09-10,Tomato,Madanapalle,1424.1,1812.5,1618.3,787.7
2024-09-11,Tomato,Madanapalle,1608.68,2047.4,1828.04,1471.9
2024-09-12,Tomato,Madanapalle,1567.89,1995.49,1781.69,3029.9
2024-09-13,Tomato,Madanapalle,1410.73,1795.47,1603.1,1021.8
2024-09-14,Tomato,Madanapalle,1350.33,1718.61,1534.47,1967.6
2024-09-15,Tomato,Madanapalle,1288.77,1640.25,1464.51,1646.7
2024-09-16,Tomato,Madanapalle,1405.17,1788.39,1596.78,954.2
2024-09-17,Tomato,Madanapalle,1490.61,1897.13,1693.87,2050.7
2024-09-18,Tomato,Madanapalle,1361.81,1733.21,1547.51,2003.9
2024-09-19,Tomato,Madanapalle,1298.43,1652.55,1475.49,884.6
2024-09-20,Tomato,Madanapalle,1244.41,1583.79,1414.1,2083.6
2024-09-21,Tomato,Madanapalle,1231.62,1567.52,1399.57,784.2
2024-09-22,Tomato,Madanapalle,1177.33,1498.41,1337.87,778.1
2024-09-23,Tomato,Madanapalle,1243.6,1582.76,1413.18,1845.9
2024-09-24,Tomato,Madanapalle,1343.24,1709.58,1526.41,1107.5
2024-09-25,Tomato,Madanapalle,1315.71,1674.53,1495.12,3018.7
2024-09-26,Tomato,Madanapalle,1364.62,1736.8,1550.71,2224.0
2024-09-27,Tomato,Madanapalle,1311.91,1669.71,1490.81,1322.8
2024-09-28,Tomato,Madanapalle,1262.11,1606.33,1434.22,3097.8
2024-09-29,Tomato,Madanapalle,1318.95,1678.67,1498.81,2793.7
2024-09-30,Tomato,Madanapalle,1359.63,1730.43,1545.03,3084.6
2024-10-01,Tomato,Madanapalle,1355.75,1725.49,1540.62,3489.7
2024-10-02,Tomato,Madanapalle,1407.16,1790.94,1599.05,1043.5
2024-10-03,Tomato,Madanapalle,1529.65,1946.83,1738.24,2369.6
2024-10-04,Tomato,Madanapalle,1394.49,1774.81,1584.65,2345.3
2024-10-05,Tomato,Madanapalle,1427.47,1816.77,1622.12,552.2
2024-10-06,Tomato,Madanapalle,1525.15,1941.09,1733.12,1386.6
2024-10-07,Tomato,Madanapalle,1487.36,1893.0,1690.18,1127.2
2024-10-08,Tomato,Madanapalle,1512.02,1924.4,1718.21,862.8
2024-10-09,Tomato,Madanapalle,1634.07,2079.73,1856.9,2980.3
2024-10-10,Tomato,Madanapalle,1619.52,2061.2,1840.36,1357.8
2024-10-11,Tomato,Madanapalle,1622.91,2065.53,1844.22,2232.8
2024-10-12,Tomato,Madanapalle,1490.32,1896.78,1693.55,1908.7
2024-10-13,Tomato,Madanapalle,1522.31,1937.49,1729.9,3416.5
2024-10-14,Tomato,Madanapalle,1438.8,1831.2,1635.0,2091.3
2024-10-15,Tomato,Madanapalle,1587.14,2020.0,1803.57,2992.0
2024-10-16,Tomato,Madanapalle,1552.13,1975.43,1763.78,3027.4
2024-10-17,Tomato,Madanapalle,1532.75,1950.77,1741.76,3044.7
2024-10-18,Tomato,Madanapalle,1651.94,2102.48,1877.21,1348.5
2024-10-19,Tomato,Madanapalle,1680.86,2139.28,1910.07,487.0
2024-10-20,Tomato,Madanapalle,1815.42,2310.54,2062.98,799.1
2024-10-21,Tomato,Madanapalle,1703.58,2168.2,1935.89,2282.3
2024-10-22,Tomato,Madanapalle,1803.15,2294.91,2049.03,3168.2
2024-10-23,Tomato,Madanapalle,1836.14,2336.9,2086.52,2403.6
2024-10-24,Tomato,Madanapalle,1876.3,2388.02,2132.16,3122.1
2024-10-25,Tomato,Madanapalle,1889.53,2404.85,2147.19,3297.7
2024-10-26,Tomato,Madanapalle,1967.68,2504.32,2236.0,1484.3
2024-10-27,Tomato,Madanapalle,1948.16,2479.48,2213.82,742.8
2024-10-28,Tomato,Madanapalle,2042.57,2599.63,2321.1,1265.0
2024-10-29,Tomato,Madanapalle,2096.01,2667.65,2381.83,3304.7
2024-10-30,Tomato,Madanapalle,2039.8,2596.12,2317.96,1595.0
2024-10-31,Tomato,Madanapalle,2191.33,2788.97,2490.15,2084.6
2024-11-01,Tomato,Madanapalle,1957.23,2491.01,2224.12,1053.2
2024-11-02,Tomato,Madanapalle,1865.08,2373.74,2119.41,3410.7
2024-11-03,Tomato,Madanapalle,1794.03,2283.31,2038.67,1354.0
2024-11-04,Tomato,Madanapalle,1792.6,2281.48,2037.04,2484.3
2024-11-05,Tomato,Madanapalle,1736.25,2209.77,1973.01,494.1
2024-11-06,Tomato,Madanapalle,1810.36,2304.1,2057.23,3390.5
2024-11-07,Tomato,Madanapalle,1980.9,2521.14,2251.02,2913.9
2024-11-08,Tomato,Madanapalle,1883.71,2397.45,2140.58,2307.5
2024-11-09,Tomato,Madanapalle,1852.98,2358.34,2105.66,2421.9
2024-11-10,Tomato,Madanapalle,1877.72,2389.82,2133.77,558.8
2024-11-11,Tomato,Madanapalle,1903.19,2422.25,2162.72,841.2
2024-11-12,Tomato,Madanapalle,1864.25,2372.69,2118.47,3415.0
2024-11-13,Tomato,Madanapalle,1905.2,2424.8,2165.0,1974.7
2024-11-14,Tomato,Madanapalle,1822.5,2319.54,2071.02,2000.9
2024-11-15,Tomato,Madanapalle,1790.72,2279.1,2034.91,433.5
2024-11-16,Tomato,Madanapalle,1860.06,2367.36,2113.71,2434.9
2024-11-17,Tomato,Madanapalle,1788.45,2276.21,2032.33,3228.7
2024-11-18,Tomato,Madanapalle,1636.73,2083.11,1859.92,1373.2
2024-11-19,Tomato,Madanapalle,1805.21,2297.55,2051.38,2294.7
2024-11-20,Tomato,Madanapalle,1819.4,2315.6,2067.5,865.5
2024-11-21,Tomato,Madanapalle,1949.68,2481.42,2215.55,2492.7
2024-11-22,Tomato,Madanapalle,1739.63,2214.07,1976.85,1342.8
2024-11-23,Tomato,Madanapalle,1830.14,2329.26,2079.7,2487.9
2024-11-24,Tomato,Madanapalle,1933.7,2461.08,2197.39,2776.4
2024-11-25,Tomato,Madanapalle,2168.8,2760.28,2464.54,2628.6
2024-11-26,Tomato,Madanapalle,2102.42,2675.8,2389.11,882.9
2024-11-27,Tomato,Madanapalle,2071.85,2636.91,2354.38,497.3
2024-11-28,Tomato,Madanapalle,1880.54,2393.42,2136.98,1665.0
2024-11-29,Tomato,Madanapalle,1874.45,2385.67,2130.06,1009.7
2024-11-30,Tomato,Madanapalle,2011.57,2560.19,2285.88,2445.6
2024-12-01,Tomato,Madanapalle,1982.86,2523.64,2253.25,1082.2
2024-12-02,Tomato,Madanapalle,2198.86,2798.56,2498.71,2240.9
2024-12-03,Tomato,Madanapalle,2238.84,2849.44,2544.14,2765.0
2024-12-04,Tomato,Madanapalle,2306.43,2935.45,2620.94,3284.8
2024-12-05,Tomato,Madanapalle,2332.15,2968.19,2650.17,627.1
2024-12-06,Tomato,Madanapalle,2465.95,3138.49,2802.22,3111.4
2024-12-07,Tomato,Madanapalle,2459.95,3130.85,2795.4,1352.6
2024-12-08,Tomato,Madanapalle,2513.76,3199.34,2856.55,2618.6
2024-12-09,Tomato,Madanapalle,2437.87,3102.75,2770.31,3203.0
2024-12-10,Tomato,Madanapalle,2720.19,3462.07,3091.13,653.7
2024-12-11,Tomato,Madanapalle,2825.13,3595.61,3210.37,893.3
2024-12-12,Tomato,Madanapalle,2609.4,3321.06,2965.23,1301.3
2024-12-13,Tomato,Madanapalle,2304.54,2933.06,2618.8,2292.1
2024-12-14,Tomato,Madanapalle,2236.55,2846.51,2541.53,2329.0
2024-12-15,Tomato,Madanapalle,2324.13,2957.99,2641.06,743.5
2024-12-16,Tomato,Madanapalle,2297.1,2923.58,2610.34,1161.4
2024-12-17,Tomato,Madanapalle,2276.82,2897.76,2587.29,2939.6
2024-12-18,Tomato,Madanapalle,2109.11,2684.33,2396.72,3283.3
2024-12-19,Tomato,Madanapalle,2004.06,2550.62,2277.34,2343.6
2024-12-20,Tomato,Madanapalle,1959.49,2493.89,2226.69,2324.6
2024-12-21,Tomato,Madanapalle,2104.92,2679.0,2391.96,2334.1
2024-12-22,Tomato,Madanapalle,2193.99,2792.35,2493.17,766.1
2024-12-23,Tomato,Madanapalle,1929.73,2456.01,2192.87,3287.2
2024-12-24,Tomato,Madanapalle,1788.97,2276.87,2032.92,2734.7
2024-12-25,Tomato,Madanapalle,1600.9,2037.52,1819.21,2577.4
2024-12-26,Tomato,Madanapalle,1590.49,2024.27,1807.38,2991.5
2024-12-27,Tomato,Madanapalle,1642.32,2090.22,1866.27,2252.4
2024-12-28,Tomato,Madanapalle,1648.64,2098.28,1873.46,2384.3
2024-12-29,Tomato,Madanapalle,1824.97,2322.69,2073.83,3156.3
2024-12-30,Tomato,Madanapalle,1737.5,2211.36,1974.43,1932.5
2024-12-31,Tomato,Madanapalle,2064.89,2628.05,2346.47,2520.5
2025-01-01,Tomato,Madanapalle,1956.18,2489.68,2222.93,3000.4
2025-01-02,Tomato,Madanapalle,2078.21,2644.99,2361.6,1981.4
2025-01-03,Tomato,Madanapalle,2082.32,2650.22,2366.27,1401.8
2025-01-04,Tomato,Madanapalle,2276.93,2897.91,2587.42,2022.7
2025-01-05,Tomato,Madanapalle,2066.0,2629.46,2347.73,3409.5
2025-01-06,Tomato,Madanapalle,1914.55,2436.71,2175.63,3307.2
2025-01-07,Tomato,Madanapalle,1952.38,2484.84,2218.61,2497.5
2025-01-08,Tomato,Madanapalle,2056.58,2617.46,2337.02,3149.5
2025-01-09,Tomato,Madanapalle,2120.83,2699.23,2410.03,785.2
2025-01-10,Tomato,Madanapalle,2053.97,2614.15,2334.06,1501.3
2025-01-11,Tomato,Madanapalle,2009.09,2557.03,2283.06,1774.8
2025-01-12,Tomato,Madanapalle,1892.91,2409.15,2151.03,2194.1
2025-01-13,Tomato,Madanapalle,1964.12,2499.8,2231.96,834.0
2025-01-14,Tomato,Madanapalle,2024.47,2576.59,2300.53,737.6
2025-01-15,Tomato,Madanapalle,2368.73,3014.75,2691.74,1016.2
2025-01-16,Tomato,Madanapalle,2374.64,3022.28,2698.46,2325.4
2025-01-17,Tomato,Madanapalle,2265.6,2883.5,2574.55,2029.4
2025-01-18,Tomato,Madanapalle,2115.49,2692.45,2403.97,3232.1
2025-01-19,Tomato,Madanapalle,2079.7,2646.88,2363.29,1236.6
2025-01-20,Tomato,Madanapalle,2239.77,2850.61,2545.19,3008.9
2025-01-21,Tomato,Madanapalle,2190.07,2787.37,2488.72,3146.9
2025-01-22,Tomato,Madanapalle,2169.25,2760.87,2465.06,652.9
2025-01-23,Tomato,Madanapalle,2076.56,2642.9,2359.73,3446.8
2025-01-24,Tomato,Madanapalle,2128.35,2708.81,2418.58,1827.8
2025-01-25,Tomato,Madanapalle,2233.85,2843.09,2538.47,1337.6
2025-01-26,Tomato,Madanapalle,2012.38,2561.22,2286.8,1232.2
2025-01-27,Tomato,Madanapalle,1897.05,2414.43,2155.74,3498.0
2025-01-28,Tomato,Madanapalle,2087.92,2657.36,2372.64,1462.7
2025-01-29,Tomato,Madanapalle,2228.12,2835.8,2531.96,2863.2
2025-01-30,Tomato,Madanapalle,2522.35,3210.27,2866.31,1141.0
2025-01-31,Tomato,Madanapalle,2365.26,3010.34,2687.8,2235.7
2025-02-01,Tomato,Madanapalle,2231.43,2840.01,2535.72,2488.7
2025-02-02,Tomato,Madanapalle,2324.63,2958.63,2641.63,732.3
2025-02-03,Tomato,Madanapalle,2038.9,2594.96,2316.93,2277.6
2025-02-04,Tomato,Madanapalle,2076.41,2642.71,2359.56,552.4
2025-02-05,Tomato,Madanapalle,2039.74,2596.04,2317.89,2195.4
2025-02-06,Tomato,Madanapalle,2087.89,2657.31,2372.6,2660.8
2025-02-07,Tomato,Madanapalle,2172.5,2765.0,2468.75,2437.0
2025-02-08,Tomato,Madanapalle,1974.48,2512.98,2243.73,551.0
2025-02-09,Tomato,Madanapalle,1828.45,2327.11,2077.78,565.8
2025-02-10,Tomato,Madanapalle,1889.4,2404.68,2147.04,522.1
2025-02-11,Tomato,Madanapalle,1600.76,2037.34,1819.05,2165.0
2025-02-12,Tomato,Madanapalle,1587.2,2020.08,1803.64,1844.6
2025-02-13,Tomato,Madanapalle,1579.5,2010.28,1794.89,3388.8
2025-02-14,Tomato,Madanapalle,1627.6,2071.5,1849.55,3134.9
2025-02-15,Tomato,Madanapalle,1691.54,2152.86,1922.2,757.0
2025-02-16,Tomato,Madanapalle,1704.52,2169.38,1936.95,2885.3
2025-02-17,Tomato,Madanapalle,1695.25,2157.59,1926.42,1123.2
2025-02-18,Tomato,Madanapalle,1611.93,2051.55,1831.74,1697.5
2025-02-19,Tomato,Madanapalle,1638.37,2085.19,1861.78,3060.3
2025-02-20,Tomato,Madanapalle,1661.38,2114.48,1887.93,2791.0
2025-02-21,Tomato,Madanapalle,1877.97,2390.15,2134.06,1479.3
2025-02-22,Tomato,Madanapalle,1831.57,2331.09,2081.33,861.5
2025-02-23,Tomato,Madanapalle,1691.63,2152.99,1922.31,3129.9
2025-02-24,Tomato,Madanapalle,1686.18,2146.04,1916.11,2960.2
2025-02-25,Tomato,Madanapalle,1582.95,2014.67,1798.81,1363.7
2025-02-26,Tomato,Madanapalle,1702.31,2166.57,1934.44,2644.5
2025-02-27,Tomato,Madanapalle,1635.24,2081.22,1858.23,1871.1
2025-02-28,Tomato,Madanapalle,1529.49,1946.63,1738.06,2165.0
2025-03-01,Tomato,Madanapalle,1732.46,2204.96,1968.71,676.6
2025-03-02,Tomato,Madanapalle,1828.7,2327.44,2078.07,1538.5
2025-03-03,Tomato,Madanapalle,1926.25,2451.59,2188.92,2393.7
2025-03-04,Tomato,Madanapalle,1911.75,2433.13,2172.44,1721.2
2025-03-05,Tomato,Madanapalle,1789.65,2277.73,2033.69,990.0
2025-03-06,Tomato,Madanapalle,1934.75,2462.41,2198.58,1832.6
2025-03-07,Tomato,Madanapalle,2169.04,2760.6,2464.82,1746.3
2025-03-08,Tomato,Madanapalle,2076.27,2642.53,2359.4,1387.9
2025-03-09,Tomato,Madanapalle,2096.31,2668.03,2382.17,1495.4
2025-03-10,Tomato,Madanapalle,1790.95,2279.39,2035.17,2430.7
2025-03-11,Tomato,Madanapalle,1798.74,2289.3,2044.02,1255.3
2025-03-12,Tomato,Madanapalle,1723.59,2193.65,1958.62,1641.2
2025-03-13,Tomato,Madanapalle,1766.47,2248.23,2007.35,2304.0
2025-03-14,Tomato,Madanapalle,1608.04,2046.6,1827.32,403.6
2025-03-15,Tomato,Madanapalle,1555.1,1979.22,1767.16,2564.2
2025-03-16,Tomato,Madanapalle,1677.53,2135.03,1906.28,3165.6
2025-03-17,Tomato,Madanapalle,1637.53,2084.13,1860.83,1242.5
2025-03-18,Tomato,Madanapalle,1666.46,2120.96,1893.71,719.3
2025-03-19,Tomato,Madanapalle,1766.71,2248.53,2007.62,506.3
2025-03-20,Tomato,Madanapalle,1840.01,2341.83,2090.92,734.0
2025-03-21,Tomato,Madanapalle,1782.64,2268.82,2025.73,2964.3
2025-03-22,Tomato,Madanapalle,1954.23,2487.21,2220.72,1119.7
2025-03-23,Tomato,Madanapalle,2128.81,2709.39,2419.1,3037.4
2025-03-24,Tomato,Madanapalle,2214.42,2818.36,2516.39,1976.9
2025-03-25,Tomato,Madanapalle,2215.7,2819.98,2517.84,961.1
2025-03-26,Tomato,Madanapalle,2172.63,2765.17,2468.9,1923.0
2025-03-27,Tomato,Madanapalle,2252.57,2866.91,2559.74,3464.7
2025-03-28,Tomato,Madanapalle,2206.64,2808.46,2507.55,536.4
2025-03-29,Tomato,Madanapalle,2018.08,2568.46,2293.27,2707.0
2025-03-30,Tomato,Madanapalle,2149.12,2735.24,2442.18,1980.0
2025-03-31,Tomato,Madanapalle,2014.94,2564.48,2289.71,562.4
2025-04-01,Tomato,Madanapalle,2099.12,2671.6,2385.36,946.3
2025-04-02,Tomato,Madanapalle,2185.21,2781.17,2483.19,1803.6
2025-04-03,Tomato,Madanapalle,1965.7,2501.8,2233.75,443.2
2025-04-04,Tomato,Madanapalle,1992.46,2535.86,2264.16,1293.3
2025-04-05,Tomato,Madanapalle,2029.03,2582.41,2305.72,2119.4
2025-04-06,Tomato,Madanapalle,2248.33,2861.51,2554.92,3424.5
2025-04-07,Tomato,Madanapalle,2118.89,2696.77,2407.83,2348.3
2025-04-08,Tomato,Madanapalle,2206.7,2808.52,2507.61,2304.5
2025-04-09,Tomato,Madanapalle,2084.83,2653.41,2369.12,2904.9
2025-04-10,Tomato,Madanapalle,2046.66,2604.84,2325.75,1578.2
2025-04-11,Tomato,Madanapalle,1968.38,2505.2,2236.79,903.7
2025-04-12,Tomato,Madanapalle,2206.86,2808.74,2507.8,1682.7
2025-04-13,Tomato,Madanapalle,2295.06,2920.98,2608.02,2256.7
2025-04-14,Tomato,Madanapalle,2117.09,2694.47,2405.78,1749.8
2025-04-15,Tomato,Madanapalle,2135.57,2717.99,2426.78,681.4
2025-04-16,Tomato,Madanapalle,2334.37,2971.01,2652.69,1946.6
2025-04-17,Tomato,Madanapalle,2361.66,3005.76,2683.71,2842.7
2025-04-18,Tomato,Madanapalle,2027.85,2580.91,2304.38,2616.4
2025-04-19,Tomato,Madanapalle,2014.71,2564.17,2289.44,833.2
2025-04-20,Tomato,Madanapalle,1979.4,2519.24,2249.32,3358.7
2025-04-21,Tomato,Madanapalle,1868.94,2378.66,2123.8,1627.3
2025-04-22,Tomato,Madanapalle,1781.56,2267.44,2024.5,2723.0
2025-04-23,Tomato,Madanapalle,1990.81,2533.75,2262.28,883.8
2025-04-24,Tomato,Madanapalle,1960.19,2494.79,2227.49,1901.0
2025-04-25,Tomato,Madanapalle,1899.72,2417.82,2158.77,2570.1
2025-04-26,Tomato,Madanapalle,1816.85,2312.35,2064.6,1193.1
2025-04-27,Tomato,Madanapalle,1681.88,2140.58,1911.23,1673.0
2025-04-28,Tomato,Madanapalle,1635.97,2082.15,1859.06,2761.7
2025-04-29,Tomato,Madanapalle,1465.9,1865.68,1665.79,1765.7
2025-04-30,Tomato,Madanapalle,1552.73,1976.21,1764.47,3430.6
2025-05-01,Tomato,Madanapalle,1549.29,1971.83,1760.56,2570.1
2025-05-02,Tomato,Madanapalle,1602.67,2039.77,1821.22,1435.7
2025-05-03,Tomato,Madanapalle,1651.57,2101.99,1876.78,1432.1
2025-05-04,Tomato,Madanapalle,1722.05,2191.71,1956.88,619.1
2025-05-05,Tomato,Madanapalle,1826.84,2325.06,2075.95,3139.4
2025-05-06,Tomato,Madanapalle,2022.81,2574.49,2298.65,3383.7
2025-05-07,Tomato,Madanapalle,2040.97,2597.59,2319.28,2423.8
2025-05-08,Tomato,Madanapalle,1997.55,2542.33,2269.94,734.6
2025-05-09,Tomato,Madanapalle,1880.46,2393.32,2136.89,1348.9
2025-05-10,Tomato,Madanapalle,1705.06,2170.08,1937.57,809.6
2025-05-11,Tomato,Madanapalle,1779.91,2265.33,2022.62,1485.5
2025-05-12,Tomato,Madanapalle,1837.37,2338.47,2087.92,2334.0
2025-05-13,Tomato,Madanapalle,1711.05,2177.69,1944.37,1926.6
2025-05-14,Tomato,Madanapalle,1693.08,2154.84,1923.96,1227.3
2025-05-15,Tomato,Madanapalle,1673.04,2129.32,1901.18,848.7
2025-05-16,Tomato,Madanapalle,1535.57,1954.37,1744.97,1688.1
2025-05-17,Tomato,Madanapalle,1459.44,1857.46,1658.45,2239.6
2025-05-18,Tomato,Madanapalle,1557.93,1982.83,1770.38,835.0
2025-05-19,Tomato,Madanapalle,1635.85,2081.99,1858.92,2365.5
2025-05-20,Tomato,Madanapalle,1530.58,1948.02,1739.3,2949.2
2025-05-21,Tomato,Madanapalle,1359.72,1730.56,1545.14,1636.0
2025-05-22,Tomato,Madanapalle,1445.55,1839.79,1642.67,2406.0
2025-05-23,Tomato,Madanapalle,1308.08,1664.84,1486.46,3200.9
2025-05-24,Tomato,Madanapalle,1238.93,1576.81,1407.87,1044.2
2025-05-25,Tomato,Madanapalle,1333.74,1697.48,1515.61,821.4
2025-05-26,Tomato,Madanapalle,1424.76,1813.32,1619.04,3075.1
2025-05-27,Tomato,Madanapalle,1424.55,1813.07,1618.81,2569.8
2025-05-28,Tomato,Madanapalle,1399.73,1781.47,1590.6,3082.6
2025-05-29,Tomato,Madanapalle,1398.8,1780.28,1589.54,2433.6
2025-05-30,Tomato,Madanapalle,1395.7,1776.34,1586.02,849.1
2025-05-31,Tomato,Madanapalle,1456.96,1854.32,1655.64,2849.5
2025-06-01,Tomato,Madanapalle,1555.78,1980.08,1767.93,2497.4
2025-06-02,Tomato,Madanapalle,1606.19,2044.25,1825.22,878.8
2025-06-03,Tomato,Madanapalle,1491.25,1897.95,1694.6,590.3
2025-06-04,Tomato,Madanapalle,1510.01,1921.83,1715.92,2716.9
2025-06-05,Tomato,Madanapalle,1530.21,1947.55,1738.88,1676.0
2025-06-06,Tomato,Madanapalle,1611.17,2050.59,1830.88,546.7
2025-06-07,Tomato,Madanapalle,1377.58,1753.28,1565.43,3091.5
2025-06-08,Tomato,Madanapalle,1390.13,1769.25,1579.69,427.9
2025-06-09,Tomato,Madanapalle,1512.48,1924.98,1718.73,2457.1
2025-06-10,Tomato,Madanapalle,1514.95,1928.11,1721.53,427.9
2025-06-11,Tomato,Madanapalle,1614.09,2054.29,1834.19,1445.7
2025-06-12,Tomato,Madanapalle,1648.12,2097.6,1872.86,1105.3
2025-06-13,Tomato,Madanapalle,1613.23,2053.21,1833.22,1663.4
2025-06-14,Tomato,Madanapalle,1740.1,2214.68,1977.39,690.9
2025-06-15,Tomato,Madanapalle,1872.96,2383.76,2128.36,2465.1
2025-06-16,Tomato,Madanapalle,1933.06,2460.26,2196.66,667.9
2025-06-17,Tomato,Madanapalle,1988.85,2531.27,2260.06,2519.9
2025-06-18,Tomato,Madanapalle,1849.64,2354.08,2101.86,712.5
2025-06-19,Tomato,Madanapalle,1738.62,2212.78,1975.7,2505.9
2025-06-20,Tomato,Madanapalle,1577.25,2007.41,1792.33,753.5
2025-06-21,Tomato,Madanapalle,1485.18,1890.22,1687.7,3053.5
2025-06-22,Tomato,Madanapalle,1509.88,1921.66,1715.77,3317.1
2025-06-23,Tomato,Madanapalle,1403.22,1785.92,1594.57,1552.3
2025-06-24,Tomato,Madanapalle,1367.92,1740.98,1554.45,3459.3
2025-06-25,Tomato,Madanapalle,1390.88,1770.22,1580.55,1104.4
2025-06-26,Tomato,Madanapalle,1378.95,1755.03,1566.99,457.1
2025-06-27,Tomato,Madanapalle,1467.33,1867.51,1667.42,1399.6
2025-06-28,Tomato,Madanapalle,1545.98,1967.6,1756.79,3005.1
2025-06-29,Tomato,Madanapalle,1639.19,2086.25,1862.72,2424.0
2025-06-30,Tomato,Madanapalle,1477.98,1881.06,1679.52,2971.3
2025-07-01,Tomato,Madanapalle,1683.13,2142.17,1912.65,1052.6
2025-07-02,Tomato,Madanapalle,1625.12,2068.34,1846.73,2158.3
2025-07-03,Tomato,Madanapalle,1758.43,2238.01,1998.22,1865.8
2025-07-04,Tomato,Madanapalle,1758.28,2237.82,1998.05,2184.0
2025-07-05,Tomato,Madanapalle,1731.25,2203.41,1967.33,2410.9
2025-07-06,Tomato,Madanapalle,1612.52,2052.3,1832.41,3331.8
2025-07-07,Tomato,Madanapalle,1451.73,1847.65,1649.69,2345.5
2025-07-08,Tomato,Madanapalle,1348.18,1715.86,1532.02,2366.0
2025-07-09,Tomato,Madanapalle,1290.77,1642.79,1466.78,1636.3
2025-07-10,Tomato,Madanapalle,1319.27,1679.07,1499.17,2336.6
2025-07-11,Tomato,Madanapalle,1221.62,1554.78,1388.2,2156.7
2025-07-12,Tomato,Madanapalle,1244.14,1583.44,1413.79,783.5
2025-07-13,Tomato,Madanapalle,1348.07,1715.73,1531.9,486.7
2025-07-14,Tomato,Madanapalle,1535.56,1954.34,1744.95,3400.6
2025-07-15,Tomato,Madanapalle,1488.84,1894.88,1691.86,761.1
2025-07-16,Tomato,Madanapalle,1420.14,1807.46,1613.8,798.3
2025-07-17,Tomato,Madanapalle,1552.57,1975.99,1764.28,1704.5
2025-07-18,Tomato,Madanapalle,1743.8,2219.38,1981.59,3365.0
2025-07-19,Tomato,Madanapalle,1822.95,2320.11,2071.53,2340.3
2025-07-20,Tomato,Madanapalle,1872.77,2383.53,2128.15,3286.9
2025-07-21,Tomato,Madanapalle,1938.08,2466.64,2202.36,2611.7
2025-07-22,Tomato,Madanapalle,1899.91,2418.07,2158.99,1104.7
2025-07-23,Tomato,Madanapalle,1787.01,2274.37,2030.69,3301.4
2025-07-24,Tomato,Madanapalle,1769.2,2251.72,2010.46,2789.9
2025-07-25,Tomato,Madanapalle,1722.82,2192.68,1957.75,2424.3
2025-07-26,Tomato,Madanapalle,1711.12,2177.78,1944.45,2295.5
2025-07-27,Tomato,Madanapalle,1799.76,2290.6,2045.18,2148.2
2025-07-28,Tomato,Madanapalle,1826.61,2324.77,2075.69,1317.0
2025-07-29,Tomato,Madanapalle,1767.74,2249.86,2008.8,1883.2
2025-07-30,Tomato,Madanapalle,1865.13,2373.81,2119.47,1084.3
2025-07-31,Tomato,Madanapalle,1942.27,2471.97,2207.12,1441.8
2025-08-01,Tomato,Madanapalle,1917.19,2440.05,2178.62,1914.9
2025-08-02,Tomato,Madanapalle,1808.87,2302.19,2055.53,1662.3
2025-08-03,Tomato,Madanapalle,1577.98,2008.34,1793.16,1907.3
2025-08-04,Tomato,Madanapalle,1619.46,2061.12,1840.29,793.0
2025-08-05,Tomato,Madanapalle,1707.11,2172.69,1939.9,578.7
2025-08-06,Tomato,Madanapalle,1532.09,1949.93,1741.01,2592.3
2025-08-07,Tomato,Madanapalle,1585.35,2017.71,1801.53,2886.4
2025-08-08,Tomato,Madanapalle,1667.28,2122.0,1894.64,2018.4
2025-08-09,Tomato,Madanapalle,1570.47,1998.77,1784.62,2255.7
2025-08-10,Tomato,Madanapalle,1556.31,1980.75,1768.53,2365.1
2025-08-11,Tomato,Madanapalle,1741.17,2216.03,1978.6,1736.2
2025-08-12,Tomato,Madanapalle,1728.28,2199.62,1963.95,781.6
2025-08-13,Tomato,Madanapalle,1829.76,2328.78,2079.27,976.5
2025-08-14,Tomato,Madanapalle,1715.4,2183.24,1949.32,1765.2
2025-08-15,Tomato,Madanapalle,1702.39,2166.67,1934.53,2737.9
2025-08-16,Tomato,Madanapalle,1650.51,2100.65,1875.58,863.8
2025-08-17,Tomato,Madanapalle,1641.12,2088.7,1864.91,1813.4
2025-08-18,Tomato,Madanapalle,1665.04,2119.14,1892.09,3428.6
2025-08-19,Tomato,Madanapalle,1710.31,2176.75,1943.53,1633.1
2025-08-20,Tomato,Madanapalle,1578.46,2008.96,1793.71,2346.2
2025-08-21,Tomato,Madanapalle,1490.73,1897.29,1694.01,1712.8
2025-08-22,Tomato,Madanapalle,1572.73,2001.65,1787.19,2573.3
2025-08-23,Tomato,Madanapalle,1613.2,2053.16,1833.18,935.2
2025-08-24,Tomato,Madanapalle,1447.68,1842.5,1645.09,3199.6
2025-08-25,Tomato,Madanapalle,1375.4,1750.52,1562.96,481.5
2025-08-26,Tomato,Madanapalle,1398.72,1780.2,1589.46,2384.8
2025-08-27,Tomato,Madanapalle,1460.01,1858.19,1659.1,1240.0
2025-08-28,Tomato,Madanapalle,1561.49,1987.35,1774.42,1952.6
2025-08-29,Tomato,Madanapalle,1481.74,1885.86,1683.8,2188.6
2025-08-30,Tomato,Madanapalle,1505.78,1916.44,1711.11,574.6
2025-08-31,Tomato,Madanapalle,1638.97,2085.97,1862.47,2461.2
2025-09-01,Tomato,Madanapalle,1643.66,2091.92,1867.79,597.0
2025-09-02,Tomato,Madanapalle,1452.5,1848.64,1650.57,1177.2
2025-09-03,Tomato,Madanapalle,1457.71,1855.27,1656.49,3303.4
2025-09-04,Tomato,Madanapalle,1614.33,2054.61,1834.47,2990.0
2025-09-05,Tomato,Madanapalle,1643.19,2091.33,1867.26,1973.2
2025-09-06,Tomato,Madanapalle,1718.16,2186.74,1952.45,2204.3
2025-09-07,Tomato,Madanapalle,1723.09,2193.03,1958.06,1946.6
2025-09-08,Tomato,Madanapalle,1823.14,2320.36,2071.75,1996.6
2025-09-09,Tomato,Madanapalle,1767.75,2249.87,2008.81,3324.5
2025-09-10,Tomato,Madanapalle,1564.31,1990.93,1777.62,3229.8
2025-09-11,Tomato,Madanapalle,1565.27,1992.17,1778.72,1868.8
2025-09-12,Tomato,Madanapalle,1433.85,1824.91,1629.38,1430.1
2025-09-13,Tomato,Madanapalle,1564.38,1991.02,1777.7,3117.4
2025-09-14,Tomato,Madanapalle,1398.71,1780.17,1589.44,2217.9
2025-09-15,Tomato,Madanapalle,1468.13,1868.53,1668.33,2182.3
2025-09-16,Tomato,Madanapalle,1519.46,1933.86,1726.66,2701.2
2025-09-17,Tomato,Madanapalle,1740.75,2215.49,1978.12,1577.6
2025-09-18,Tomato,Madanapalle,1709.88,2176.22,1943.05,1889.4
2025-09-19,Tomato,Madanapalle,1662.64,2116.08,1889.36,1211.9
2025-09-20,Tomato,Madanapalle,1664.24,2118.12,1891.18,1742.1
2025-09-21,Tomato,Madanapalle,1608.47,2047.15,1827.81,892.2
2025-09-22,Tomato,Madanapalle,1428.36,1817.92,1623.14,1255.5
2025-09-23,Tomato,Madanapalle,1496.23,1904.29,1700.26,2360.3
2025-09-24,Tomato,Madanapalle,1658.88,2111.3,1885.09,743.8
2025-09-25,Tomato,Madanapalle,1652.24,2102.86,1877.55,1773.0
2025-09-26,Tomato,Madanapalle,1623.27,2065.97,1844.62,1293.9
2025-09-27,Tomato,Madanapalle,1599.8,2036.1,1817.95,1183.2
2025-09-28,Tomato,Madanapalle,1654.96,2106.32,1880.64,1813.8
2025-09-29,Tomato,Madanapalle,1512.32,1924.78,1718.55,882.4
2025-09-30,Tomato,Madanapalle,1513.85,1926.71,1720.28,2143.4
2025-10-01,Tomato,Madanapalle,1466.12,1865.98,1666.05,1522.9
2025-10-02,Tomato,Madanapalle,1494.57,1902.17,1698.37,1017.3
2025-10-03,Tomato,Madanapalle,1677.46,2134.94,1906.2,803.9
2025-10-04,Tomato,Madanapalle,1671.6,2127.48,1899.54,1211.6
2025-10-05,Tomato,Madanapalle,1827.22,2325.56,2076.39,642.4
2025-10-06,Tomato,Madanapalle,1832.0,2331.64,2081.82,2560.0
2025-10-07,Tomato,Madanapalle,1641.53,2089.21,1865.37,1169.4
2025-10-08,Tomato,Madanapalle,1506.89,1917.87,1712.38,1825.0
2025-10-09,Tomato,Madanapalle,1484.14,1888.9,1686.52,2154.8
2025-10-10,Tomato,Madanapalle,1476.74,1879.48,1678.11,2128.3
2025-10-11,Tomato,Madanapalle,1603.57,2040.91,1822.24,1771.2
2025-10-12,Tomato,Madanapalle,1708.33,2174.23,1941.28,3107.2
2025-10-13,Tomato,Madanapalle,1612.79,2052.65,1832.72,3365.9
2025-10-14,Tomato,Madanapalle,1617.21,2058.27,1837.74,3469.1
2025-10-15,Tomato,Madanapalle,1565.21,1992.09,1778.65,1297.9
2025-10-16,Tomato,Madanapalle,1646.52,2095.58,1871.05,830.1
2025-10-17,Tomato,Madanapalle,1628.55,2072.69,1850.62,2439.0
2025-10-18,Tomato,Madanapalle,1727.46,2198.58,1963.02,2084.6
2025-10-19,Tomato,Madanapalle,1740.1,2214.68,1977.39,1919.6
2025-10-20,Tomato,Madanapalle,1728.35,2199.71,1964.03,681.3
2025-10-21,Tomato,Madanapalle,1791.71,2280.35,2036.03,1693.9
2025-10-22,Tomato,Madanapalle,1611.36,2050.82,1831.09,1402.9
2025-10-23,Tomato,Madanapalle,1591.65,2025.73,1808.69,864.6
2025-10-24,Tomato,Madanapalle,1687.45,2147.67,1917.56,2095.2
2025-10-25,Tomato,Madanapalle,1817.31,2312.95,2065.13,1243.3
2025-10-26,Tomato,Madanapalle,1788.71,2276.55,2032.63,1392.4
2025-10-27,Tomato,Madanapalle,1725.7,2196.34,1961.02,1193.5
2025-10-28,Tomato,Madanapalle,1874.04,2385.14,2129.59,520.6
2025-10-29,Tomato,Madanapalle,1899.56,2417.62,2158.59,3387.5
2025-10-30,Tomato,Madanapalle,1765.12,2246.52,2005.82,1319.1
2025-10-31,Tomato,Madanapalle,1642.78,2090.82,1866.8,1415.7
2025-11-01,Tomato,Madanapalle,1610.5,2049.72,1830.11,539.5
2025-11-02,Tomato,Madanapalle,1703.94,2168.64,1936.29,2535.8
2025-11-03,Tomato,Madanapalle,1698.86,2162.18,1930.52,3346.5
2025-11-04,Tomato,Madanapalle,1784.55,2271.25,2027.9,1061.9
2025-11-05,Tomato,Madanapalle,1867.39,2376.67,2122.03,904.2
2025-11-06,Tomato,Madanapalle,1553.46,1977.14,1765.3,2531.9
2025-11-07,Tomato,Madanapalle,1649.27,2099.07,1874.17,3171.5
2025-11-08,Tomato,Madanapalle,1776.0,2260.36,2018.18,1233.5
2025-11-09,Tomato,Madanapalle,1748.41,2225.25,1986.83,1984.4
2025-11-10,Tomato,Madanapalle,1859.97,2367.23,2113.6,877.1
2025-11-11,Tomato,Madanapalle,1744.65,2220.47,1982.56,1252.1
2025-11-12,Tomato,Madanapalle,1802.06,2293.54,2047.8,1770.9
2025-11-13,Tomato,Madanapalle,1760.78,2241.0,2000.89,1615.8
2025-11-14,Tomato,Madanapalle,1745.11,2221.05,1983.08,1746.4
2025-11-15,Tomato,Madanapalle,1716.65,2184.83,1950.74,2028.2
2025-11-16,Tomato,Madanapalle,1759.92,2239.9,1999.91,2701.6
2025-11-17,Tomato,Madanapalle,1773.55,2257.25,2015.4,1898.9
2025-11-18,Tomato,Madanapalle,1873.89,2384.95,2129.42,2479.6
2025-11-19,Tomato,Madanapalle,1774.75,2258.77,2016.76,2223.0
2025-11-20,Tomato,Madanapalle,1758.18,2237.68,1997.93,418.2
2025-11-21,Tomato,Madanapalle,1837.26,2338.32,2087.79,1444.8
2025-11-22,Tomato,Madanapalle,1936.7,2464.9,2200.8,3360.3
2025-11-23,Tomato,Madanapalle,1989.06,2531.52,2260.29,2821.6
2025-11-24,Tomato,Madanapalle,2020.24,2571.22,2295.73,2960.4
2025-11-25,Tomato,Madanapalle,1948.84,2480.34,2214.59,767.9
2025-11-26,Tomato,Madanapalle,1961.21,2496.09,2228.65,1743.7
2025-11-27,Tomato,Madanapalle,2039.29,2595.47,2317.38,2629.2
2025-11-28,Tomato,Madanapalle,2107.85,2682.71,2395.28,1639.0
2025-11-29,Tomato,Madanapalle,2098.13,2670.35,2384.24,1231.9
2025-11-30,Tomato,Madanapalle,2298.0,2924.72,2611.36,1707.2
2025-12-01,Tomato,Madanapalle,2260.14,2876.54,2568.34,2628.8
2025-12-02,Tomato,Madanapalle,2316.36,2948.1,2632.23,620.1
2025-12-03,Tomato,Madanapalle,2412.49,3070.45,2741.47,2409.2
2025-12-04,Tomato,Madanapalle,2316.18,2947.86,2632.02,789.0
2025-12-05,Tomato,Madanapalle,2433.46,3097.12,2765.29,2576.8
2025-12-06,Tomato,Madanapalle,2389.41,3041.07,2715.24,2877.1
2025-12-07,Tomato,Madanapalle,2408.44,3065.28,2736.86,2495.0
2025-12-08,Tomato,Madanapalle,2282.69,2905.25,2593.97,899.1
2025-12-09,Tomato,Madanapalle,2445.56,3112.54,2779.05,1971.4
2025-12-10,Tomato,Madanapalle,2812.21,3579.17,3195.69,1278.4
2025-12-11,Tomato,Madanapalle,2931.03,3730.41,3330.72,1432.7
2025-12-12,Tomato,Madanapalle,3235.43,4117.81,3676.62,2965.9
2025-12-13,Tomato,Madanapalle,3084.97,3926.33,3505.65,1253.3
2025-12-14,Tomato,Madanapalle,3145.37,4003.19,3574.28,1918.8
2025-12-15,Tomato,Madanapalle,3063.95,3899.57,3481.76,3274.3
2025-12-16,Tomato,Madanapalle,2924.58,3722.2,3323.39,808.4
2025-12-17,Tomato,Madanapalle,2963.0,3771.08,3367.04,2783.2
2025-12-18,Tomato,Madanapalle,3011.7,3833.08,3422.39,1093.1
2025-12-19,Tomato,Madanapalle,2881.58,3667.46,3274.52,2148.1
2025-12-20,Tomato,Madanapalle,2878.44,3663.48,3270.96,645.7
2025-12-21,Tomato,Madanapalle,2865.47,3646.97,3256.22,1388.4
2025-12-22,Tomato,Madanapalle,3333.79,4243.01,3788.4,1691.1
2025-12-23,Tomato,Madanapalle,3573.32,4547.86,4060.59,2941.3
2025-12-24,Tomato,Madanapalle,3332.97,4241.97,3787.47,3295.9
2025-12-25,Tomato,Madanapalle,3698.89,4707.67,4203.28,1260.0
2025-12-26,Tomato,Madanapalle,3715.03,4728.23,4221.63,1850.9
2025-12-27,Tomato,Madanapalle,3201.15,4074.19,3637.67,1728.9
2025-12-28,Tomato,Madanapalle,3102.32,3948.4,3525.36,3371.6
2025-12-29,Tomato,Madanapalle,2962.76,3770.78,3366.77,3049.5
2025-12-30,Tomato,Madanapalle,2918.73,3714.75,3316.74,2681.0
2025-12-31,Tomato,Madanapalle,2758.74,3511.12,3134.93,1311.1
2026-01-01,Tomato,Madanapalle,2565.93,3265.73,2915.83,2950.0
2026-01-02,Tomato,Madanapalle,2367.78,3013.54,2690.66,556.6
2026-01-03,Tomato,Madanapalle,2430.15,3092.91,2761.53,3238.1
2026-01-04,Tomato,Madanapalle,2359.24,3002.68,2680.96,1181.2
2026-01-05,Tomato,Madanapalle,2159.23,2748.11,2453.67,2208.0
2026-01-06,Tomato,Madanapalle,2303.12,2931.24,2617.18,3152.7
2026-01-07,Tomato,Madanapalle,2434.63,3098.61,2766.62,1424.3
2026-01-08,Tomato,Madanapalle,2421.69,3082.15,2751.92,1125.8
2026-01-09,Tomato,Madanapalle,2296.44,2922.74,2609.59,1931.4
2026-01-10,Tomato,Madanapalle,2417.47,3076.77,2747.12,2898.0
2026-01-11,Tomato,Madanapalle,2108.66,2683.74,2396.2,3268.1
2026-01-12,Tomato,Madanapalle,2029.08,2582.46,2305.77,2213.8
2026-01-13,Tomato,Madanapalle,2312.5,2943.18,2627.84,662.0
2026-01-14,Tomato,Madanapalle,2356.05,2998.61,2677.33,3469.1
2026-01-15,Tomato,Madanapalle,2323.58,2957.28,2640.43,3120.3
2026-01-16,Tomato,Madanapalle,2282.81,2905.39,2594.1,3439.5
2026-01-17,Tomato,Madanapalle,2335.35,2972.27,2653.81,855.8
2026-01-18,Tomato,Madanapalle,2032.34,2586.62,2309.48,1470.7
2026-01-19,Tomato,Madanapalle,2183.76,2779.32,2481.54,1525.9
2026-01-20,Tomato,Madanapalle,2063.09,2625.75,2344.42,1009.7
2026-01-21,Tomato,Madanapalle,2097.46,2669.5,2383.48,3182.6
2026-01-22,Tomato,Madanapalle,2091.37,2661.75,2376.56,979.1
2026-01-23,Tomato,Madanapalle,1976.68,2515.78,2246.23,3071.7
2026-01-24,Tomato,Madanapalle,2037.91,2593.71,2315.81,2546.7
2026-01-25,Tomato,Madanapalle,2024.26,2576.32,2300.29,1633.7
2026-01-26,Tomato,Madanapalle,2058.17,2619.49,2338.83,1968.5
2026-01-27,Tomato,Madanapalle,1979.58,2519.46,2249.52,1638.6
2026-01-28,Tomato,Madanapalle,1970.64,2508.08,2239.36,883.0
2026-01-29,Tomato,Madanapalle,1869.42,2379.26,2124.34,1966.1
2026-01-30,Tomato,Madanapalle,1809.76,2303.34,2056.55,2558.4
2026-01-31,Tomato,Madanapalle,1875.31,2386.75,2131.03,758.0
2026-02-01,Tomato,Madanapalle,1854.66,2360.48,2107.57,2781.2
2026-02-02,Tomato,Madanapalle,1923.75,2448.41,2186.08,692.9
2026-02-03,Tomato,Madanapalle,1873.48,2384.44,2128.96,2025.9
2026-02-04,Tomato,Madanapalle,1638.55,2085.43,1861.99,2333.4
2026-02-05,Tomato,Madanapalle,1561.6,1987.48,1774.54,3355.3
2026-02-06,Tomato,Madanapalle,1706.49,2171.89,1939.19,1680.1
2026-02-07,Tomato,Madanapalle,1564.68,1991.42,1778.05,3135.5
2026-02-08,Tomato,Madanapalle,1584.55,2016.71,1800.63,2196.9
2026-02-09,Tomato,Madanapalle,1671.78,2127.72,1899.75,2424.3
2026-02-10,Tomato,Madanapalle,1773.16,2256.74,2014.95,3402.2
2026-02-11,Tomato,Madanapalle,1657.72,2109.82,1883.77,3112.9
2026-02-12,Tomato,Madanapalle,1590.84,2024.7,1807.77,1284.5
2026-02-13,Tomato,Madanapalle,1692.4,2153.96,1923.18,2299.6
2026-02-14,Tomato,Madanapalle,1568.02,1995.66,1781.84,2881.1
2026-02-15,Tomato,Madanapalle,1565.74,1992.76,1779.25,899.1
2026-02-16,Tomato,Madanapalle,1646.63,2095.71,1871.17,1699.8
2026-02-17,Tomato,Madanapalle,1523.32,1938.78,1731.05,2487.7
2026-02-18,Tomato,Madanapalle,1554.56,1978.54,1766.55,1332.4
2026-02-19,Tomato,Madanapalle,1592.83,2027.23,1810.03,1286.3
2026-02-20,Tomato,Madanapalle,1739.79,2214.27,1977.03,3377.2
2026-02-21,Tomato,Madanapalle,1914.99,2437.25,2176.12,614.3
2026-02-22,Tomato,Madanapalle,1974.91,2513.53,2244.22,2159.6
2026-02-23,Tomato,Madanapalle,1972.23,2510.11,2241.17,2985.9
2026-02-24,Tomato,Madanapalle,1720.43,2189.63,1955.03,1660.0
2026-02-25,Tomato,Madanapalle,1786.16,2273.3,2029.73,2406.2
2026-02-26,Tomato,Madanapalle,1720.73,2190.01,1955.37,762.2
2026-02-27,Tomato,Madanapalle,1661.09,2114.11,1887.6,1197.2
2026-02-28,Tomato,Madanapalle,1779.94,2265.38,2022.66,2618.7
2026-03-01,Tomato,Madanapalle,1921.22,2445.2,2183.21,3068.0
2026-03-02,Tomato,Madanapalle,2027.49,2580.45,2303.97,2012.6
2026-03-03,Tomato,Madanapalle,2155.33,2743.15,2449.24,3034.3
2026-03-04,Tomato,Madanapalle,2239.63,2850.43,2545.03,3039.6
2026-03-05,Tomato,Madanapalle,2233.15,2842.19,2537.67,850.4
2026-03-06,Tomato,Madanapalle,2459.03,3129.67,2794.35,3240.3
2026-03-07,Tomato,Madanapalle,2405.87,3062.01,2733.94,2325.4
2026-03-08,Tomato,Madanapalle,2466.88,3139.66,2803.27,2065.5
2026-03-09,Tomato,Madanapalle,2438.13,3103.07,2770.6,2422.6
2026-03-10,Tomato,Madanapalle,2308.47,2938.05,2623.26,761.0
2026-03-11,Tomato,Madanapalle,2206.84,2808.7,2507.77,511.4
2026-03-12,Tomato,Madanapalle,2109.42,2684.72,2397.07,1183.5
2026-03-13,Tomato,Madanapalle,2275.09,2895.57,2585.33,1415.8
2026-03-14,Tomato,Madanapalle,2468.1,3141.22,2804.66,2899.9
2026-03-15,Tomato,Madanapalle,2468.21,3141.35,2804.78,2557.0
2026-03-16,Tomato,Madanapalle,2420.01,3080.01,2750.01,2164.0
2026-03-17,Tomato,Madanapalle,2450.4,3118.7,2784.55,2115.7
2026-03-18,Tomato,Madanapalle,2508.26,3192.32,2850.29,2182.8
2026-03-19,Tomato,Madanapalle,2339.54,2977.6,2658.57,2433.7
2026-03-20,Tomato,Madanapalle,2329.36,2964.64,2647.0,2698.3
2026-03-21,Tomato,Madanapalle,2123.02,2702.02,2412.52,3073.5
2026-03-22,Tomato,Madanapalle,2265.63,2883.53,2574.58,2862.0
2026-03-23,Tomato,Madanapalle,2385.28,3035.8,2710.54,2880.9
2026-03-24,Tomato,Madanapalle,2551.93,3247.91,2899.92,899.9
2026-03-25,Tomato,Madanapalle,2402.63,3057.89,2730.26,1794.9
2026-03-26,Tomato,Madanapalle,2486.66,3164.84,2825.75,2217.5
2026-03-27,Tomato,Madanapalle,2477.15,3152.73,2814.94,1787.1
2026-03-28,Tomato,Madanapalle,2277.79,2899.01,2588.4,3212.6
2026-03-29,Tomato,Madanapalle,2126.06,2705.9,2415.98,1999.3
2026-03-30,Tomato,Madanapalle,2168.79,2760.27,2464.53,2780.0
2026-03-31,Tomato,Madanapalle,2199.78,2799.72,2499.75,671.2
2026-04-01,Tomato,Madanapalle,2159.34,2748.26,2453.8,1185.1
2026-04-02,Tomato,Madanapalle,1930.91,2457.53,2194.22,1474.7
2026-04-03,Tomato,Madanapalle,1958.84,2493.06,2225.95,2613.1
2026-04-04,Tomato,Madanapalle,1815.9,2311.14,2063.52,3468.5
2026-04-05,Tomato,Madanapalle,1891.91,2407.89,2149.9,2080.0
2026-04-06,Tomato,Madanapalle,1925.39,2450.49,2187.94,1757.5
2026-04-07,Tomato,Madanapalle,1776.93,2261.55,2019.24,1615.6
2026-04-08,Tomato,Madanapalle,1861.37,2369.01,2115.19,1066.4
2026-04-09,Tomato,Madanapalle,1848.7,2352.88,2100.79,1442.9
2026-04-10,Tomato,Madanapalle,1789.81,2277.95,2033.88,489.1
2026-04-11,Tomato,Madanapalle,1882.7,2396.16,2139.43,2453.8
2026-04-12,Tomato,Madanapalle,2067.54,2631.42,2349.48,2428.5
2026-04-13,Tomato,Madanapalle,2221.96,2827.96,2524.96,2583.3
2026-04-14,Tomato,Madanapalle,2090.78,2661.0,2375.89,2898.4
2026-04-15,Tomato,Madanapalle,2039.03,2595.13,2317.08,1551.0
2026-04-16,Tomato,Madanapalle,2111.81,2687.75,2399.78,1275.5
2026-04-17,Tomato,Madanapalle,1754.34,2232.8,1993.57,3404.0
2026-04-18,Tomato,Madanapalle,1661.84,2115.06,1888.45,2133.4
2026-04-19,Tomato,Madanapalle,1759.15,2238.91,1999.03,2984.7
2026-04-20,Tomato,Madanapalle,1673.89,2130.41,1902.15,816.7
2026-04-21,Tomato,Madanapalle,1708.0,2173.82,1940.91,3341.9
2026-04-22,Tomato,Madanapalle,1666.02,2120.38,1893.2,690.1
2026-04-23,Tomato,Madanapalle,1796.33,2286.23,2041.28,2888.2
2026-04-24,Tomato,Madanapalle,1603.58,2040.92,1822.25,3476.6
2026-04-25,Tomato,Madanapalle,1634.34,2080.06,1857.2,2377.2
2026-04-26,Tomato,Madanapalle,1712.65,2179.73,1946.19,1339.3
2026-04-27,Tomato,Madanapalle,1699.51,2163.01,1931.26,1623.6
2026-04-28,Tomato,Madanapalle,1688.74,2149.3,1919.02,2351.1
2026-04-29,Tomato,Madanapalle,1673.58,2130.0,1901.79,609.8
2026-04-30,Tomato,Madanapalle,1547.53,1969.59,1758.56,1663.1
2026-05-01,Tomato,Madanapalle,1649.21,2098.99,1874.1,1057.7
2026-05-02,Tomato,Madanapalle,1654.15,2105.29,1879.72,2822.2
2026-05-03,Tomato,Madanapalle,1574.25,2003.59,1788.92,733.5
2026-05-04,Tomato,Madanapalle,1623.71,2066.55,1845.13,1430.7
2026-05-05,Tomato,Madanapalle,1585.21,2017.53,1801.37,907.4
2026-05-06,Tomato,Madanapalle,1642.92,2090.98,1866.95,547.9
2026-05-07,Tomato,Madanapalle,1690.17,2151.13,1920.65,3048.6
2026-05-08,Tomato,Madanapalle,1810.05,2303.71,2056.88,3325.4
2026-05-09,Tomato,Madanapalle,1737.06,2210.8,1973.93,1266.7
2026-05-10,Tomato,Madanapalle,1521.39,1936.31,1728.85,2583.1
2026-05-11,Tomato,Madanapalle,1495.71,1903.63,1699.67,2920.2
2026-05-12,Tomato,Madanapalle,1570.61,1998.95,1784.78,2818.7
2026-05-13,Tomato,Madanapalle,1727.64,2198.82,1963.23,1063.8
2026-05-14,Tomato,Madanapalle,1742.74,2218.04,1980.39,3461.0
2026-05-15,Tomato,Madanapalle,1771.43,2254.55,2012.99,3063.0
2026-05-16,Tomato,Madanapalle,1706.68,2172.14,1939.41,2740.6
2026-05-17,Tomato,Madanapalle,1799.05,2289.71,2044.38,3483.6
2026-05-18,Tomato,Madanapalle,1894.94,2411.74,2153.34,3224.5
2026-05-19,Tomato,Madanapalle,1843.2,2345.9,2094.55,1066.9
2026-05-20,Tomato,Madanapalle,1818.69,2314.69,2066.69,2931.8
2026-05-21,Tomato,Madanapalle,1804.69,2296.87,2050.78,2753.2
2026-05-22,Tomato,Madanapalle,1851.56,2356.54,2104.05,1424.0
2026-05-23,Tomato,Madanapalle,1934.46,2462.04,2198.25,2840.4
2026-05-24,Tomato,Madanapalle,2227.07,2834.45,2530.76,3326.6
2026-05-25,Tomato,Madanapalle,2394.81,3047.93,2721.37,2759.3
2026-05-26,Tomato,Madanapalle,2451.98,3120.7,2786.34,2397.8
2026-05-27,Tomato,Madanapalle,2260.76,2877.34,2569.05,2035.8
2026-05-28,Tomato,Madanapalle,1849.12,2353.42,2101.27,827.2
2026-05-29,Tomato,Madanapalle,2015.56,2565.26,2290.41,2248.3
2026-05-30,Tomato,Madanapalle,2127.51,2707.73,2417.62,411.6
2026-05-31,Tomato,Madanapalle,2006.56,2553.8,2280.18,1653.9
2026-06-01,Tomato,Madanapalle,1883.16,2396.76,2139.96,657.1
2026-06-02,Tomato,Madanapalle,1680.03,2138.21,1909.12,978.8
2026-06-03,Tomato,Madanapalle,1666.13,2120.53,1893.33,524.6
2026-06-04,Tomato,Madanapalle,1736.12,2209.6,1972.86,2588.5
2026-06-05,Tomato,Madanapalle,1696.35,2158.99,1927.67,1105.3
2026-06-06,Tomato,Madanapalle,1751.22,2228.82,1990.02,974.6
2026-06-07,Tomato,Madanapalle,1749.73,2226.93,1988.33,2582.6
2026-06-08,Tomato,Madanapalle,1689.68,2150.5,1920.09,3399.2
2026-06-09,Tomato,Madanapalle,1701.41,2165.43,1933.42,2262.0
2026-06-10,Tomato,Madanapalle,1603.85,2041.27,1822.56,2961.1
2026-06-11,Tomato,Madanapalle,1549.03,1971.49,1760.26,688.1
2026-06-12,Tomato,Madanapalle,1596.36,2031.74,1814.05,1225.4
2026-06-13,Tomato,Madanapalle,1514.59,1927.65,1721.12,913.9
2026-06-14,Tomato,Madanapalle,1436.37,1828.11,1632.24,2894.0
2026-06-15,Tomato,Madanapalle,1409.06,1793.36,1601.21,1108.3
2026-06-16,Tomato,Madanapalle,1540.2,1960.26,1750.23,3434.9
2026-06-17,Tomato,Madanapalle,1538.51,1958.11,1748.31,3228.2
2026-06-18,Tomato,Madanapalle,1543.01,1963.83,1753.42,985.1
2026-06-19,Tomato,Madanapalle,1573.92,2003.16,1788.54,3471.2
2026-06-20,Tomato,Madanapalle,1666.28,2120.72,1893.5,2564.2
2026-06-21,Tomato,Madanapalle,1580.94,2012.1,1796.52,2890.0
2026-06-22,Tomato,Madanapalle,1788.0,2275.64,2031.82,1115.8
2026-06-23,Tomato,Madanapalle,1661.84,2115.06,1888.45,849.5
2026-06-24,Tomato,Madanapalle,1839.44,2341.1,2090.27,1966.6
2026-06-25,Tomato,Madanapalle,1955.6,2488.94,2222.27,420.7
2026-06-26,Tomato,Madanapalle,1978.93,2518.63,2248.78,632.7
2026-06-27,Tomato,Madanapalle,2035.77,2590.97,2313.37,1727.2
2026-06-28,Tomato,Madanapalle,1925.97,2451.23,2188.6,2208.8
2026-06-29,Tomato,Madanapalle,1899.46,2417.5,2158.48,518.1
2026-06-30,Tomato,Madanapalle,1778.27,2263.25,2020.76,1520.6
2026-07-01,Tomato,Madanapalle,1827.17,2325.49,2076.33,422.7
2026-07-02,Tomato,Madanapalle,1743.36,2218.82,1981.09,843.2
2026-07-03,Tomato,Madanapalle,1782.7,2268.88,2025.79,1534.9
2026-07-04,Tomato,Madanapalle,1820.68,2317.24,2068.96,1641.9
2026-07-05,Tomato,Madanapalle,1787.44,2274.92,2031.18,799.5
2026-07-06,Tomato,Madanapalle,1776.98,2261.6,2019.29,1924.6
2026-07-07,Tomato,Madanapalle,1678.49,2136.27,1907.38,1953.5
2026-07-08,Tomato,Madanapalle,1718.66,2187.38,1953.02,3464.5
2026-07-09,Tomato,Madanapalle,1681.86,2140.56,1911.21,3420.5
2026-07-10,Tomato,Madanapalle,1788.39,2276.13,2032.26,540.2
2026-07-11,Tomato,Madanapalle,1794.21,2283.55,2038.88,563.0
2026-07-12,Tomato,Madanapalle,1727.39,2198.49,1962.94,888.7
2026-07-13,Tomato,Madanapalle,1783.59,2270.03,2026.81,420.5
2026-07-14,Tomato,Madanapalle,1650.99,2101.27,1876.13,2274.4
2026-07-15,Tomato,Madanapalle,1641.65,2089.37,1865.51,924.2
2026-07-16,Tomato,Madanapalle,1697.84,2160.88,1929.36,2665.8
2026-07-17,Tomato,Madanapalle,1623.88,2066.76,1845.32,2816.2
2026-07-18,Tomato,Madanapalle,1619.82,2061.6,1840.71,811.2
2026-07-19,Tomato,Madanapalle,1468.24,1868.68,1668.46,803.0
2026-07-20,Tomato,Madanapalle,1496.19,1904.25,1700.22,2372.0
2026-07-21,Tomato,Madanapalle,1634.03,2079.67,1856.85,529.8
2026-07-22,Tomato,Madanapalle,1585.8,2018.3,1802.05,657.4
2026-07-23,Tomato,Madanapalle,1578.48,2008.98,1793.73,2968.1
2026-07-24,Tomato,Madanapalle,1582.88,2014.58,1798.73,2700.8
2026-07-25,Tomato,Madanapalle,1555.7,1979.98,1767.84,3293.4
2026-07-26,Tomato,Madanapalle,1378.75,1754.77,1566.76,1838.4
2026-07-27,Tomato,Madanapalle,1235.48,1572.42,1403.95,1358.3
2026-07-28,Tomato,Madanapalle,1137.99,1448.35,1293.17,1848.4
2026-07-29,Tomato,Madanapalle,1133.06,1442.08,1287.57,476.9
2026-07-30,Tomato,Madanapalle,1152.31,1466.57,1309.44,1282.6
2026-07-31,Tomato,Madanapalle,1132.86,1441.82,1287.34,1379.8
2026-08-01,Tomato,Madanapalle,1247.57,1587.81,1417.69,1928.9
2026-08-02,Tomato,Madanapalle,1348.75,1716.59,1532.67,3074.6
2026-08-03,Tomato,Madanapalle,1306.53,1662.85,1484.69,2961.5
2026-08-04,Tomato,Madanapalle,1294.54,1647.6,1471.07,655.2
2026-08-05,Tomato,Madanapalle,1211.76,1542.24,1377.0,2168.8
2026-08-06,Tomato,Madanapalle,1285.22,1635.74,1460.48,440.9
2026-08-07,Tomato,Madanapalle,1163.81,1481.21,1322.51,3409.3
2026-08-08,Tomato,Madanapalle,1188.87,1513.11,1350.99,1327.5
2026-08-09,Tomato,Madanapalle,1259.67,1603.21,1431.44,2472.4
2026-08-10,Tomato,Madanapalle,1224.56,1558.52,1391.54,1822.2
2026-08-11,Tomato,Madanapalle,1310.39,1667.77,1489.08,3358.2
2026-08-12,Tomato,Madanapalle,1277.74,1626.22,1451.98,1273.3
2026-08-13,Tomato,Madanapalle,1217.52,1549.56,1383.54,458.5
2026-08-14,Tomato,Madanapalle,1230.91,1566.61,1398.76,1303.3
2026-08-15,Tomato,Madanapalle,1192.95,1518.31,1355.63,778.1
2026-08-16,Tomato,Madanapalle,1256.18,1598.78,1427.48,2893.7
2026-08-17,Tomato,Madanapalle,1364.48,1736.6,1550.54,1217.1
2026-08-18,Tomato,Madanapalle,1416.56,1802.9,1609.73,700.8
2026-08-19,Tomato,Madanapalle,1333.18,1696.78,1514.98,1437.0
2026-08-20,Tomato,Madanapalle,1308.32,1665.14,1486.73,2991.7
2026-08-21,Tomato,Madanapalle,1280.17,1629.31,1454.74,1171.2
2026-08-22,Tomato,Madanapalle,1251.64,1593.0,1422.32,2208.6
2026-08-23,Tomato,Madanapalle,1222.71,1556.17,1389.44,2630.9
2026-08-24,Tomato,Madanapalle,1255.95,1598.49,1427.22,1246.0
2023-01-01,Tomato,Azadpur (Delhi),2497.46,3178.58,2838.02,895.4
2023-01-02,Tomato,Azadpur (Delhi),2322.72,2956.2,2639.46,601.5
2023-01-03,Tomato,Azadpur (Delhi),2318.52,2950.84,2634.68,2616.2
2023-01-04,Tomato,Azadpur (Delhi),2242.19,2853.69,2547.94,1692.3
2023-01-05,Tomato,Azadpur (Delhi),2189.36,2786.46,2487.91,3015.0
2023-01-06,Tomato,Azadpur (Delhi),2228.69,2836.51,2532.6,1479.4
2023-01-07,Tomato,Azadpur (Delhi),2000.37,2545.93,2273.15,1047.1
2023-01-08,Tomato,Azadpur (Delhi),1973.82,2512.14,2242.98,1096.1
2023-01-09,Tomato,Azadpur (Delhi),1959.05,2493.33,2226.19,508.8
2023-01-10,Tomato,Azadpur (Delhi),1878.54,2390.86,2134.7,2359.7
2023-01-11,Tomato,Azadpur (Delhi),1878.72,2391.1,2134.91,1419.5
2023-01-12,Tomato,Azadpur (Delhi),1931.88,2458.76,2195.32,2675.1
2023-01-13,Tomato,Azadpur (Delhi),2094.96,2666.32,2380.64,2317.5
2023-01-14,Tomato,Azadpur (Delhi),2100.01,2672.75,2386.38,529.8
2023-01-15,Tomato,Azadpur (Delhi),2302.87,2930.93,2616.9,1242.6
2023-01-16,Tomato,Azadpur (Delhi),2394.98,3048.16,2721.57,2942.1
2023-01-17,Tomato,Azadpur (Delhi),2287.44,2911.28,2599.36,3065.2
2023-01-18,Tomato,Azadpur (Delhi),2285.56,2908.9,2597.23,2548.2
2023-01-19,Tomato,Azadpur (Delhi),2412.62,3070.6,2741.61,1783.9
2023-01-20,Tomato,Azadpur (Delhi),2439.6,3104.94,2772.27,1532.8
2023-01-21,Tomato,Azadpur (Delhi),2425.39,3086.87,2756.13,3029.4
2023-01-22,Tomato,Azadpur (Delhi),2370.13,3016.53,2693.33,2056.4
2023-01-23,Tomato,Azadpur (Delhi),2495.83,3176.51,2836.17,705.1
2023-01-24,Tomato,Azadpur (Delhi),2661.98,3387.98,3024.98,2231.6
2023-01-25,Tomato,Azadpur (Delhi),2608.14,3319.46,2963.8,2022.1
2023-01-26,Tomato,Azadpur (Delhi),2425.98,3087.6,2756.79,3453.6
2023-01-27,Tomato,Azadpur (Delhi),2243.45,2855.29,2549.37,2700.7
2023-01-28,Tomato,Azadpur (Delhi),2120.34,2698.62,2409.48,2147.1
2023-01-29,Tomato,Azadpur (Delhi),1840.34,2342.24,2091.29,2858.9
2023-01-30,Tomato,Azadpur (Delhi),1846.6,2350.22,2098.41,1241.1
2023-01-31,Tomato,Azadpur (Delhi),1848.62,2352.8,2100.71,2612.5
2023-02-01,Tomato,Azadpur (Delhi),1926.17,2451.49,2188.83,665.4
2023-02-02,Tomato,Azadpur (Delhi),2064.01,2626.93,2345.47,2966.8
2023-02-03,Tomato,Azadpur (Delhi),2134.54,2716.68,2425.61,3253.2
2023-02-04,Tomato,Azadpur (Delhi),2005.37,2552.29,2278.83,2703.1
2023-02-05,Tomato,Azadpur (Delhi),1958.4,2492.5,2225.45,2238.9
2023-02-06,Tomato,Azadpur (Delhi),2088.79,2658.47,2373.63,2026.4
2023-02-07,Tomato,Azadpur (Delhi),2068.88,2633.12,2351.0,3198.3
2023-02-08,Tomato,Azadpur (Delhi),2041.14,2597.82,2319.48,3496.3
2023-02-09,Tomato,Azadpur (Delhi),2020.39,2571.41,2295.9,1588.5
2023-02-10,Tomato,Azadpur (Delhi),2004.97,2551.79,2278.38,3362.8
2023-02-11,Tomato,Azadpur (Delhi),1984.22,2525.38,2254.8,1436.0
2023-02-12,Tomato,Azadpur (Delhi),2047.43,2605.83,2326.63,569.1
2023-02-13,Tomato,Azadpur (Delhi),2005.96,2553.04,2279.5,1805.0
2023-02-14,Tomato,Azadpur (Delhi),1928.02,2453.84,2190.93,2690.1
2023-02-15,Tomato,Azadpur (Delhi),1975.24,2513.94,2244.59,1049.9
2023-02-16,Tomato,Azadpur (Delhi),2167.75,2758.95,2463.35,2775.7
2023-02-17,Tomato,Azadpur (Delhi),2374.61,3022.23,2698.42,2269.4
2023-02-18,Tomato,Azadpur (Delhi),2074.41,2640.15,2357.28,2343.3
2023-02-19,Tomato,Azadpur (Delhi),2181.04,2775.88,2478.46,828.4
2023-02-20,Tomato,Azadpur (Delhi),1991.32,2534.4,2262.86,1377.4
2023-02-21,Tomato,Azadpur (Delhi),1967.95,2504.67,2236.31,1232.6
2023-02-22,Tomato,Azadpur (Delhi),2015.25,2564.87,2290.06,686.2
2023-02-23,Tomato,Azadpur (Delhi),2123.33,2702.43,2412.88,1299.4
2023-02-24,Tomato,Azadpur (Delhi),2070.97,2635.77,2353.37,2669.4
2023-02-25,Tomato,Azadpur (Delhi),1870.53,2380.67,2125.6,551.5
2023-02-26,Tomato,Azadpur (Delhi),1847.61,2351.51,2099.56,1086.4
2023-02-27,Tomato,Azadpur (Delhi),1876.46,2388.22,2132.34,830.9
2023-02-28,Tomato,Azadpur (Delhi),1785.47,2272.41,2028.94,488.7
2023-03-01,Tomato,Azadpur (Delhi),1895.65,2412.65,2154.15,2892.7
2023-03-02,Tomato,Azadpur (Delhi),1808.95,2302.31,2055.63,2392.8
2023-03-03,Tomato,Azadpur (Delhi),1729.84,2201.62,1965.73,899.1
2023-03-04,Tomato,Azadpur (Delhi),1661.21,2114.27,1887.74,2176.9
2023-03-05,Tomato,Azadpur (Delhi),1638.04,2084.78,1861.41,854.7
2023-03-06,Tomato,Azadpur (Delhi),1652.06,2102.62,1877.34,1976.9
2023-03-07,Tomato,Azadpur (Delhi),1627.67,2071.59,1849.63,2642.8
2023-03-08,Tomato,Azadpur (Delhi),1699.24,2162.66,1930.95,1500.6
2023-03-09,Tomato,Azadpur (Delhi),1745.38,2221.4,1983.39,1742.4
2023-03-10,Tomato,Azadpur (Delhi),1637.02,2083.48,1860.25,1749.1
2023-03-11,Tomato,Azadpur (Delhi),1741.43,2216.37,1978.9,3265.3
2023-03-12,Tomato,Azadpur (Delhi),1655.68,2107.22,1881.45,3270.4
2023-03-13,Tomato,Azadpur (Delhi),1651.36,2101.72,1876.54,2445.5
2023-03-14,Tomato,Azadpur (Delhi),1695.41,2157.79,1926.6,1586.3
2023-03-15,Tomato,Azadpur (Delhi),1750.65,2228.11,1989.38,3033.6
2023-03-16,Tomato,Azadpur (Delhi),1840.65,2342.65,2091.65,487.0
2023-03-17,Tomato,Azadpur (Delhi),1885.29,2399.45,2142.37,1094.2
2023-03-18,Tomato,Azadpur (Delhi),1808.73,2302.03,2055.38,818.2
2023-03-19,Tomato,Azadpur (Delhi),1874.73,2386.03,2130.38,1179.0
2023-03-20,Tomato,Azadpur (Delhi),2003.32,2549.68,2276.5,3155.0
2023-03-21,Tomato,Azadpur (Delhi),2059.7,2621.44,2340.57,661.3
2023-03-22,Tomato,Azadpur (Delhi),2087.34,2656.62,2371.98,2951.3
2023-03-23,Tomato,Azadpur (Delhi),1970.95,2508.49,2239.72,2509.8
2023-03-24,Tomato,Azadpur (Delhi),2113.74,2690.22,2401.98,2441.5
2023-03-25,Tomato,Azadpur (Delhi),2250.78,2864.64,2557.71,3125.8
2023-03-26,Tomato,Azadpur (Delhi),2334.31,2970.93,2652.62,506.1
2023-03-27,Tomato,Azadpur (Delhi),2352.06,2993.52,2672.79,1653.4
2023-03-28,Tomato,Azadpur (Delhi),2428.42,3090.72,2759.57,3189.0
2023-03-29,Tomato,Azadpur (Delhi),2472.03,3146.21,2809.12,3373.8
2023-03-30,Tomato,Azadpur (Delhi),2520.36,3207.74,2864.05,2958.4
2023-03-31,Tomato,Azadpur (Delhi),2344.54,2983.96,2664.25,2192.9
2023-04-01,Tomato,Azadpur (Delhi),2419.18,3078.96,2749.07,2244.2
2023-04-02,Tomato,Azadpur (Delhi),2396.26,3049.78,2723.02,3060.3
2023-04-03,Tomato,Azadpur (Delhi),2364.17,3008.95,2686.56,2835.3
2023-04-04,Tomato,Azadpur (Delhi),2235.38,2845.04,2540.21,1393.9
2023-04-05,Tomato,Azadpur (Delhi),2230.74,2839.12,2534.93,2876.4
2023-04-06,Tomato,Azadpur (Delhi),2301.92,2929.72,2615.82,2068.2
2023-04-07,Tomato,Azadpur (Delhi),2272.47,2892.23,2582.35,3364.6
2023-04-08,Tomato,Azadpur (Delhi),2179.62,2774.06,2476.84,1913.0
2023-04-09,Tomato,Azadpur (Delhi),2141.88,2726.02,2433.95,3260.7
2023-04-10,Tomato,Azadpur (Delhi),2224.65,2831.37,2528.01,1238.5
2023-04-11,Tomato,Azadpur (Delhi),2510.73,3195.47,2853.1,1449.3
2023-04-12,Tomato,Azadpur (Delhi),2454.1,3123.4,2788.75,2316.8
2023-04-13,Tomato,Azadpur (Delhi),2190.0,2787.28,2488.64,2402.6
2023-04-14,Tomato,Azadpur (Delhi),2352.2,2993.72,2672.96,3357.7
2023-04-15,Tomato,Azadpur (Delhi),2246.75,2859.51,2553.13,3067.1
2023-04-16,Tomato,Azadpur (Delhi),2103.18,2676.78,2389.98,1991.5
2023-04-17,Tomato,Azadpur (Delhi),2132.13,2713.61,2422.87,2268.3
2023-04-18,Tomato,Azadpur (Delhi),2218.39,2823.41,2520.9,2258.1
2023-04-19,Tomato,Azadpur (Delhi),2172.0,2764.36,2468.18,897.2
2023-04-20,Tomato,Azadpur (Delhi),2276.34,2897.16,2586.75,3276.4
2023-04-21,Tomato,Azadpur (Delhi),2361.59,3005.65,2683.62,1164.5
2023-04-22,Tomato,Azadpur (Delhi),2266.93,2885.19,2576.06,3478.1
2023-04-23,Tomato,Azadpur (Delhi),2173.01,2765.65,2469.33,1458.6
2023-04-24,Tomato,Azadpur (Delhi),2304.0,2932.36,2618.18,891.5
2023-04-25,Tomato,Azadpur (Delhi),2229.22,2837.2,2533.21,3056.7
2023-04-26,Tomato,Azadpur (Delhi),2112.02,2688.02,2400.02,858.7
2023-04-27,Tomato,Azadpur (Delhi),2151.92,2738.8,2445.36,1025.1
2023-04-28,Tomato,Azadpur (Delhi),2166.05,2756.79,2461.42,1257.2
2023-04-29,Tomato,Azadpur (Delhi),2106.54,2681.04,2393.79,2239.9
2023-04-30,Tomato,Azadpur (Delhi),2017.07,2567.17,2292.12,2128.0
2023-05-01,Tomato,Azadpur (Delhi),2048.64,2607.36,2328.0,895.4
2023-05-02,Tomato,Azadpur (Delhi),2158.7,2747.44,2453.07,2599.0
2023-05-03,Tomato,Azadpur (Delhi),2162.59,2752.39,2457.49,2039.6
2023-05-04,Tomato,Azadpur (Delhi),1950.91,2482.97,2216.94,1385.0
2023-05-05,Tomato,Azadpur (Delhi),1921.3,2445.3,2183.3,437.1
2023-05-06,Tomato,Azadpur (Delhi),1795.31,2284.95,2040.13,415.3
2023-05-07,Tomato,Azadpur (Delhi),1819.85,2316.17,2068.01,2840.8
2023-05-08,Tomato,Azadpur (Delhi),1671.52,2127.38,1899.45,2309.6
2023-05-09,Tomato,Azadpur (Delhi),1716.82,2185.04,1950.93,1803.3
2023-05-10,Tomato,Azadpur (Delhi),1755.81,2234.67,1995.24,916.1
2023-05-11,Tomato,Azadpur (Delhi),1838.82,2340.32,2089.57,1996.1
2023-05-12,Tomato,Azadpur (Delhi),1825.42,2323.26,2074.34,2683.4
2023-05-13,Tomato,Azadpur (Delhi),2055.22,2615.74,2335.48,2253.1
2023-05-14,Tomato,Azadpur (Delhi),1935.89,2463.85,2199.87,3049.1
2023-05-15,Tomato,Azadpur (Delhi),2022.32,2573.86,2298.09,1588.3
2023-05-16,Tomato,Azadpur (Delhi),1995.97,2540.33,2268.15,3197.8
2023-05-17,Tomato,Azadpur (Delhi),1992.61,2536.05,2264.33,3091.1
2023-05-18,Tomato,Azadpur (Delhi),1885.09,2399.21,2142.15,2663.4
2023-05-19,Tomato,Azadpur (Delhi),1822.13,2319.07,2070.6,1239.0
2023-05-20,Tomato,Azadpur (Delhi),1835.86,2336.54,2086.2,1935.0
2023-05-21,Tomato,Azadpur (Delhi),1709.41,2175.61,1942.51,2871.8
2023-05-22,Tomato,Azadpur (Delhi),1649.09,2098.85,1873.97,2878.8
2023-05-23,Tomato,Azadpur (Delhi),1581.37,2012.65,1797.01,1873.5
2023-05-24,Tomato,Azadpur (Delhi),1593.72,2028.36,1811.04,3278.6
2023-05-25,Tomato,Azadpur (Delhi),1504.81,1915.21,1710.01,1936.8
2023-05-26,Tomato,Azadpur (Delhi),1411.61,1796.59,1604.1,2618.5
2023-05-27,Tomato,Azadpur (Delhi),1376.35,1751.71,1564.03,887.7
2023-05-28,Tomato,Azadpur (Delhi),1466.05,1865.89,1665.97,2400.2
2023-05-29,Tomato,Azadpur (Delhi),1432.15,1822.73,1627.44,2064.8
2023-05-30,Tomato,Azadpur (Delhi),1488.55,1894.51,1691.53,3490.8
2023-05-31,Tomato,Azadpur (Delhi),1602.26,2039.24,1820.75,2159.4
2023-06-01,Tomato,Azadpur (Delhi),1544.01,1965.11,1754.56,2125.9
2023-06-02,Tomato,Azadpur (Delhi),1479.88,1883.48,1681.68,2625.2
2023-06-03,Tomato,Azadpur (Delhi),1447.08,1841.74,1644.41,1844.5
2023-06-04,Tomato,Azadpur (Delhi),1427.06,1816.26,1621.66,1814.0
2023-06-05,Tomato,Azadpur (Delhi),1379.02,1755.12,1567.07,1934.9
2023-06-06,Tomato,Azadpur (Delhi),1396.35,1777.17,1586.76,2333.3
2023-06-07,Tomato,Azadpur (Delhi),1366.33,1738.97,1552.65,459.9
2023-06-08,Tomato,Azadpur (Delhi),1354.91,1724.43,1539.67,875.6
2023-06-09,Tomato,Azadpur (Delhi),1337.12,1701.78,1519.45,2286.3
2023-06-10,Tomato,Azadpur (Delhi),1304.46,1660.22,1482.34,1719.9
2023-06-11,Tomato,Azadpur (Delhi),1345.47,1712.41,1528.94,2642.2
2023-06-12,Tomato,Azadpur (Delhi),1370.16,1743.84,1557.0,3028.5
2023-06-13,Tomato,Azadpur (Delhi),1353.5,1722.64,1538.07,720.9
2023-06-14,Tomato,Azadpur (Delhi),1266.8,1612.28,1439.54,3118.7
2023-06-15,Tomato,Azadpur (Delhi),1209.24,1539.04,1374.14,3237.6
2023-06-16,Tomato,Azadpur (Delhi),1139.53,1450.31,1294.92,2995.2
2023-06-17,Tomato,Azadpur (Delhi),1108.07,1410.27,1259.17,1843.2
2023-06-18,Tomato,Azadpur (Delhi),1033.64,1315.54,1174.59,887.4
2023-06-19,Tomato,Azadpur (Delhi),990.64,1260.82,1125.73,1168.6
2023-06-20,Tomato,Azadpur (Delhi),1071.95,1364.29,1218.12,602.2
2023-06-21,Tomato,Azadpur (Delhi),1111.06,1414.08,1262.57,2693.1
2023-06-22,Tomato,Azadpur (Delhi),1108.91,1411.35,1260.13,3474.1
2023-06-23,Tomato,Azadpur (Delhi),1203.44,1531.66,1367.55,406.8
2023-06-24,Tomato,Azadpur (Delhi),1262.0,1606.18,1434.09,2452.6
2023-06-25,Tomato,Azadpur (Delhi),1379.5,1755.72,1567.61,1365.3
2023-06-26,Tomato,Azadpur (Delhi),1280.81,1630.13,1455.47,2519.1
2023-06-27,Tomato,Azadpur (Delhi),1298.57,1652.73,1475.65,2797.2
2023-06-28,Tomato,Azadpur (Delhi),1409.61,1794.05,1601.83,3337.7
2023-06-29,Tomato,Azadpur (Delhi),1465.18,1864.78,1664.98,1333.2
2023-06-30,Tomato,Azadpur (Delhi),1426.54,1815.6,1621.07,1004.6
2023-07-01,Tomato,Azadpur (Delhi),1398.6,1780.04,1589.32,1642.3
2023-07-02,Tomato,Azadpur (Delhi),1363.41,1735.25,1549.33,3454.0
2023-07-03,Tomato,Azadpur (Delhi),1362.06,1733.52,1547.79,448.8
2023-07-04,Tomato,Azadpur (Delhi),1274.03,1621.49,1447.76,1141.6
2023-07-05,Tomato,Azadpur (Delhi),1304.64,1660.44,1482.54,1785.1
2023-07-06,Tomato,Azadpur (Delhi),1327.34,1689.34,1508.34,2271.5
2023-07-07,Tomato,Azadpur (Delhi),1222.92,1556.44,1389.68,2324.6
2023-07-08,Tomato,Azadpur (Delhi),1154.26,1469.06,1311.66,2384.0
2023-07-09,Tomato,Azadpur (Delhi),1245.2,1584.8,1415.0,1489.6
2023-07-10,Tomato,Azadpur (Delhi),1271.02,1617.66,1444.34,2115.3
2023-07-11,Tomato,Azadpur (Delhi),1157.44,1473.1,1315.27,1143.9
2023-07-12,Tomato,Azadpur (Delhi),1115.76,1420.06,1267.91,961.8
2023-07-13,Tomato,Azadpur (Delhi),1137.73,1448.01,1292.87,3339.2
2023-07-14,Tomato,Azadpur (Delhi),1149.3,1462.74,1306.02,968.1
2023-07-15,Tomato,Azadpur (Delhi),1164.85,1482.53,1323.69,1088.9
2023-07-16,Tomato,Azadpur (Delhi),1323.78,1684.8,1504.29,1663.0
2023-07-17,Tomato,Azadpur (Delhi),1299.36,1653.74,1476.55,2510.7
2023-07-18,Tomato,Azadpur (Delhi),1183.64,1506.44,1345.04,2913.3
2023-07-19,Tomato,Azadpur (Delhi),1183.34,1506.06,1344.7,2236.3
2023-07-20,Tomato,Azadpur (Delhi),1212.44,1543.1,1377.77,3233.2
2023-07-21,Tomato,Azadpur (Delhi),1240.9,1579.32,1410.11,1794.4
2023-07-22,Tomato,Azadpur (Delhi),1273.1,1620.32,1446.71,1990.6
2023-07-23,Tomato,Azadpur (Delhi),1261.67,1605.77,1433.72,1147.9
2023-07-24,Tomato,Azadpur (Delhi),1224.02,1557.84,1390.93,2019.9
2023-07-25,Tomato,Azadpur (Delhi),1391.54,1771.04,1581.29,3005.4
2023-07-26,Tomato,Azadpur (Delhi),1511.08,1923.2,1717.14,2643.8
2023-07-27,Tomato,Azadpur (Delhi),1362.14,1733.64,1547.89,2571.2
2023-07-28,Tomato,Azadpur (Delhi),1425.83,1814.69,1620.26,489.5
2023-07-29,Tomato,Azadpur (Delhi),1317.72,1677.1,1497.41,3466.5
2023-07-30,Tomato,Azadpur (Delhi),1172.76,1492.6,1332.68,670.2
2023-07-31,Tomato,Azadpur (Delhi),1222.58,1556.0,1389.29,2455.7
2023-08-01,Tomato,Azadpur (Delhi),1345.65,1712.65,1529.15,3452.1
2023-08-02,Tomato,Azadpur (Delhi),1459.13,1857.07,1658.1,1706.0
2023-08-03,Tomato,Azadpur (Delhi),1467.51,1867.75,1667.63,539.4
2023-08-04,Tomato,Azadpur (Delhi),1465.06,1864.62,1664.84,2286.3
2023-08-05,Tomato,Azadpur (Delhi),1477.56,1880.54,1679.05,1999.7
2023-08-06,Tomato,Azadpur (Delhi),1368.36,1741.54,1554.95,2359.1
2023-08-07,Tomato,Azadpur (Delhi),1407.82,1791.76,1599.79,3097.6
2023-08-08,Tomato,Azadpur (Delhi),1373.12,1747.6,1560.36,3480.4
2023-08-09,Tomato,Azadpur (Delhi),1408.11,1792.15,1600.13,1302.9
2023-08-10,Tomato,Azadpur (Delhi),1465.31,1864.93,1665.12,1593.6
2023-08-11,Tomato,Azadpur (Delhi),1451.52,1847.4,1649.46,692.8
2023-08-12,Tomato,Azadpur (Delhi),1596.7,2032.16,1814.43,3311.1
2023-08-13,Tomato,Azadpur (Delhi),1524.79,1940.65,1732.72,2724.6
2023-08-14,Tomato,Azadpur (Delhi),1571.61,2000.23,1785.92,3316.3
2023-08-15,Tomato,Azadpur (Delhi),1594.79,2029.73,1812.26,1920.8
2023-08-16,Tomato,Azadpur (Delhi),1601.24,2037.94,1819.59,2284.1
2023-08-17,Tomato,Azadpur (Delhi),1644.92,2093.54,1869.23,2635.3
2023-08-18,Tomato,Azadpur (Delhi),1644.66,2093.2,1868.93,420.4
2023-08-19,Tomato,Azadpur (Delhi),1603.93,2041.37,1822.65,3394.9
2023-08-20,Tomato,Azadpur (Delhi),1540.04,1960.04,1750.04,771.1
2023-08-21,Tomato,Azadpur (Delhi),1484.16,1888.92,1686.54,1292.4
2023-08-22,Tomato,Azadpur (Delhi),1416.79,1803.19,1609.99,1112.0
2023-08-23,Tomato,Azadpur (Delhi),1505.5,1916.1,1710.8,936.3
2023-08-24,Tomato,Azadpur (Delhi),1569.23,1997.21,1783.22,1276.5
2023-08-25,Tomato,Azadpur (Delhi),1611.97,2051.59,1831.78,1135.8
2023-08-26,Tomato,Azadpur (Delhi),1612.78,2052.64,1832.71,2123.1
2023-08-27,Tomato,Azadpur (Delhi),1547.88,1970.02,1758.95,3098.8
2023-08-28,Tomato,Azadpur (Delhi),1522.86,1938.18,1730.52,3252.6
2023-08-29,Tomato,Azadpur (Delhi),1621.66,2063.94,1842.8,2796.3
2023-08-30,Tomato,Azadpur (Delhi),1657.51,2109.55,1883.53,1641.0
2023-08-31,Tomato,Azadpur (Delhi),1623.92,2066.8,1845.36,1483.4
2023-09-01,Tomato,Azadpur (Delhi),1639.53,2086.67,1863.1,552.4
2023-09-02,Tomato,Azadpur (Delhi),1714.13,2181.63,1947.88,2601.9
2023-09-03,Tomato,Azadpur (Delhi),1691.07,2152.27,1921.67,1222.7
2023-09-04,Tomato,Azadpur (Delhi),1739.35,2213.71,1976.53,1012.3
2023-09-05,Tomato,Azadpur (Delhi),1824.15,2321.65,2072.9,3378.8
2023-09-06,Tomato,Azadpur (Delhi),1803.42,2295.26,2049.34,2395.1
2023-09-07,Tomato,Azadpur (Delhi),1873.32,2384.22,2128.77,549.7
2023-09-08,Tomato,Azadpur (Delhi),1976.17,2515.13,2245.65,930.8
2023-09-09,Tomato,Azadpur (Delhi),1835.49,2336.07,2085.78,2292.6
2023-09-10,Tomato,Azadpur (Delhi),1883.32,2396.96,2140.14,1425.4
2023-09-11,Tomato,Azadpur (Delhi),1906.6,2426.58,2166.59,3032.9
2023-09-12,Tomato,Azadpur (Delhi),1836.54,2337.42,2086.98,2231.8
2023-09-13,Tomato,Azadpur (Delhi),1784.9,2271.68,2028.29,2222.4
2023-09-14,Tomato,Azadpur (Delhi),1847.97,2351.97,2099.97,1458.4
2023-09-15,Tomato,Azadpur (Delhi),1772.25,2255.59,2013.92,3376.7
2023-09-16,Tomato,Azadpur (Delhi),1805.29,2297.65,2051.47,2552.5
2023-09-17,Tomato,Azadpur (Delhi),1873.77,2384.79,2129.28,1880.6
2023-09-18,Tomato,Azadpur (Delhi),1796.52,2286.48,2041.5,1039.2
2023-09-19,Tomato,Azadpur (Delhi),1684.53,2143.95,1914.24,1626.6
2023-09-20,Tomato,Azadpur (Delhi),1664.61,2118.59,1891.6,2346.9
2023-09-21,Tomato,Azadpur (Delhi),1759.0,2238.72,1998.86,3377.7
2023-09-22,Tomato,Azadpur (Delhi),1776.61,2261.13,2018.87,2986.4
2023-09-23,Tomato,Azadpur (Delhi),1721.14,2190.54,1955.84,1535.9
2023-09-24,Tomato,Azadpur (Delhi),1847.89,2351.85,2099.87,2147.9
2023-09-25,Tomato,Azadpur (Delhi),1659.94,2112.66,1886.3,1523.2
2023-09-26,Tomato,Azadpur (Delhi),1759.79,2239.73,1999.76,2958.0
2023-09-27,Tomato,Azadpur (Delhi),1733.1,2205.76,1969.43,3437.2
2023-09-28,Tomato,Azadpur (Delhi),1830.9,2330.24,2080.57,2804.9
2023-09-29,Tomato,Azadpur (Delhi),1794.42,2283.8,2039.11,3288.7
2023-09-30,Tomato,Azadpur (Delhi),1851.58,2356.56,2104.07,1418.3
2023-10-01,Tomato,Azadpur (Delhi),1802.26,2293.78,2048.02,731.0
2023-10-02,Tomato,Azadpur (Delhi),1900.93,2419.37,2160.15,3046.4
2023-10-03,Tomato,Azadpur (Delhi),1933.17,2460.39,2196.78,1955.9
2023-10-04,Tomato,Azadpur (Delhi),2099.32,2671.86,2385.59,575.0
2023-10-05,Tomato,Azadpur (Delhi),1998.14,2543.08,2270.61,3365.5
2023-10-06,Tomato,Azadpur (Delhi),1779.38,2264.66,2022.02,1280.5
2023-10-07,Tomato,Azadpur (Delhi),1929.42,2455.62,2192.52,3204.6
2023-10-08,Tomato,Azadpur (Delhi),2056.9,2617.88,2337.39,1937.3
2023-10-09,Tomato,Azadpur (Delhi),2135.9,2718.42,2427.16,580.9
2023-10-10,Tomato,Azadpur (Delhi),1947.92,2479.16,2213.54,440.6
2023-10-11,Tomato,Azadpur (Delhi),1976.93,2516.09,2246.51,3286.0
2023-10-12,Tomato,Azadpur (Delhi),1889.19,2404.43,2146.81,666.6
2023-10-13,Tomato,Azadpur (Delhi),1923.79,2448.45,2186.12,1180.0
2023-10-14,Tomato,Azadpur (Delhi),1941.2,2470.62,2205.91,2877.8
2023-10-15,Tomato,Azadpur (Delhi),1927.6,2453.32,2190.46,1279.0
2023-10-16,Tomato,Azadpur (Delhi),1899.76,2417.88,2158.82,626.4
2023-10-17,Tomato,Azadpur (Delhi),2108.43,2683.45,2395.94,566.9
2023-10-18,Tomato,Azadpur (Delhi),2182.29,2777.45,2479.87,3387.3
2023-10-19,Tomato,Azadpur (Delhi),2171.66,2763.94,2467.8,1864.4
2023-10-20,Tomato,Azadpur (Delhi),2259.95,2876.29,2568.12,3027.6
2023-10-21,Tomato,Azadpur (Delhi),2389.73,3041.47,2715.6,852.5
2023-10-22,Tomato,Azadpur (Delhi),2378.8,3027.56,2703.18,1526.8
2023-10-23,Tomato,Azadpur (Delhi),2241.47,2852.79,2547.13,3366.1
2023-10-24,Tomato,Azadpur (Delhi),2201.03,2801.31,2501.17,681.3
2023-10-25,Tomato,Azadpur (Delhi),2276.39,2897.23,2586.81,2502.5
2023-10-26,Tomato,Azadpur (Delhi),2276.3,2897.12,2586.71,1964.9
2023-10-27,Tomato,Azadpur (Delhi),2248.15,2861.29,2554.72,890.7
2023-10-28,Tomato,Azadpur (Delhi),2265.55,2883.43,2574.49,1182.2
2023-10-29,Tomato,Azadpur (Delhi),2117.83,2695.41,2406.62,3203.5
2023-10-30,Tomato,Azadpur (Delhi),2191.09,2788.67,2489.88,2612.4
2023-10-31,Tomato,Azadpur (Delhi),2252.63,2866.99,2559.81,830.5
2023-11-01,Tomato,Azadpur (Delhi),2222.72,2828.92,2525.82,1509.5
2023-11-02,Tomato,Azadpur (Delhi),2139.46,2722.96,2431.21,2926.8
2023-11-03,Tomato,Azadpur (Delhi),2221.0,2826.72,2523.86,2160.7
2023-11-04,Tomato,Azadpur (Delhi),2442.48,3108.6,2775.54,2407.4
2023-11-05,Tomato,Azadpur (Delhi),2373.99,3021.45,2697.72,2807.7
2023-11-06,Tomato,Azadpur (Delhi),2329.31,2964.57,2646.94,1951.7
2023-11-07,Tomato,Azadpur (Delhi),2030.95,2584.85,2307.9,3464.6
2023-11-08,Tomato,Azadpur (Delhi),2235.55,2845.25,2540.4,2365.6
2023-11-09,Tomato,Azadpur (Delhi),2366.86,3012.36,2689.61,2408.0
2023-11-10,Tomato,Azadpur (Delhi),2381.04,3030.42,2705.73,3236.8
2023-11-11,Tomato,Azadpur (Delhi),2407.0,3063.46,2735.23,1337.4
2023-11-12,Tomato,Azadpur (Delhi),2451.15,3119.65,2785.4,2263.2
2023-11-13,Tomato,Azadpur (Delhi),2357.71,3000.73,2679.22,1325.8
2023-11-14,Tomato,Azadpur (Delhi),2457.21,3127.35,2792.28,2446.9
2023-11-15,Tomato,Azadpur (Delhi),2226.1,2833.22,2529.66,1623.9
2023-11-16,Tomato,Azadpur (Delhi),2225.41,2832.33,2528.87,3321.0
2023-11-17,Tomato,Azadpur (Delhi),2364.58,3009.46,2687.02,2667.6
2023-11-18,Tomato,Azadpur (Delhi),2439.17,3104.39,2771.78,2031.6
2023-11-19,Tomato,Azadpur (Delhi),2376.07,3024.09,2700.08,2616.3
2023-11-20,Tomato,Azadpur (Delhi),2560.54,3258.88,2909.71,1647.7
2023-11-21,Tomato,Azadpur (Delhi),2541.67,3234.85,2888.26,2810.4
2023-11-22,Tomato,Azadpur (Delhi),2527.91,3217.33,2872.62,685.1
2023-11-23,Tomato,Azadpur (Delhi),2509.06,3193.34,2851.2,3303.5
2023-11-24,Tomato,Azadpur (Delhi),2346.53,2986.49,2666.51,1819.8
2023-11-25,Tomato,Azadpur (Delhi),2365.97,3011.23,2688.6,2502.2
2023-11-26,Tomato,Azadpur (Delhi),2414.87,3073.47,2744.17,3215.6
2023-11-27,Tomato,Azadpur (Delhi),2514.15,3199.83,2856.99,1395.7
2023-11-28,Tomato,Azadpur (Delhi),2461.77,3133.17,2797.47,2623.5
2023-11-29,Tomato,Azadpur (Delhi),2422.92,3083.72,2753.32,2301.2
2023-11-30,Tomato,Azadpur (Delhi),2416.08,3075.0,2745.54,1390.1
2023-12-01,Tomato,Azadpur (Delhi),2425.64,3087.18,2756.41,751.9
2023-12-02,Tomato,Azadpur (Delhi),2497.7,3178.9,2838.3,1996.1
2023-12-03,Tomato,Azadpur (Delhi),2618.79,3333.01,2975.9,3009.1
2023-12-04,Tomato,Azadpur (Delhi),2571.98,3273.42,2922.7,3087.2
2023-12-05,Tomato,Azadpur (Delhi),2424.12,3085.24,2754.68,2304.7
2023-12-06,Tomato,Azadpur (Delhi),2387.29,3038.37,2712.83,842.6
2023-12-07,Tomato,Azadpur (Delhi),2536.99,3228.89,2882.94,656.7
2023-12-08,Tomato,Azadpur (Delhi),2424.43,3085.63,2755.03,521.3
2023-12-09,Tomato,Azadpur (Delhi),2478.25,3154.13,2816.19,2028.4
2023-12-10,Tomato,Azadpur (Delhi),2393.72,3046.56,2720.14,1236.3
2023-12-11,Tomato,Azadpur (Delhi),2313.05,2943.89,2628.47,2269.0
2023-12-12,Tomato,Azadpur (Delhi),2384.01,3034.19,2709.1,827.4
2023-12-13,Tomato,Azadpur (Delhi),2325.78,2960.08,2642.93,2441.2
2023-12-14,Tomato,Azadpur (Delhi),2352.13,2993.61,2672.87,3275.2
2023-12-15,Tomato,Azadpur (Delhi),2232.09,2840.85,2536.47,2592.1
2023-12-16,Tomato,Azadpur (Delhi),2523.67,3211.95,2867.81,3201.3
2023-12-17,Tomato,Azadpur (Delhi),2558.88,3256.76,2907.82,3434.3
2023-12-18,Tomato,Azadpur (Delhi),2399.76,3054.24,2727.0,596.1
2023-12-19,Tomato,Azadpur (Delhi),2537.0,3228.92,2882.96,2218.7
2023-12-20,Tomato,Azadpur (Delhi),2505.24,3188.48,2846.86,1102.3
2023-12-21,Tomato,Azadpur (Delhi),2815.28,3583.08,3199.18,1115.7
2023-12-22,Tomato,Azadpur (Delhi),2826.57,3597.45,3212.01,1647.0
2023-12-23,Tomato,Azadpur (Delhi),2873.11,3656.69,3264.9,490.3
2023-12-24,Tomato,Azadpur (Delhi),2805.05,3570.07,3187.56,992.7
2023-12-25,Tomato,Azadpur (Delhi),2807.32,3572.96,3190.14,1674.3
2023-12-26,Tomato,Azadpur (Delhi),2778.89,3536.77,3157.83,2546.1
2023-12-27,Tomato,Azadpur (Delhi),2628.74,3345.66,2987.2,1071.6
2023-12-28,Tomato,Azadpur (Delhi),2788.09,3548.47,3168.28,3494.9
2023-12-29,Tomato,Azadpur (Delhi),2773.94,3530.46,3152.2,2720.8
2023-12-30,Tomato,Azadpur (Delhi),2888.14,3675.82,3281.98,1378.1
2023-12-31,Tomato,Azadpur (Delhi),2724.3,3467.28,3095.79,427.8
2024-01-01,Tomato,Azadpur (Delhi),2680.94,3412.1,3046.52,3153.7
2024-01-02,Tomato,Azadpur (Delhi),2817.21,3585.55,3201.38,2634.4
2024-01-03,Tomato,Azadpur (Delhi),2917.83,3713.61,3315.72,578.4
2024-01-04,Tomato,Azadpur (Delhi),2594.27,3301.79,2948.03,1928.5
2024-01-05,Tomato,Azadpur (Delhi),2650.18,3372.96,3011.57,2055.2
2024-01-06,Tomato,Azadpur (Delhi),2863.56,3644.54,3254.05,459.6
2024-01-07,Tomato,Azadpur (Delhi),2594.27,3301.79,2948.03,3097.8
2024-01-08,Tomato,Azadpur (Delhi),2342.58,2981.46,2662.02,415.8
2024-01-09,Tomato,Azadpur (Delhi),2409.84,3067.06,2738.45,1756.4
2024-01-10,Tomato,Azadpur (Delhi),2176.48,2770.06,2473.27,1475.3
2024-01-11,Tomato,Azadpur (Delhi),2354.22,2996.28,2675.25,994.5
2024-01-12,Tomato,Azadpur (Delhi),2193.79,2792.09,2492.94,512.5
2024-01-13,Tomato,Azadpur (Delhi),2320.8,2953.74,2637.27,407.7
2024-01-14,Tomato,Azadpur (Delhi),2404.39,3060.13,2732.26,1249.3
2024-01-15,Tomato,Azadpur (Delhi),2340.68,2979.04,2659.86,2265.7
2024-01-16,Tomato,Azadpur (Delhi),2565.91,3265.71,2915.81,1854.4
2024-01-17,Tomato,Azadpur (Delhi),2559.23,3257.21,2908.22,717.6
2024-01-18,Tomato,Azadpur (Delhi),2606.71,3317.63,2962.17,612.9
2024-01-19,Tomato,Azadpur (Delhi),2580.78,3284.62,2932.7,1351.3
2024-01-20,Tomato,Azadpur (Delhi),2498.93,3180.45,2839.69,1007.7
2024-01-21,Tomato,Azadpur (Delhi),2301.56,2929.26,2615.41,1768.5
2024-01-22,Tomato,Azadpur (Delhi),2362.19,3006.43,2684.31,1058.9
2024-01-23,Tomato,Azadpur (Delhi),2399.26,3053.6,2726.43,3277.4
2024-01-24,Tomato,Azadpur (Delhi),2255.7,2870.9,2563.3,919.0
2024-01-25,Tomato,Azadpur (Delhi),2270.66,2889.94,2580.3,1865.7
2024-01-26,Tomato,Azadpur (Delhi),2140.52,2724.3,2432.41,1044.3
2024-01-27,Tomato,Azadpur (Delhi),1962.66,2497.94,2230.3,1336.7
2024-01-28,Tomato,Azadpur (Delhi),1927.18,2452.78,2189.98,1121.1
2024-01-29,Tomato,Azadpur (Delhi),2001.84,2547.8,2274.82,2863.3
2024-01-30,Tomato,Azadpur (Delhi),2054.47,2614.79,2334.63,3485.0
2024-01-31,Tomato,Azadpur (Delhi),2067.09,2630.85,2348.97,2751.9
2024-02-01,Tomato,Azadpur (Delhi),1986.95,2528.85,2257.9,733.7
2024-02-02,Tomato,Azadpur (Delhi),1927.49,2453.17,2190.33,1172.2
2024-02-03,Tomato,Azadpur (Delhi),1836.95,2337.93,2087.44,1774.4
2024-02-04,Tomato,Azadpur (Delhi),1830.37,2329.57,2079.97,1384.7
2024-02-05,Tomato,Azadpur (Delhi),1861.2,2368.8,2115.0,1200.9
2024-02-06,Tomato,Azadpur (Delhi),1958.77,2492.99,2225.88,1930.9
2024-02-07,Tomato,Azadpur (Delhi),1876.12,2387.78,2131.95,2745.3
2024-02-08,Tomato,Azadpur (Delhi),1962.84,2498.16,2230.5,2013.1
2024-02-09,Tomato,Azadpur (Delhi),2030.05,2583.71,2306.88,830.2
2024-02-10,Tomato,Azadpur (Delhi),2039.4,2595.6,2317.5,1680.2
2024-02-11,Tomato,Azadpur (Delhi),1989.25,2531.77,2260.51,3469.4
2024-02-12,Tomato,Azadpur (Delhi),2140.0,2723.64,2431.82,2894.5
2024-02-13,Tomato,Azadpur (Delhi),2018.9,2569.52,2294.21,1140.6
2024-02-14,Tomato,Azadpur (Delhi),2114.1,2690.68,2402.39,412.6
2024-02-15,Tomato,Azadpur (Delhi),2146.34,2731.7,2439.02,1847.9
2024-02-16,Tomato,Azadpur (Delhi),2241.06,2852.26,2546.66,2616.8
2024-02-17,Tomato,Azadpur (Delhi),2296.98,2923.42,2610.2,716.1
2024-02-18,Tomato,Azadpur (Delhi),2338.76,2976.6,2657.68,1106.5
2024-02-19,Tomato,Azadpur (Delhi),2367.79,3013.55,2690.67,964.6
2024-02-20,Tomato,Azadpur (Delhi),2351.96,2993.4,2672.68,1202.5
2024-02-21,Tomato,Azadpur (Delhi),2283.06,2905.72,2594.39,2021.5
2024-02-22,Tomato,Azadpur (Delhi),2072.0,2637.08,2354.54,1318.1
2024-02-23,Tomato,Azadpur (Delhi),1893.39,2409.77,2151.58,1309.7
2024-02-24,Tomato,Azadpur (Delhi),1887.79,2402.65,2145.22,2783.1
2024-02-25,Tomato,Azadpur (Delhi),1672.77,2128.97,1900.87,1051.2
2024-02-26,Tomato,Azadpur (Delhi),1730.13,2201.99,1966.06,1786.5
2024-02-27,Tomato,Azadpur (Delhi),1667.34,2122.06,1894.7,2690.3
2024-02-28,Tomato,Azadpur (Delhi),1600.94,2037.56,1819.25,2654.4
2024-02-29,Tomato,Azadpur (Delhi),1605.67,2043.59,1824.63,1356.4
2024-03-01,Tomato,Azadpur (Delhi),1660.43,2113.27,1886.85,2129.4
2024-03-02,Tomato,Azadpur (Delhi),1679.15,2137.11,1908.13,1107.9
2024-03-03,Tomato,Azadpur (Delhi),1676.16,2133.3,1904.73,738.1
2024-03-04,Tomato,Azadpur (Delhi),1595.48,2030.6,1813.04,3257.1
2024-03-05,Tomato,Azadpur (Delhi),1588.44,2021.66,1805.05,3272.4
2024-03-06,Tomato,Azadpur (Delhi),1655.74,2107.3,1881.52,3084.6
2024-03-07,Tomato,Azadpur (Delhi),1811.49,2305.53,2058.51,2889.3
2024-03-08,Tomato,Azadpur (Delhi),1869.76,2379.7,2124.73,2386.9
2024-03-09,Tomato,Azadpur (Delhi),1746.55,2222.89,1984.72,2673.2
2024-03-10,Tomato,Azadpur (Delhi),1823.76,2321.14,2072.45,912.8
2024-03-11,Tomato,Azadpur (Delhi),1868.03,2377.49,2122.76,1137.1
2024-03-12,Tomato,Azadpur (Delhi),2041.64,2598.44,2320.04,2043.2
2024-03-13,Tomato,Azadpur (Delhi),2027.32,2580.22,2303.77,2339.9
2024-03-14,Tomato,Azadpur (Delhi),2045.41,2603.25,2324.33,443.6
2024-03-15,Tomato,Azadpur (Delhi),2098.28,2670.54,2384.41,1752.5
2024-03-16,Tomato,Azadpur (Delhi),2059.38,2621.02,2340.2,1079.7
2024-03-17,Tomato,Azadpur (Delhi),1862.92,2371.0,2116.96,965.2
2024-03-18,Tomato,Azadpur (Delhi),1700.15,2163.83,1931.99,1549.1
2024-03-19,Tomato,Azadpur (Delhi),1813.24,2307.76,2060.5,3228.5
2024-03-20,Tomato,Azadpur (Delhi),1779.39,2264.67,2022.03,579.6
2024-03-21,Tomato,Azadpur (Delhi),1801.12,2292.34,2046.73,1835.8
2024-03-22,Tomato,Azadpur (Delhi),1778.81,2263.93,2021.37,2944.9
2024-03-23,Tomato,Azadpur (Delhi),1565.74,1992.76,1779.25,2691.8
2024-03-24,Tomato,Azadpur (Delhi),1644.06,2092.44,1868.25,1573.1
2024-03-25,Tomato,Azadpur (Delhi),1681.41,2139.97,1910.69,1312.6
2024-03-26,Tomato,Azadpur (Delhi),1671.99,2127.99,1899.99,3279.2
2024-03-27,Tomato,Azadpur (Delhi),1686.11,2145.95,1916.03,882.0
2024-03-28,Tomato,Azadpur (Delhi),1773.79,2257.55,2015.67,915.7
2024-03-29,Tomato,Azadpur (Delhi),1845.04,2348.24,2096.64,2188.9
2024-03-30,Tomato,Azadpur (Delhi),1904.33,2423.69,2164.01,3455.9
2024-03-31,Tomato,Azadpur (Delhi),1895.5,2412.46,2153.98,2176.0
2024-04-01,Tomato,Azadpur (Delhi),2031.81,2585.95,2308.88,2714.6
2024-04-02,Tomato,Azadpur (Delhi),2076.4,2642.68,2359.54,3491.7
2024-04-03,Tomato,Azadpur (Delhi),2012.15,2560.91,2286.53,2166.6
2024-04-04,Tomato,Azadpur (Delhi),2096.71,2668.53,2382.62,2397.5
2024-04-05,Tomato,Azadpur (Delhi),2094.46,2665.68,2380.07,426.8
2024-04-06,Tomato,Azadpur (Delhi),2028.0,2581.1,2304.55,1651.3
2024-04-07,Tomato,Azadpur (Delhi),2168.07,2759.37,2463.72,1933.4
2024-04-08,Tomato,Azadpur (Delhi),2092.51,2663.19,2377.85,1160.0
2024-04-09,Tomato,Azadpur (Delhi),2157.21,2745.53,2451.37,1677.8
2024-04-10,Tomato,Azadpur (Delhi),2255.94,2871.2,2563.57,2727.6
2024-04-11,Tomato,Azadpur (Delhi),2083.63,2651.89,2367.76,2377.2
2024-04-12,Tomato,Azadpur (Delhi),1963.5,2499.0,2231.25,1622.2
2024-04-13,Tomato,Azadpur (Delhi),2042.62,2599.7,2321.16,1685.8
2024-04-14,Tomato,Azadpur (Delhi),2041.45,2598.21,2319.83,1076.3
2024-04-15,Tomato,Azadpur (Delhi),1888.97,2404.15,2146.56,2545.3
2024-04-16,Tomato,Azadpur (Delhi),1868.97,2378.69,2123.83,2434.9
2024-04-17,Tomato,Azadpur (Delhi),1603.03,2040.23,1821.63,517.1
2024-04-18,Tomato,Azadpur (Delhi),1676.33,2133.51,1904.92,3453.3
2024-04-19,Tomato,Azadpur (Delhi),1693.82,2155.76,1924.79,1194.2
2024-04-20,Tomato,Azadpur (Delhi),1711.16,2177.84,1944.5,1427.1
2024-04-21,Tomato,Azadpur (Delhi),1542.3,1962.92,1752.61,2402.0
2024-04-22,Tomato,Azadpur (Delhi),1663.78,2117.54,1890.66,1138.6
2024-04-23,Tomato,Azadpur (Delhi),1618.85,2060.35,1839.6,2451.0
2024-04-24,Tomato,Azadpur (Delhi),1674.14,2130.72,1902.43,2217.6
2024-04-25,Tomato,Azadpur (Delhi),1763.04,2243.86,2003.45,2676.9
2024-04-26,Tomato,Azadpur (Delhi),1729.95,2201.75,1965.85,3354.1
2024-04-27,Tomato,Azadpur (Delhi),1709.68,2175.96,1942.82,2504.4
2024-04-28,Tomato,Azadpur (Delhi),1724.7,2195.08,1959.89,2736.6
2024-04-29,Tomato,Azadpur (Delhi),1615.98,2056.7,1836.34,2426.0
2024-04-30,Tomato,Azadpur (Delhi),1632.65,2077.91,1855.28,827.2
2024-05-01,Tomato,Azadpur (Delhi),1747.99,2224.71,1986.35,956.4
2024-05-02,Tomato,Azadpur (Delhi),1696.68,2159.42,1928.05,932.9
2024-05-03,Tomato,Azadpur (Delhi),1570.01,1998.19,1784.1,2650.9
2024-05-04,Tomato,Azadpur (Delhi),1513.93,1926.81,1720.37,2563.5
2024-05-05,Tomato,Azadpur (Delhi),1428.74,1818.4,1623.57,559.4
2024-05-06,Tomato,Azadpur (Delhi),1564.9,1991.68,1778.29,3072.3
2024-05-07,Tomato,Azadpur (Delhi),1584.46,2016.58,1800.52,3151.5
2024-05-08,Tomato,Azadpur (Delhi),1680.36,2138.64,1909.5,1482.6
2024-05-09,Tomato,Azadpur (Delhi),1783.56,2269.98,2026.77,1661.7
2024-05-10,Tomato,Azadpur (Delhi),1814.4,2309.24,2061.82,904.1
2024-05-11,Tomato,Azadpur (Delhi),1858.28,2365.08,2111.68,806.2
2024-05-12,Tomato,Azadpur (Delhi),1767.9,2250.06,2008.98,1063.9
2024-05-13,Tomato,Azadpur (Delhi),1748.43,2225.27,1986.85,2127.5
2024-05-14,Tomato,Azadpur (Delhi),1693.41,2155.25,1924.33,524.3
2024-05-15,Tomato,Azadpur (Delhi),1510.59,1922.57,1716.58,2901.5
2024-05-16,Tomato,Azadpur (Delhi),1463.46,1862.58,1663.02,2391.8
2024-05-17,Tomato,Azadpur (Delhi),1655.2,2106.62,1880.91,2350.2
2024-05-18,Tomato,Azadpur (Delhi),1542.13,1962.71,1752.42,2266.3
2024-05-19,Tomato,Azadpur (Delhi),1412.12,1797.24,1604.68,3458.5
2024-05-20,Tomato,Azadpur (Delhi),1415.23,1801.21,1608.22,3005.8
2024-05-21,Tomato,Azadpur (Delhi),1336.44,1700.92,1518.68,1725.4
2024-05-22,Tomato,Azadpur (Delhi),1445.38,1839.58,1642.48,3445.5
2024-05-23,Tomato,Azadpur (Delhi),1504.15,1914.37,1709.26,656.3
2024-05-24,Tomato,Azadpur (Delhi),1422.87,1810.93,1616.9,2591.0
2024-05-25,Tomato,Azadpur (Delhi),1439.22,1831.74,1635.48,1327.7
2024-05-26,Tomato,Azadpur (Delhi),1381.52,1758.3,1569.91,2553.5
2024-05-27,Tomato,Azadpur (Delhi),1371.82,1745.96,1558.89,2648.5
2024-05-28,Tomato,Azadpur (Delhi),1493.43,1900.73,1697.08,1852.0
2024-05-29,Tomato,Azadpur (Delhi),1367.83,1740.87,1554.35,2099.2
2024-05-30,Tomato,Azadpur (Delhi),1260.95,1604.85,1432.9,2638.7
2024-05-31,Tomato,Azadpur (Delhi),1276.18,1624.22,1450.2,998.2
2024-06-01,Tomato,Azadpur (Delhi),1347.61,1715.13,1531.37,3495.9
2024-06-02,Tomato,Azadpur (Delhi),1307.17,1663.67,1485.42,1302.8
2024-06-03,Tomato,Azadpur (Delhi),1417.43,1804.01,1610.72,2611.7
2024-06-04,Tomato,Azadpur (Delhi),1437.07,1828.99,1633.03,2268.9
2024-06-05,Tomato,Azadpur (Delhi),1444.44,1838.38,1641.41,2462.0
2024-06-06,Tomato,Azadpur (Delhi),1477.65,1880.65,1679.15,3008.2
2024-06-07,Tomato,Azadpur (Delhi),1305.04,1660.96,1483.0,705.5
2024-06-08,Tomato,Azadpur (Delhi),1386.34,1764.44,1575.39,3455.6
2024-06-09,Tomato,Azadpur (Delhi),1454.44,1851.1,1652.77,1894.2
2024-06-10,Tomato,Azadpur (Delhi),1472.26,1873.78,1673.02,3345.6
2024-06-11,Tomato,Azadpur (Delhi),1572.22,2001.0,1786.61,3323.5
2024-06-12,Tomato,Azadpur (Delhi),1501.71,1911.27,1706.49,3083.0
2024-06-13,Tomato,Azadpur (Delhi),1663.06,2116.62,1889.84,743.6
2024-06-14,Tomato,Azadpur (Delhi),1824.28,2321.8,2073.04,1168.8
2024-06-15,Tomato,Azadpur (Delhi),1899.2,2417.16,2158.18,1668.3
2024-06-16,Tomato,Azadpur (Delhi),1864.57,2373.09,2118.83,2767.1
2024-06-17,Tomato,Azadpur (Delhi),1838.28,2339.64,2088.96,3400.2
2024-06-18,Tomato,Azadpur (Delhi),1673.32,2129.68,1901.5,3038.8
2024-06-19,Tomato,Azadpur (Delhi),1710.89,2177.49,1944.19,2948.7
2024-06-20,Tomato,Azadpur (Delhi),1788.05,2275.71,2031.88,3463.3
2024-06-21,Tomato,Azadpur (Delhi),1826.36,2324.46,2075.41,1523.6
2024-06-22,Tomato,Azadpur (Delhi),1844.65,2347.73,2096.19,3203.2
2024-06-23,Tomato,Azadpur (Delhi),1738.09,2212.11,1975.1,1921.4
2024-06-24,Tomato,Azadpur (Delhi),1801.85,2293.27,2047.56,2876.8
2024-06-25,Tomato,Azadpur (Delhi),1746.14,2222.36,1984.25,1641.2
2024-06-26,Tomato,Azadpur (Delhi),1833.46,2333.5,2083.48,401.1
2024-06-27,Tomato,Azadpur (Delhi),1790.8,2279.2,2035.0,1472.3
2024-06-28,Tomato,Azadpur (Delhi),1908.01,2428.37,2168.19,622.5
2024-06-29,Tomato,Azadpur (Delhi),1692.7,2154.34,1923.52,1546.3
2024-06-30,Tomato,Azadpur (Delhi),1671.13,2126.89,1899.01,1337.3
2024-07-01,Tomato,Azadpur (Delhi),1642.65,2090.65,1866.65,1969.6
2024-07-02,Tomato,Azadpur (Delhi),1512.24,1924.66,1718.45,1015.3
2024-07-03,Tomato,Azadpur (Delhi),1439.3,1831.84,1635.57,1984.4
2024-07-04,Tomato,Azadpur (Delhi),1502.74,1912.58,1707.66,1635.7
2024-07-05,Tomato,Azadpur (Delhi),1707.62,2173.34,1940.48,2285.8
2024-07-06,Tomato,Azadpur (Delhi),1678.59,2136.39,1907.49,674.4
2024-07-07,Tomato,Azadpur (Delhi),1625.62,2068.98,1847.3,3365.4
2024-07-08,Tomato,Azadpur (Delhi),1661.33,2114.43,1887.88,2361.2
2024-07-09,Tomato,Azadpur (Delhi),1743.26,2218.7,1980.98,1007.9
2024-07-10,Tomato,Azadpur (Delhi),1995.82,2540.14,2267.98,1029.6
2024-07-11,Tomato,Azadpur (Delhi),2036.33,2591.69,2314.01,1022.7
2024-07-12,Tomato,Azadpur (Delhi),2015.02,2564.58,2289.8,946.6
2024-07-13,Tomato,Azadpur (Delhi),1982.75,2523.51,2253.13,3389.2
2024-07-14,Tomato,Azadpur (Delhi),1865.49,2374.27,2119.88,1464.3
2024-07-15,Tomato,Azadpur (Delhi),1832.41,2332.15,2082.28,2742.0
2024-07-16,Tomato,Azadpur (Delhi),1857.82,2364.5,2111.16,3262.3
2024-07-17,Tomato,Azadpur (Delhi),1740.77,2215.53,1978.15,2572.3
2024-07-18,Tomato,Azadpur (Delhi),1741.4,2216.32,1978.86,3305.4
2024-07-19,Tomato,Azadpur (Delhi),1727.92,2199.18,1963.55,2140.4
2024-07-20,Tomato,Azadpur (Delhi),1677.93,2135.55,1906.74,1793.4
2024-07-21,Tomato,Azadpur (Delhi),1716.22,2184.28,1950.25,595.6
2024-07-22,Tomato,Azadpur (Delhi),1664.04,2117.88,1890.96,410.4
2024-07-23,Tomato,Azadpur (Delhi),1757.4,2236.68,1997.04,1049.5
2024-07-24,Tomato,Azadpur (Delhi),1778.55,2263.61,2021.08,1730.5
2024-07-25,Tomato,Azadpur (Delhi),1778.78,2263.9,2021.34,1696.5
2024-07-26,Tomato,Azadpur (Delhi),1815.28,2310.36,2062.82,2526.9
2024-07-27,Tomato,Azadpur (Delhi),1855.32,2361.32,2108.32,2618.4
2024-07-28,Tomato,Azadpur (Delhi),1808.97,2302.33,2055.65,1362.0
2024-07-29,Tomato,Azadpur (Delhi),1824.16,2321.66,2072.91,536.8
2024-07-30,Tomato,Azadpur (Delhi),1844.23,2347.21,2095.72,1066.2
2024-07-31,Tomato,Azadpur (Delhi),1812.38,2306.66,2059.52,804.4
2024-08-01,Tomato,Azadpur (Delhi),1919.53,2443.03,2181.28,3302.7
2024-08-02,Tomato,Azadpur (Delhi),1913.12,2434.88,2174.0,3421.6
2024-08-03,Tomato,Azadpur (Delhi),1896.52,2413.76,2155.14,3482.3
2024-08-04,Tomato,Azadpur (Delhi),2043.56,2600.9,2322.23,1849.8
2024-08-05,Tomato,Azadpur (Delhi),2144.13,2728.89,2436.51,479.1
2024-08-06,Tomato,Azadpur (Delhi),2106.1,2680.48,2393.29,2242.2
2024-08-07,Tomato,Azadpur (Delhi),1874.03,2385.13,2129.58,1241.7
2024-08-08,Tomato,Azadpur (Delhi),1992.96,2536.5,2264.73,1187.1
2024-08-09,Tomato,Azadpur (Delhi),1844.61,2347.69,2096.15,3277.8
2024-08-10,Tomato,Azadpur (Delhi),1921.17,2445.13,2183.15,1391.3
2024-08-11,Tomato,Azadpur (Delhi),2096.72,2668.56,2382.64,1252.2
2024-08-12,Tomato,Azadpur (Delhi),2112.83,2689.05,2400.94,1880.0
2024-08-13,Tomato,Azadpur (Delhi),2067.48,2631.34,2349.41,580.8
2024-08-14,Tomato,Azadpur (Delhi),2060.35,2622.27,2341.31,1839.8
2024-08-15,Tomato,Azadpur (Delhi),1913.8,2435.74,2174.77,3475.8
2024-08-16,Tomato,Azadpur (Delhi),1952.06,2484.44,2218.25,2817.4
2024-08-17,Tomato,Azadpur (Delhi),1929.65,2455.91,2192.78,818.6
2024-08-18,Tomato,Azadpur (Delhi),1962.4,2497.6,2230.0,1325.8
2024-08-19,Tomato,Azadpur (Delhi),1925.77,2450.99,2188.38,3175.5
2024-08-20,Tomato,Azadpur (Delhi),1905.76,2425.52,2165.64,1195.5
2024-08-21,Tomato,Azadpur (Delhi),2071.27,2636.17,2353.72,3365.6
2024-08-22,Tomato,Azadpur (Delhi),2075.89,2642.05,2358.97,3102.1
2024-08-23,Tomato,Azadpur (Delhi),1998.03,2542.95,2270.49,2418.6
2024-08-24,Tomato,Azadpur (Delhi),1973.0,2511.08,2242.04,813.1
2024-08-25,Tomato,Azadpur (Delhi),1859.03,2366.03,2112.53,934.2
2024-08-26,Tomato,Azadpur (Delhi),1754.42,2232.9,1993.66,2222.0
2024-08-27,Tomato,Azadpur (Delhi),1635.28,2081.26,1858.27,2731.3
2024-08-28,Tomato,Azadpur (Delhi),1554.55,1978.51,1766.53,1933.2
2024-08-29,Tomato,Azadpur (Delhi),1589.9,2023.52,1806.71,2520.8
2024-08-30,Tomato,Azadpur (Delhi),1724.57,2194.91,1959.74,3367.6
2024-08-31,Tomato,Azadpur (Delhi),1643.39,2091.59,1867.49,2561.6
2024-09-01,Tomato,Azadpur (Delhi),1687.42,2147.62,1917.52,1497.1
2024-09-02,Tomato,Azadpur (Delhi),1655.91,2107.53,1881.72,2178.2
2024-09-03,Tomato,Azadpur (Delhi),1764.43,2245.63,2005.03,2845.6
2024-09-04,Tomato,Azadpur (Delhi),1705.83,2171.05,1938.44,1887.2
2024-09-05,Tomato,Azadpur (Delhi),1765.39,2246.85,2006.12,3158.3
2024-09-06,Tomato,Azadpur (Delhi),1663.31,2116.93,1890.12,1289.3
2024-09-07,Tomato,Azadpur (Delhi),1694.54,2156.68,1925.61,2747.6
2024-09-08,Tomato,Azadpur (Delhi),1653.62,2104.6,1879.11,2809.1
2024-09-09,Tomato,Azadpur (Delhi),1671.18,2126.96,1899.07,1277.7
2024-09-10,Tomato,Azadpur (Delhi),1642.43,2090.37,1866.4,1792.6
2024-09-11,Tomato,Azadpur (Delhi),1731.84,2204.16,1968.0,956.0
2024-09-12,Tomato,Azadpur (Delhi),1713.82,2181.22,1947.52,1531.2
2024-09-13,Tomato,Azadpur (Delhi),1828.03,2326.59,2077.31,480.2
2024-09-14,Tomato,Azadpur (Delhi),1931.66,2458.48,2195.07,2921.2
2024-09-15,Tomato,Azadpur (Delhi),1761.99,2242.53,2002.26,1960.2
2024-09-16,Tomato,Azadpur (Delhi),1723.08,2193.02,1958.05,2592.0
2024-09-17,Tomato,Azadpur (Delhi),1613.37,2053.39,1833.38,2600.9
2024-09-18,Tomato,Azadpur (Delhi),1538.51,1958.11,1748.31,931.2
2024-09-19,Tomato,Azadpur (Delhi),1561.99,1987.99,1774.99,570.0
2024-09-20,Tomato,Azadpur (Delhi),1604.3,2041.84,1823.07,1495.3
2024-09-21,Tomato,Azadpur (Delhi),1470.06,1870.98,1670.52,2872.5
2024-09-22,Tomato,Azadpur (Delhi),1434.16,1825.3,1629.73,3406.7
2024-09-23,Tomato,Azadpur (Delhi),1415.53,1801.59,1608.56,837.3
2024-09-24,Tomato,Azadpur (Delhi),1354.93,1724.45,1539.69,2163.7
2024-09-25,Tomato,Azadpur (Delhi),1382.52,1759.58,1571.05,2503.8
2024-09-26,Tomato,Azadpur (Delhi),1467.18,1867.32,1667.25,1804.7
2024-09-27,Tomato,Azadpur (Delhi),1478.34,1881.52,1679.93,2944.6
2024-09-28,Tomato,Azadpur (Delhi),1422.66,1810.66,1616.66,1649.1
2024-09-29,Tomato,Azadpur (Delhi),1529.68,1946.86,1738.27,1724.5
2024-09-30,Tomato,Azadpur (Delhi),1653.58,2104.56,1879.07,1446.0
2024-10-01,Tomato,Azadpur (Delhi),1824.04,2321.5,2072.77,3362.6
2024-10-02,Tomato,Azadpur (Delhi),1750.06,2227.34,1988.7,1663.2
2024-10-03,Tomato,Azadpur (Delhi),1657.9,2110.06,1883.98,2615.7
2024-10-04,Tomato,Azadpur (Delhi),1709.07,2175.17,1942.12,2511.7
2024-10-05,Tomato,Azadpur (Delhi),1714.9,2182.6,1948.75,1821.3
2024-10-06,Tomato,Azadpur (Delhi),1572.3,2001.12,1786.71,2814.6
2024-10-07,Tomato,Azadpur (Delhi),1480.05,1883.71,1681.88,1480.9
2024-10-08,Tomato,Azadpur (Delhi),1489.48,1895.7,1692.59,1774.7
2024-10-09,Tomato,Azadpur (Delhi),1586.61,2019.33,1802.97,1927.8
2024-10-10,Tomato,Azadpur (Delhi),1555.44,1979.66,1767.55,932.0
2024-10-11,Tomato,Azadpur (Delhi),1579.66,2010.48,1795.07,2302.7
2024-10-12,Tomato,Azadpur (Delhi),1708.3,2174.2,1941.25,1884.8
2024-10-13,Tomato,Azadpur (Delhi),1888.76,2403.88,2146.32,738.4
2024-10-14,Tomato,Azadpur (Delhi),1821.97,2318.87,2070.42,448.1
2024-10-15,Tomato,Azadpur (Delhi),1905.74,2425.48,2165.61,3220.4
2024-10-16,Tomato,Azadpur (Delhi),1852.28,2357.44,2104.86,2034.1
2024-10-17,Tomato,Azadpur (Delhi),2030.81,2584.67,2307.74,3309.9
2024-10-18,Tomato,Azadpur (Delhi),1962.45,2497.67,2230.06,2838.2
2024-10-19,Tomato,Azadpur (Delhi),1942.21,2471.91,2207.06,1422.3
2024-10-20,Tomato,Azadpur (Delhi),1756.76,2235.88,1996.32,763.3
2024-10-21,Tomato,Azadpur (Delhi),1766.25,2247.95,2007.1,1242.4
2024-10-22,Tomato,Azadpur (Delhi),1769.88,2252.58,2011.23,2489.9
2024-10-23,Tomato,Azadpur (Delhi),1984.98,2526.34,2255.66,2131.7
2024-10-24,Tomato,Azadpur (Delhi),1974.27,2512.71,2243.49,1764.3
2024-10-25,Tomato,Azadpur (Delhi),1917.09,2439.93,2178.51,3071.1
2024-10-26,Tomato,Azadpur (Delhi),1944.26,2474.52,2209.39,889.5
2024-10-27,Tomato,Azadpur (Delhi),1934.23,2461.75,2197.99,1474.2
2024-10-28,Tomato,Azadpur (Delhi),1966.95,2503.39,2235.17,532.2
2024-10-29,Tomato,Azadpur (Delhi),2005.99,2553.07,2279.53,1316.7
2024-10-30,Tomato,Azadpur (Delhi),2030.86,2584.74,2307.8,1337.5
2024-10-31,Tomato,Azadpur (Delhi),2102.21,2675.53,2388.87,1295.6
2024-11-01,Tomato,Azadpur (Delhi),2199.28,2799.08,2499.18,1129.8
2024-11-02,Tomato,Azadpur (Delhi),2214.32,2818.22,2516.27,2694.6
2024-11-03,Tomato,Azadpur (Delhi),2342.82,2981.76,2662.29,437.2
2024-11-04,Tomato,Azadpur (Delhi),2448.71,3116.53,2782.62,1543.6
2024-11-05,Tomato,Azadpur (Delhi),2555.08,3251.92,2903.5,2275.0
2024-11-06,Tomato,Azadpur (Delhi),2756.04,3507.68,3131.86,575.1
2024-11-07,Tomato,Azadpur (Delhi),2671.78,3400.44,3036.11,2496.3
2024-11-08,Tomato,Azadpur (Delhi),2794.29,3556.37,3175.33,946.1
2024-11-09,Tomato,Azadpur (Delhi),2894.72,3684.2,3289.46,3458.0
2024-11-10,Tomato,Azadpur (Delhi),3169.58,4034.0,3601.79,3271.7
2024-11-11,Tomato,Azadpur (Delhi),3090.68,3933.6,3512.14,3006.7
2024-11-12,Tomato,Azadpur (Delhi),3194.36,4065.54,3629.95,2966.9
2024-11-13,Tomato,Azadpur (Delhi),3214.93,4091.73,3653.33,862.7
2024-11-14,Tomato,Azadpur (Delhi),3135.24,3990.3,3562.77,2076.3
2024-11-15,Tomato,Azadpur (Delhi),2817.46,3585.86,3201.66,3465.1
2024-11-16,Tomato,Azadpur (Delhi),2847.22,3623.74,3235.48,3136.5
2024-11-17,Tomato,Azadpur (Delhi),2773.9,3530.42,3152.16,1495.5
2024-11-18,Tomato,Azadpur (Delhi),2891.46,3680.04,3285.75,3155.3
2024-11-19,Tomato,Azadpur (Delhi),2895.55,3685.25,3290.4,1562.3
2024-11-20,Tomato,Azadpur (Delhi),2613.16,3325.84,2969.5,418.4
2024-11-21,Tomato,Azadpur (Delhi),2442.23,3108.29,2775.26,3157.0
2024-11-22,Tomato,Azadpur (Delhi),2542.71,3236.17,2889.44,2545.3
2024-11-23,Tomato,Azadpur (Delhi),2638.91,3358.61,2998.76,2109.0
2024-11-24,Tomato,Azadpur (Delhi),2623.76,3339.34,2981.55,514.3
2024-11-25,Tomato,Azadpur (Delhi),2516.8,3203.2,2860.0,544.6
2024-11-26,Tomato,Azadpur (Delhi),2530.15,3220.19,2875.17,817.7
2024-11-27,Tomato,Azadpur (Delhi),2476.22,3151.56,2813.89,1627.0
2024-11-28,Tomato,Azadpur (Delhi),2237.36,2847.56,2542.46,2372.4
2024-11-29,Tomato,Azadpur (Delhi),2120.24,2698.48,2409.36,2924.0
2024-11-30,Tomato,Azadpur (Delhi),1991.35,2534.45,2262.9,2080.1
2024-12-01,Tomato,Azadpur (Delhi),1861.41,2369.07,2115.24,3222.9
2024-12-02,Tomato,Azadpur (Delhi),1884.52,2398.48,2141.5,921.2
2024-12-03,Tomato,Azadpur (Delhi),1859.97,2367.23,2113.6,3326.3
2024-12-04,Tomato,Azadpur (Delhi),1910.33,2431.33,2170.83,2945.6
2024-12-05,Tomato,Azadpur (Delhi),1797.07,2287.19,2042.13,1717.8
2024-12-06,Tomato,Azadpur (Delhi),1889.87,2405.29,2147.58,3134.9
2024-12-07,Tomato,Azadpur (Delhi),1920.2,2443.9,2182.05,2483.7
2024-12-08,Tomato,Azadpur (Delhi),2180.82,2775.6,2478.21,862.6
2024-12-09,Tomato,Azadpur (Delhi),2108.97,2684.15,2396.56,2782.0
2024-12-10,Tomato,Azadpur (Delhi),2010.32,2558.6,2284.46,861.4
2024-12-11,Tomato,Azadpur (Delhi),2044.49,2602.07,2323.28,2027.5
2024-12-12,Tomato,Azadpur (Delhi),2175.06,2768.26,2471.66,1475.0
2024-12-13,Tomato,Azadpur (Delhi),2307.61,2936.95,2622.28,1096.5
2024-12-14,Tomato,Azadpur (Delhi),2405.57,3061.63,2733.6,2324.9
2024-12-15,Tomato,Azadpur (Delhi),2744.74,3493.3,3119.02,3161.4
2024-12-16,Tomato,Azadpur (Delhi),2849.23,3626.29,3237.76,1037.2
2024-12-17,Tomato,Azadpur (Delhi),2868.83,3651.23,3260.03,1253.5
2024-12-18,Tomato,Azadpur (Delhi),2851.45,3629.11,3240.28,1106.6
2024-12-19,Tomato,Azadpur (Delhi),2646.2,3367.9,3007.05,1565.0
2024-12-20,Tomato,Azadpur (Delhi),2741.13,3488.71,3114.92,476.1
2024-12-21,Tomato,Azadpur (Delhi),2962.12,3769.98,3366.05,2059.4
2024-12-22,Tomato,Azadpur (Delhi),3070.64,3908.08,3489.36,744.8
2024-12-23,Tomato,Azadpur (Delhi),3210.95,4086.67,3648.81,2960.4
2024-12-24,Tomato,Azadpur (Delhi),3381.58,4303.82,3842.7,1943.9
2024-12-25,Tomato,Azadpur (Delhi),3359.61,4275.87,3817.74,787.3
2024-12-26,Tomato,Azadpur (Delhi),3181.03,4048.59,3614.81,2726.5
2024-12-27,Tomato,Azadpur (Delhi),3270.08,4161.92,3716.0,3427.2
2024-12-28,Tomato,Azadpur (Delhi),3344.68,4256.86,3800.77,1443.4
2024-12-29,Tomato,Azadpur (Delhi),3108.05,3955.69,3531.87,1602.2
2024-12-30,Tomato,Azadpur (Delhi),3170.55,4035.25,3602.9,1837.2
2024-12-31,Tomato,Azadpur (Delhi),3218.69,4096.51,3657.6,2137.8
2025-01-01,Tomato,Azadpur (Delhi),3301.47,4201.87,3751.67,639.7
2025-01-02,Tomato,Azadpur (Delhi),3286.92,4183.36,3735.14,917.1
2025-01-03,Tomato,Azadpur (Delhi),3106.15,3953.29,3529.72,887.4
2025-01-04,Tomato,Azadpur (Delhi),2914.05,3708.79,3311.42,1178.3
2025-01-05,Tomato,Azadpur (Delhi),2748.5,3498.1,3123.3,1271.1
2025-01-06,Tomato,Azadpur (Delhi),2548.08,3243.02,2895.55,1293.8
2025-01-07,Tomato,Azadpur (Delhi),2353.05,2994.79,2673.92,1355.7
2025-01-08,Tomato,Azadpur (Delhi),2573.47,3275.33,2924.4,1906.2
2025-01-09,Tomato,Azadpur (Delhi),2654.85,3378.89,3016.87,3102.5
2025-01-10,Tomato,Azadpur (Delhi),2536.88,3228.76,2882.82,469.2
2025-01-11,Tomato,Azadpur (Delhi),2610.26,3322.14,2966.2,2192.2
2025-01-12,Tomato,Azadpur (Delhi),2682.26,3413.78,3048.02,2524.5
2025-01-13,Tomato,Azadpur (Delhi),2765.89,3520.23,3143.06,2085.1
2025-01-14,Tomato,Azadpur (Delhi),2732.67,3477.95,3105.31,1382.7
2025-01-15,Tomato,Azadpur (Delhi),2680.19,3411.15,3045.67,2205.5
2025-01-16,Tomato,Azadpur (Delhi),2735.44,3481.48,3108.46,520.6
2025-01-17,Tomato,Azadpur (Delhi),2670.76,3399.16,3034.96,2795.9
2025-01-18,Tomato,Azadpur (Delhi),2743.66,3491.92,3117.79,1813.5
2025-01-19,Tomato,Azadpur (Delhi),2716.12,3456.88,3086.5,2815.1
2025-01-20,Tomato,Azadpur (Delhi),2863.6,3644.58,3254.09,725.5
2025-01-21,Tomato,Azadpur (Delhi),2890.38,3678.66,3284.52,2791.0
2025-01-22,Tomato,Azadpur (Delhi),2769.34,3524.62,3146.98,2851.3
2025-01-23,Tomato,Azadpur (Delhi),2787.6,3547.86,3167.73,2960.7
2025-01-24,Tomato,Azadpur (Delhi),2935.1,3735.58,3335.34,2272.4
2025-01-25,Tomato,Azadpur (Delhi),2579.34,3282.8,2931.07,2835.5
2025-01-26,Tomato,Azadpur (Delhi),2590.49,3296.99,2943.74,1352.6
2025-01-27,Tomato,Azadpur (Delhi),2624.35,3340.09,2982.22,716.0
2025-01-28,Tomato,Azadpur (Delhi),2591.45,3298.21,2944.83,3406.7
2025-01-29,Tomato,Azadpur (Delhi),2505.34,3188.62,2846.98,2469.7
2025-01-30,Tomato,Azadpur (Delhi),2542.05,3235.33,2888.69,1943.9
2025-01-31,Tomato,Azadpur (Delhi),2759.04,3511.5,3135.27,3090.7
2025-02-01,Tomato,Azadpur (Delhi),2642.52,3363.2,3002.86,1222.2
2025-02-02,Tomato,Azadpur (Delhi),2875.84,3660.16,3268.0,2977.6
2025-02-03,Tomato,Azadpur (Delhi),3001.72,3820.38,3411.05,1777.4
2025-02-04,Tomato,Azadpur (Delhi),2962.95,3771.03,3366.99,1495.2
2025-02-05,Tomato,Azadpur (Delhi),2863.07,3643.91,3253.49,2596.5
2025-02-06,Tomato,Azadpur (Delhi),2951.19,3756.07,3353.63,1328.5
2025-02-07,Tomato,Azadpur (Delhi),2811.34,3578.08,3194.71,703.0
2025-02-08,Tomato,Azadpur (Delhi),2530.77,3220.97,2875.87,2832.1
2025-02-09,Tomato,Azadpur (Delhi),2690.39,3424.13,3057.26,1579.8
2025-02-10,Tomato,Azadpur (Delhi),2402.8,3058.12,2730.46,1153.3
2025-02-11,Tomato,Azadpur (Delhi),2219.36,2824.64,2522.0,797.6
2025-02-12,Tomato,Azadpur (Delhi),2238.54,2849.06,2543.8,2273.5
2025-02-13,Tomato,Azadpur (Delhi),2169.53,2761.23,2465.38,1299.4
2025-02-14,Tomato,Azadpur (Delhi),2448.12,3115.78,2781.95,1288.1
2025-02-15,Tomato,Azadpur (Delhi),2571.09,3272.29,2921.69,2807.2
2025-02-16,Tomato,Azadpur (Delhi),2356.05,2998.61,2677.33,1369.1
2025-02-17,Tomato,Azadpur (Delhi),2453.3,3122.38,2787.84,3306.3
2025-02-18,Tomato,Azadpur (Delhi),2466.63,3139.35,2802.99,3351.7
2025-02-19,Tomato,Azadpur (Delhi),2641.39,3361.77,3001.58,2049.6
2025-02-20,Tomato,Azadpur (Delhi),3002.63,3821.53,3412.08,2983.9
2025-02-21,Tomato,Azadpur (Delhi),3220.25,4098.51,3659.38,2772.4
2025-02-22,Tomato,Azadpur (Delhi),2821.89,3591.49,3206.69,3481.7
2025-02-23,Tomato,Azadpur (Delhi),2764.69,3518.69,3141.69,1055.8
2025-02-24,Tomato,Azadpur (Delhi),2802.26,3566.52,3184.39,2971.5
2025-02-25,Tomato,Azadpur (Delhi),2950.81,3755.57,3353.19,561.1
2025-02-26,Tomato,Azadpur (Delhi),2780.94,3539.38,3160.16,1748.5
2025-02-27,Tomato,Azadpur (Delhi),2803.37,3567.93,3185.65,1846.6
2025-02-28,Tomato,Azadpur (Delhi),2783.2,3542.26,3162.73,2364.9
2025-03-01,Tomato,Azadpur (Delhi),2652.81,3376.31,3014.56,2160.3
2025-03-02,Tomato,Azadpur (Delhi),2566.34,3266.24,2916.29,684.9
2025-03-03,Tomato,Azadpur (Delhi),2583.68,3288.32,2936.0,1140.8
2025-03-04,Tomato,Azadpur (Delhi),2785.69,3545.43,3165.56,878.5
2025-03-05,Tomato,Azadpur (Delhi),3001.74,3820.4,3411.07,3351.7
2025-03-06,Tomato,Azadpur (Delhi),2921.71,3718.53,3320.12,2515.3
2025-03-07,Tomato,Azadpur (Delhi),3129.53,3983.03,3556.28,1287.9
2025-03-08,Tomato,Azadpur (Delhi),3133.86,3988.56,3561.21,557.7
2025-03-09,Tomato,Azadpur (Delhi),3036.78,3865.0,3450.89,1837.7
2025-03-10,Tomato,Azadpur (Delhi),2922.17,3719.13,3320.65,2837.8
2025-03-11,Tomato,Azadpur (Delhi),2601.36,3310.82,2956.09,2121.3
2025-03-12,Tomato,Azadpur (Delhi),2579.13,3282.53,2930.83,3266.3
2025-03-13,Tomato,Azadpur (Delhi),2445.56,3112.52,2779.04,1601.0
2025-03-14,Tomato,Azadpur (Delhi),2267.05,2885.33,2576.19,1750.9
2025-03-15,Tomato,Azadpur (Delhi),2288.22,2912.28,2600.25,3196.2
2025-03-16,Tomato,Azadpur (Delhi),2497.0,3178.0,2837.5,645.4
2025-03-17,Tomato,Azadpur (Delhi),2611.16,3323.3,2967.23,1555.9
2025-03-18,Tomato,Azadpur (Delhi),2638.46,3358.04,2998.25,465.9
2025-03-19,Tomato,Azadpur (Delhi),2556.74,3254.04,2905.39,2831.1
2025-03-20,Tomato,Azadpur (Delhi),2248.26,2861.42,2554.84,2415.3
2025-03-21,Tomato,Azadpur (Delhi),2310.02,2940.02,2625.02,2090.2
2025-03-22,Tomato,Azadpur (Delhi),2373.46,3020.76,2697.11,3245.7
2025-03-23,Tomato,Azadpur (Delhi),2285.18,2908.4,2596.79,1455.7
2025-03-24,Tomato,Azadpur (Delhi),2099.37,2671.93,2385.65,3415.3
2025-03-25,Tomato,Azadpur (Delhi),2009.42,2557.44,2283.43,575.8
2025-03-26,Tomato,Azadpur (Delhi),2009.54,2557.6,2283.57,448.7
2025-03-27,Tomato,Azadpur (Delhi),1951.23,2483.39,2217.31,1001.8
2025-03-28,Tomato,Azadpur (Delhi),1769.83,2252.51,2011.17,1039.7
2025-03-29,Tomato,Azadpur (Delhi),1810.68,2304.5,2057.59,1927.1
2025-03-30,Tomato,Azadpur (Delhi),1739.75,2214.23,1976.99,2157.1
2025-03-31,Tomato,Azadpur (Delhi),1861.54,2369.24,2115.39,2768.3
2025-04-01,Tomato,Azadpur (Delhi),1865.98,2374.88,2120.43,2221.8
2025-04-02,Tomato,Azadpur (Delhi),2006.24,2553.4,2279.82,2557.4
2025-04-03,Tomato,Azadpur (Delhi),1964.83,2500.69,2232.76,464.2
2025-04-04,Tomato,Azadpur (Delhi),1742.16,2217.3,1979.73,2267.4
2025-04-05,Tomato,Azadpur (Delhi),1744.55,2220.33,1982.44,1553.7
2025-04-06,Tomato,Azadpur (Delhi),1704.26,2169.06,1936.66,1096.4
2025-04-07,Tomato,Azadpur (Delhi),1714.97,2182.69,1948.83,1368.1
2025-04-08,Tomato,Azadpur (Delhi),1607.34,2045.7,1826.52,590.1
2025-04-09,Tomato,Azadpur (Delhi),1757.91,2237.33,1997.62,2754.4
2025-04-10,Tomato,Azadpur (Delhi),1846.94,2350.66,2098.8,2737.3
2025-04-11,Tomato,Azadpur (Delhi),1799.1,2289.76,2044.43,1264.9
2025-04-12,Tomato,Azadpur (Delhi),1937.07,2465.37,2201.22,896.6
2025-04-13,Tomato,Azadpur (Delhi),1875.82,2387.4,2131.61,2824.7
2025-04-14,Tomato,Azadpur (Delhi),1885.0,2399.1,2142.05,2130.4
2025-04-15,Tomato,Azadpur (Delhi),2001.79,2547.73,2274.76,1005.9
2025-04-16,Tomato,Azadpur (Delhi),1834.53,2334.85,2084.69,3192.1
2025-04-17,Tomato,Azadpur (Delhi),1810.58,2304.38,2057.48,2715.3
2025-04-18,Tomato,Azadpur (Delhi),1765.32,2246.76,2006.04,436.3
2025-04-19,Tomato,Azadpur (Delhi),1758.36,2237.92,1998.14,956.9
2025-04-20,Tomato,Azadpur (Delhi),1826.71,2324.91,2075.81,1368.6
2025-04-21,Tomato,Azadpur (Delhi),1696.69,2159.43,1928.06,2904.7
2025-04-22,Tomato,Azadpur (Delhi),1694.82,2157.04,1925.93,3223.7
2025-04-23,Tomato,Azadpur (Delhi),1626.69,2070.33,1848.51,883.2
2025-04-24,Tomato,Azadpur (Delhi),1570.43,1998.73,1784.58,2155.9
2025-04-25,Tomato,Azadpur (Delhi),1745.04,2220.96,1983.0,1479.7
2025-04-26,Tomato,Azadpur (Delhi),1618.36,2059.74,1839.05,1246.9
2025-04-27,Tomato,Azadpur (Delhi),1598.21,2034.09,1816.15,750.3
2025-04-28,Tomato,Azadpur (Delhi),1648.12,2097.6,1872.86,1023.1
2025-04-29,Tomato,Azadpur (Delhi),1729.35,2200.99,1965.17,3336.4
2025-04-30,Tomato,Azadpur (Delhi),1701.92,2166.08,1934.0,461.1
2025-05-01,Tomato,Azadpur (Delhi),1579.41,2010.15,1794.78,526.2
2025-05-02,Tomato,Azadpur (Delhi),1640.6,2088.04,1864.32,1839.8
2025-05-03,Tomato,Azadpur (Delhi),1599.5,2035.72,1817.61,2726.7
2025-05-04,Tomato,Azadpur (Delhi),1466.41,1866.33,1666.37,1421.3
2025-05-05,Tomato,Azadpur (Delhi),1493.44,1900.74,1697.09,3457.9
2025-05-06,Tomato,Azadpur (Delhi),1403.15,1785.83,1594.49,573.7
2025-05-07,Tomato,Azadpur (Delhi),1435.01,1826.37,1630.69,417.6
2025-05-08,Tomato,Azadpur (Delhi),1456.5,1853.72,1655.11,2581.4
2025-05-09,Tomato,Azadpur (Delhi),1394.86,1775.28,1585.07,2980.4
2025-05-10,Tomato,Azadpur (Delhi),1452.07,1848.09,1650.08,1880.7
2025-05-11,Tomato,Azadpur (Delhi),1548.85,1971.27,1760.06,1155.1
2025-05-12,Tomato,Azadpur (Delhi),1689.13,2149.81,1919.47,3284.5
2025-05-13,Tomato,Azadpur (Delhi),1525.86,1942.0,1733.93,1277.1
2025-05-14,Tomato,Azadpur (Delhi),1491.43,1898.19,1694.81,1793.7
2025-05-15,Tomato,Azadpur (Delhi),1501.81,1911.39,1706.6,1467.3
2025-05-16,Tomato,Azadpur (Delhi),1559.32,1984.58,1771.95,1279.2
2025-05-17,Tomato,Azadpur (Delhi),1555.27,1979.43,1767.35,2771.1
2025-05-18,Tomato,Azadpur (Delhi),1563.28,1989.64,1776.46,1102.7
2025-05-19,Tomato,Azadpur (Delhi),1543.57,1964.55,1754.06,1816.7
2025-05-20,Tomato,Azadpur (Delhi),1524.57,1940.37,1732.47,1892.4
2025-05-21,Tomato,Azadpur (Delhi),1620.63,2062.63,1841.63,3419.0
2025-05-22,Tomato,Azadpur (Delhi),1515.83,1929.23,1722.53,871.1
2025-05-23,Tomato,Azadpur (Delhi),1624.53,2067.59,1846.06,3285.2
2025-05-24,Tomato,Azadpur (Delhi),1632.65,2077.91,1855.28,2011.5
2025-05-25,Tomato,Azadpur (Delhi),1652.3,2102.92,1877.61,3028.3
2025-05-26,Tomato,Azadpur (Delhi),1760.01,2240.01,2000.01,2664.3
2025-05-27,Tomato,Azadpur (Delhi),1826.77,2324.97,2075.87,933.4
2025-05-28,Tomato,Azadpur (Delhi),1880.14,2392.9,2136.52,543.5
2025-05-29,Tomato,Azadpur (Delhi),1924.52,2449.38,2186.95,3302.7
2025-05-30,Tomato,Azadpur (Delhi),1812.33,2306.61,2059.47,1374.1
2025-05-31,Tomato,Azadpur (Delhi),1967.19,2503.69,2235.44,1824.4
2025-06-01,Tomato,Azadpur (Delhi),1897.43,2414.91,2156.17,3398.4
2025-06-02,Tomato,Azadpur (Delhi),1816.88,2312.4,2064.64,3495.3
2025-06-03,Tomato,Azadpur (Delhi),1793.87,2283.11,2038.49,1330.1
2025-06-04,Tomato,Azadpur (Delhi),1880.13,2392.89,2136.51,1417.9
2025-06-05,Tomato,Azadpur (Delhi),1834.16,2334.38,2084.27,3415.7
2025-06-06,Tomato,Azadpur (Delhi),1957.85,2491.81,2224.83,2089.0
2025-06-07,Tomato,Azadpur (Delhi),1845.03,2348.21,2096.62,607.2
2025-06-08,Tomato,Azadpur (Delhi),1987.8,2529.92,2258.86,976.3
2025-06-09,Tomato,Azadpur (Delhi),1761.6,2242.04,2001.82,2881.6
2025-06-10,Tomato,Azadpur (Delhi),1859.89,2367.13,2113.51,2667.8
2025-06-11,Tomato,Azadpur (Delhi),2034.41,2589.25,2311.83,2705.7
2025-06-12,Tomato,Azadpur (Delhi),2092.32,2662.96,2377.64,599.9
2025-06-13,Tomato,Azadpur (Delhi),1888.42,2403.44,2145.93,3140.4
2025-06-14,Tomato,Azadpur (Delhi),1798.99,2289.63,2044.31,882.5
2025-06-15,Tomato,Azadpur (Delhi),1780.87,2266.57,2023.72,3310.9
2025-06-16,Tomato,Azadpur (Delhi),1650.36,2100.46,1875.41,450.3
2025-06-17,Tomato,Azadpur (Delhi),1679.2,2137.16,1908.18,1614.8
2025-06-18,Tomato,Azadpur (Delhi),1601.86,2038.74,1820.3,3013.4
2025-06-19,Tomato,Azadpur (Delhi),1580.18,2011.14,1795.66,2745.3
2025-06-20,Tomato,Azadpur (Delhi),1469.48,1870.24,1669.86,1148.8
2025-06-21,Tomato,Azadpur (Delhi),1527.35,1943.91,1735.63,1252.2
2025-06-22,Tomato,Azadpur (Delhi),1474.62,1876.78,1675.7,1160.5
2025-06-23,Tomato,Azadpur (Delhi),1456.3,1853.48,1654.89,2911.2
2025-06-24,Tomato,Azadpur (Delhi),1461.3,1859.84,1660.57,692.9
2025-06-25,Tomato,Azadpur (Delhi),1535.5,1954.28,1744.89,3480.7
2025-06-26,Tomato,Azadpur (Delhi),1452.7,1848.9,1650.8,1216.5
2025-06-27,Tomato,Azadpur (Delhi),1423.31,1811.49,1617.4,1843.9
2025-06-28,Tomato,Azadpur (Delhi),1555.88,1980.2,1768.04,570.3
2025-06-29,Tomato,Azadpur (Delhi),1675.84,2132.88,1904.36,1381.4
2025-06-30,Tomato,Azadpur (Delhi),1605.49,2043.35,1824.42,1768.9
2025-07-01,Tomato,Azadpur (Delhi),1663.32,2116.96,1890.14,1036.4
2025-07-02,Tomato,Azadpur (Delhi),1684.16,2143.48,1913.82,1858.6
2025-07-03,Tomato,Azadpur (Delhi),1727.92,2199.18,1963.55,1662.1
2025-07-04,Tomato,Azadpur (Delhi),1697.16,2160.02,1928.59,1600.8
2025-07-05,Tomato,Azadpur (Delhi),1635.44,2081.48,1858.46,2749.3
2025-07-06,Tomato,Azadpur (Delhi),1713.38,2180.66,1947.02,2131.7
2025-07-07,Tomato,Azadpur (Delhi),1580.0,2010.9,1795.45,2148.2
2025-07-08,Tomato,Azadpur (Delhi),1625.26,2068.52,1846.89,1216.3
2025-07-09,Tomato,Azadpur (Delhi),1604.12,2041.6,1822.86,2882.1
2025-07-10,Tomato,Azadpur (Delhi),1527.73,1944.39,1736.06,728.5
2025-07-11,Tomato,Azadpur (Delhi),1485.88,1891.12,1688.5,2841.9
2025-07-12,Tomato,Azadpur (Delhi),1541.82,1962.32,1752.07,2649.1
2025-07-13,Tomato,Azadpur (Delhi),1502.47,1912.23,1707.35,2522.4
2025-07-14,Tomato,Azadpur (Delhi),1633.61,2079.13,1856.37,2895.0
2025-07-15,Tomato,Azadpur (Delhi),1680.85,2139.27,1910.06,1525.5
2025-07-16,Tomato,Azadpur (Delhi),1600.24,2036.66,1818.45,3351.2
2025-07-17,Tomato,Azadpur (Delhi),1563.54,1989.96,1776.75,2051.5
2025-07-18,Tomato,Azadpur (Delhi),1622.8,2065.38,1844.09,812.9
2025-07-19,Tomato,Azadpur (Delhi),1655.65,2107.19,1881.42,2112.4
2025-07-20,Tomato,Azadpur (Delhi),1643.69,2091.97,1867.83,3488.3
2025-07-21,Tomato,Azadpur (Delhi),1823.63,2320.99,2072.31,1193.9
2025-07-22,Tomato,Azadpur (Delhi),1736.67,2210.31,1973.49,1904.4
2025-07-23,Tomato,Azadpur (Delhi),1645.94,2094.84,1870.39,3180.6
2025-07-24,Tomato,Azadpur (Delhi),1648.23,2097.75,1872.99,2787.4
2025-07-25,Tomato,Azadpur (Delhi),1640.75,2088.23,1864.49,573.1
2025-07-26,Tomato,Azadpur (Delhi),1635.15,2081.11,1858.13,670.7
2025-07-27,Tomato,Azadpur (Delhi),1647.05,2096.25,1871.65,1085.0
2025-07-28,Tomato,Azadpur (Delhi),1706.41,2171.79,1939.1,1203.8
2025-07-29,Tomato,Azadpur (Delhi),1612.04,2051.68,1831.86,415.9
2025-07-30,Tomato,Azadpur (Delhi),1605.23,2043.03,1824.13,1939.7
2025-07-31,Tomato,Azadpur (Delhi),1675.6,2132.58,1904.09,2316.6
2025-08-01,Tomato,Azadpur (Delhi),1654.19,2105.33,1879.76,2018.7
2025-08-02,Tomato,Azadpur (Delhi),1672.92,2129.18,1901.05,3482.9
2025-08-03,Tomato,Azadpur (Delhi),1661.4,2114.5,1887.95,3211.4
2025-08-04,Tomato,Azadpur (Delhi),1604.13,2041.63,1822.88,836.0
2025-08-05,Tomato,Azadpur (Delhi),1676.52,2133.76,1905.14,2727.4
2025-08-06,Tomato,Azadpur (Delhi),1692.92,2154.62,1923.77,1879.5
2025-08-07,Tomato,Azadpur (Delhi),1614.55,2054.89,1834.72,1147.4
2025-08-08,Tomato,Azadpur (Delhi),1561.9,1987.88,1774.89,3061.0
2025-08-09,Tomato,Azadpur (Delhi),1744.43,2220.19,1982.31,2974.3
2025-08-10,Tomato,Azadpur (Delhi),1743.31,2218.75,1981.03,1925.2
2025-08-11,Tomato,Azadpur (Delhi),1731.32,2203.5,1967.41,1528.4
2025-08-12,Tomato,Azadpur (Delhi),1642.55,2090.51,1866.53,2097.9
2025-08-13,Tomato,Azadpur (Delhi),1683.09,2142.11,1912.6,2690.8
2025-08-14,Tomato,Azadpur (Delhi),1827.5,2325.92,2076.71,1893.5
2025-08-15,Tomato,Azadpur (Delhi),1932.25,2459.23,2195.74,554.7
2025-08-16,Tomato,Azadpur (Delhi),1934.9,2462.6,2198.75,1891.2
2025-08-17,Tomato,Azadpur (Delhi),2032.52,2586.84,2309.68,2067.6
2025-08-18,Tomato,Azadpur (Delhi),2065.12,2628.34,2346.73,1164.5
2025-08-19,Tomato,Azadpur (Delhi),2154.97,2742.69,2448.83,2118.7
2025-08-20,Tomato,Azadpur (Delhi),2165.44,2756.02,2460.73,1559.1
2025-08-21,Tomato,Azadpur (Delhi),2064.97,2628.15,2346.56,899.6
2025-08-22,Tomato,Azadpur (Delhi),2074.39,2640.13,2357.26,2295.9
2025-08-23,Tomato,Azadpur (Delhi),2140.98,2724.88,2432.93,968.5
2025-08-24,Tomato,Azadpur (Delhi),2076.22,2642.46,2359.34,1517.5
2025-08-25,Tomato,Azadpur (Delhi),2294.28,2920.0,2607.14,2151.8
2025-08-26,Tomato,Azadpur (Delhi),2538.95,3231.39,2885.17,895.4
2025-08-27,Tomato,Azadpur (Delhi),2653.9,3377.7,3015.8,2899.7
2025-08-28,Tomato,Azadpur (Delhi),2703.96,3441.4,3072.68,1100.3
2025-08-29,Tomato,Azadpur (Delhi),2538.74,3231.12,2884.93,1692.6
2025-08-30,Tomato,Azadpur (Delhi),2507.72,3191.64,2849.68,3274.1
2025-08-31,Tomato,Azadpur (Delhi),2496.99,3177.99,2837.49,1584.9
2025-09-01,Tomato,Azadpur (Delhi),2295.79,2921.91,2608.85,2763.9
2025-09-02,Tomato,Azadpur (Delhi),2451.79,3120.47,2786.13,3227.3
2025-09-03,Tomato,Azadpur (Delhi),2422.58,3083.28,2752.93,1976.1
2025-09-04,Tomato,Azadpur (Delhi),2575.14,3277.46,2926.3,2453.8
2025-09-05,Tomato,Azadpur (Delhi),2589.3,3295.48,2942.39,524.8
2025-09-06,Tomato,Azadpur (Delhi),2538.43,3230.73,2884.58,3027.5
2025-09-07,Tomato,Azadpur (Delhi),2602.06,3311.72,2956.89,2509.2
2025-09-08,Tomato,Azadpur (Delhi),2623.25,3338.69,2980.97,2467.6
2025-09-09,Tomato,Azadpur (Delhi),2505.98,3189.44,2847.71,2488.3
2025-09-10,Tomato,Azadpur (Delhi),2427.48,3089.52,2758.5,1854.5
2025-09-11,Tomato,Azadpur (Delhi),2431.77,3094.97,2763.37,1631.2
2025-09-12,Tomato,Azadpur (Delhi),2198.12,2797.6,2497.86,1484.8
2025-09-13,Tomato,Azadpur (Delhi),1986.16,2527.84,2257.0,887.8
2025-09-14,Tomato,Azadpur (Delhi),1998.09,2543.03,2270.56,3196.0
2025-09-15,Tomato,Azadpur (Delhi),1910.55,2431.61,2171.08,3068.6
2025-09-16,Tomato,Azadpur (Delhi),1837.95,2339.21,2088.58,1992.5
2025-09-17,Tomato,Azadpur (Delhi),1905.53,2425.23,2165.38,3003.3
2025-09-18,Tomato,Azadpur (Delhi),1890.93,2406.63,2148.78,3224.0
2025-09-19,Tomato,Azadpur (Delhi),2002.36,2548.46,2275.41,1579.6
2025-09-20,Tomato,Azadpur (Delhi),1944.32,2474.58,2209.45,1361.5
2025-09-21,Tomato,Azadpur (Delhi),1864.9,2373.52,2119.21,2000.3
2025-09-22,Tomato,Azadpur (Delhi),1941.71,2471.27,2206.49,1836.5
2025-09-23,Tomato,Azadpur (Delhi),1959.26,2493.6,2226.43,2112.3
2025-09-24,Tomato,Azadpur (Delhi),2049.76,2608.78,2329.27,3311.6
2025-09-25,Tomato,Azadpur (Delhi),2015.42,2565.08,2290.25,1771.4
2025-09-26,Tomato,Azadpur (Delhi),2198.73,2798.39,2498.56,1996.4
2025-09-27,Tomato,Azadpur (Delhi),1975.41,2514.15,2244.78,1061.6
2025-09-28,Tomato,Azadpur (Delhi),2065.06,2628.26,2346.66,2050.2
2025-09-29,Tomato,Azadpur (Delhi),2255.11,2870.13,2562.62,3075.9
2025-09-30,Tomato,Azadpur (Delhi),2200.85,2801.09,2500.97,1555.9
2025-10-01,Tomato,Azadpur (Delhi),2282.12,2904.52,2593.32,2964.3
2025-10-02,Tomato,Azadpur (Delhi),2227.68,2835.22,2531.45,2625.2
2025-10-03,Tomato,Azadpur (Delhi),2189.84,2787.06,2488.45,2167.2
2025-10-04,Tomato,Azadpur (Delhi),2088.87,2658.57,2373.72,2656.7
2025-10-05,Tomato,Azadpur (Delhi),2034.46,2589.32,2311.89,2092.6
2025-10-06,Tomato,Azadpur (Delhi),2157.79,2746.27,2452.03,2595.1
2025-10-07,Tomato,Azadpur (Delhi),2155.07,2742.81,2448.94,837.2
2025-10-08,Tomato,Azadpur (Delhi),2103.96,2677.76,2390.86,2198.5
2025-10-09,Tomato,Azadpur (Delhi),1983.05,2523.89,2253.47,1424.3
2025-10-10,Tomato,Azadpur (Delhi),2076.12,2642.34,2359.23,1588.2
2025-10-11,Tomato,Azadpur (Delhi),1845.98,2349.44,2097.71,3265.0
2025-10-12,Tomato,Azadpur (Delhi),1952.5,2485.0,2218.75,1364.7
2025-10-13,Tomato,Azadpur (Delhi),1904.81,2424.31,2164.56,2685.6
2025-10-14,Tomato,Azadpur (Delhi),1919.2,2442.62,2180.91,1268.5
2025-10-15,Tomato,Azadpur (Delhi),1994.75,2538.77,2266.76,2812.4
2025-10-16,Tomato,Azadpur (Delhi),1976.59,2515.67,2246.13,709.3
2025-10-17,Tomato,Azadpur (Delhi),2068.26,2632.32,2350.29,3135.5
2025-10-18,Tomato,Azadpur (Delhi),2256.46,2871.86,2564.16,2881.5
2025-10-19,Tomato,Azadpur (Delhi),2369.75,3016.05,2692.9,1218.9
2025-10-20,Tomato,Azadpur (Delhi),2362.7,3007.08,2684.89,3004.8
2025-10-21,Tomato,Azadpur (Delhi),2264.04,2881.5,2572.77,1634.2
2025-10-22,Tomato,Azadpur (Delhi),2426.78,3088.62,2757.7,621.5
2025-10-23,Tomato,Azadpur (Delhi),2454.07,3123.37,2788.72,1819.1
2025-10-24,Tomato,Azadpur (Delhi),2573.89,3275.85,2924.87,3487.7
2025-10-25,Tomato,Azadpur (Delhi),2483.8,3161.2,2822.5,480.5
2025-10-26,Tomato,Azadpur (Delhi),2635.59,3354.39,2994.99,1393.0
2025-10-27,Tomato,Azadpur (Delhi),2432.05,3095.33,2763.69,3041.7
2025-10-28,Tomato,Azadpur (Delhi),2545.82,3240.14,2892.98,1139.8
2025-10-29,Tomato,Azadpur (Delhi),2671.8,3400.48,3036.14,2172.5
2025-10-30,Tomato,Azadpur (Delhi),2573.37,3275.19,2924.28,1633.1
2025-10-31,Tomato,Azadpur (Delhi),2619.73,3334.21,2976.97,2323.6
2025-11-01,Tomato,Azadpur (Delhi),2438.22,3103.2,2770.71,753.5
2025-11-02,Tomato,Azadpur (Delhi),2299.43,2926.55,2612.99,2663.2
2025-11-03,Tomato,Azadpur (Delhi),2267.72,2886.18,2576.95,3266.0
2025-11-04,Tomato,Azadpur (Delhi),2416.0,3074.92,2745.46,3365.5
2025-11-05,Tomato,Azadpur (Delhi),2386.89,3037.87,2712.38,1663.6
2025-11-06,Tomato,Azadpur (Delhi),2176.41,2769.97,2473.19,548.1
2025-11-07,Tomato,Azadpur (Delhi),2200.2,2800.26,2500.23,1119.3
2025-11-08,Tomato,Azadpur (Delhi),2007.48,2554.98,2281.23,871.5
2025-11-09,Tomato,Azadpur (Delhi),1951.14,2483.28,2217.21,3075.8
2025-11-10,Tomato,Azadpur (Delhi),2054.66,2615.02,2334.84,1881.7
2025-11-11,Tomato,Azadpur (Delhi),1952.61,2485.15,2218.88,1118.5
2025-11-12,Tomato,Azadpur (Delhi),2084.39,2652.85,2368.62,1681.6
2025-11-13,Tomato,Azadpur (Delhi),2078.68,2645.6,2362.14,2972.3
2025-11-14,Tomato,Azadpur (Delhi),2151.98,2738.88,2445.43,2229.8
2025-11-15,Tomato,Azadpur (Delhi),2226.06,2833.16,2529.61,2402.5
2025-11-16,Tomato,Azadpur (Delhi),2246.51,2859.19,2552.85,1088.6
2025-11-17,Tomato,Azadpur (Delhi),2249.26,2862.7,2555.98,3085.3
2025-11-18,Tomato,Azadpur (Delhi),2340.24,2978.48,2659.36,3456.3
2025-11-19,Tomato,Azadpur (Delhi),2196.8,2795.92,2496.36,1746.4
2025-11-20,Tomato,Azadpur (Delhi),2299.33,2926.41,2612.87,1893.8
2025-11-21,Tomato,Azadpur (Delhi),2282.75,2905.31,2594.03,2215.7
2025-11-22,Tomato,Azadpur (Delhi),2321.14,2954.18,2637.66,2053.3
2025-11-23,Tomato,Azadpur (Delhi),2461.69,3133.05,2797.37,1351.4
2025-11-24,Tomato,Azadpur (Delhi),2493.88,3174.02,2833.95,2860.6
2025-11-25,Tomato,Azadpur (Delhi),2393.56,3046.34,2719.95,3169.1
2025-11-26,Tomato,Azadpur (Delhi),2532.68,3223.42,2878.05,1486.3
2025-11-27,Tomato,Azadpur (Delhi),2665.86,3392.92,3029.39,2212.3
2025-11-28,Tomato,Azadpur (Delhi),2602.56,3312.36,2957.46,2780.5
2025-11-29,Tomato,Azadpur (Delhi),2435.14,3099.26,2767.2,3074.1
2025-11-30,Tomato,Azadpur (Delhi),2338.0,2975.64,2656.82,2168.6
2025-12-01,Tomato,Azadpur (Delhi),2263.16,2880.38,2571.77,1036.6
2025-12-02,Tomato,Azadpur (Delhi),2390.8,3042.84,2716.82,2085.5
2025-12-03,Tomato,Azadpur (Delhi),2333.84,2970.34,2652.09,3106.6
2025-12-04,Tomato,Azadpur (Delhi),2704.85,3442.53,3073.69,507.2
2025-12-05,Tomato,Azadpur (Delhi),2753.46,3504.4,3128.93,1003.2
2025-12-06,Tomato,Azadpur (Delhi),2813.6,3580.94,3197.27,587.0
2025-12-07,Tomato,Azadpur (Delhi),2857.8,3637.2,3247.5,3428.1
2025-12-08,Tomato,Azadpur (Delhi),2668.78,3396.62,3032.7,1771.1
2025-12-09,Tomato,Azadpur (Delhi),2649.15,3371.65,3010.4,526.9
2025-12-10,Tomato,Azadpur (Delhi),2753.83,3504.87,3129.35,3114.9
2025-12-11,Tomato,Azadpur (Delhi),2836.94,3610.64,3223.79,1220.5
2025-12-12,Tomato,Azadpur (Delhi),2948.81,3753.03,3350.92,3287.8
2025-12-13,Tomato,Azadpur (Delhi),3089.94,3932.66,3511.3,2753.1
2025-12-14,Tomato,Azadpur (Delhi),3134.47,3989.33,3561.9,3227.8
2025-12-15,Tomato,Azadpur (Delhi),3363.46,4280.76,3822.11,2293.8
2025-12-16,Tomato,Azadpur (Delhi),3201.65,4074.83,3638.24,2296.3
2025-12-17,Tomato,Azadpur (Delhi),3529.28,4491.8,4010.54,1471.7
2025-12-18,Tomato,Azadpur (Delhi),3535.1,4499.22,4017.16,2933.6
2025-12-19,Tomato,Azadpur (Delhi),3784.12,4816.16,4300.14,2097.3
2025-12-20,Tomato,Azadpur (Delhi),3550.57,4518.91,4034.74,2852.9
2025-12-21,Tomato,Azadpur (Delhi),3527.87,4490.01,4008.94,2546.7
2025-12-22,Tomato,Azadpur (Delhi),3270.6,4162.58,3716.59,2924.3
2025-12-23,Tomato,Azadpur (Delhi),3161.31,4023.49,3592.4,2568.7
2025-12-24,Tomato,Azadpur (Delhi),2957.1,3763.58,3360.34,2046.4
2025-12-25,Tomato,Azadpur (Delhi),2891.31,3679.85,3285.58,2825.4
2025-12-26,Tomato,Azadpur (Delhi),3061.86,3896.92,3479.39,788.3
2025-12-27,Tomato,Azadpur (Delhi),2962.56,3770.52,3366.54,2898.1
2025-12-28,Tomato,Azadpur (Delhi),2787.34,3547.52,3167.43,2701.5
2025-12-29,Tomato,Azadpur (Delhi),2928.89,3727.67,3328.28,3393.5
2025-12-30,Tomato,Azadpur (Delhi),2794.34,3556.44,3175.39,527.8
2025-12-31,Tomato,Azadpur (Delhi),2737.83,3484.51,3111.17,574.1
2026-01-01,Tomato,Azadpur (Delhi),2736.17,3482.39,3109.28,638.3
2026-01-02,Tomato,Azadpur (Delhi),2919.85,3716.17,3318.01,3170.0
2026-01-03,Tomato,Azadpur (Delhi),2801.66,3565.74,3183.7,1204.2
2026-01-04,Tomato,Azadpur (Delhi),2752.61,3503.33,3127.97,1335.5
2026-01-05,Tomato,Azadpur (Delhi),2600.9,3310.24,2955.57,986.4
2026-01-06,Tomato,Azadpur (Delhi),2599.69,3308.69,2954.19,3452.7
2026-01-07,Tomato,Azadpur (Delhi),2865.99,3647.63,3256.81,1343.2
2026-01-08,Tomato,Azadpur (Delhi),2828.1,3599.4,3213.75,1781.1
2026-01-09,Tomato,Azadpur (Delhi),3080.92,3921.18,3501.05,2592.8
2026-01-10,Tomato,Azadpur (Delhi),3137.91,3993.71,3565.81,1195.1
2026-01-11,Tomato,Azadpur (Delhi),3142.08,3999.02,3570.55,1994.1
2026-01-12,Tomato,Azadpur (Delhi),3037.07,3865.37,3451.22,1343.2
2026-01-13,Tomato,Azadpur (Delhi),3148.75,4007.51,3578.13,445.0
2026-01-14,Tomato,Azadpur (Delhi),3017.81,3840.85,3429.33,3137.7
2026-01-15,Tomato,Azadpur (Delhi),3145.67,4003.57,3574.62,1921.9
2026-01-16,Tomato,Azadpur (Delhi),3125.66,3978.12,3551.89,1640.6
2026-01-17,Tomato,Azadpur (Delhi),3160.46,4022.4,3591.43,3052.9
2026-01-18,Tomato,Azadpur (Delhi),3058.91,3893.15,3476.03,2025.1
2026-01-19,Tomato,Azadpur (Delhi),2896.64,3686.64,3291.64,3460.6
2026-01-20,Tomato,Azadpur (Delhi),2975.21,3786.63,3380.92,3450.6
2026-01-21,Tomato,Azadpur (Delhi),2974.36,3785.56,3379.96,2002.8
2026-01-22,Tomato,Azadpur (Delhi),3346.11,4258.69,3802.4,2651.4
2026-01-23,Tomato,Azadpur (Delhi),3668.98,4669.62,4169.3,805.1
2026-01-24,Tomato,Azadpur (Delhi),3448.55,4389.07,3918.81,1462.2
2026-01-25,Tomato,Azadpur (Delhi),3605.98,4589.44,4097.71,3242.1
2026-01-26,Tomato,Azadpur (Delhi),3914.96,4982.68,4448.82,2153.8
2026-01-27,Tomato,Azadpur (Delhi),3752.99,4776.53,4264.76,529.2
2026-01-28,Tomato,Azadpur (Delhi),3438.23,4375.93,3907.08,3231.6
2026-01-29,Tomato,Azadpur (Delhi),3530.29,4493.09,4011.69,2822.0
2026-01-30,Tomato,Azadpur (Delhi),3450.55,4391.61,3921.08,3131.3
2026-01-31,Tomato,Azadpur (Delhi),3354.57,4269.45,3812.01,1545.4
2026-02-01,Tomato,Azadpur (Delhi),3547.99,4515.63,4031.81,1384.7
2026-02-02,Tomato,Azadpur (Delhi),3537.12,4501.8,4019.46,1293.4
2026-02-03,Tomato,Azadpur (Delhi),3740.01,4760.01,4250.01,1009.4
2026-02-04,Tomato,Azadpur (Delhi),3987.9,5075.5,4531.7,1579.0
2026-02-05,Tomato,Azadpur (Delhi),4089.69,5205.07,4647.38,819.9
2026-02-06,Tomato,Azadpur (Delhi),4033.14,5133.08,4583.11,676.6
2026-02-07,Tomato,Azadpur (Delhi),3702.12,4711.8,4206.96,1071.4
2026-02-08,Tomato,Azadpur (Delhi),3702.19,4711.87,4207.03,3251.4
2026-02-09,Tomato,Azadpur (Delhi),3346.46,4259.14,3802.8,2449.5
2026-02-10,Tomato,Azadpur (Delhi),3291.97,4189.77,3740.87,1947.1
2026-02-11,Tomato,Azadpur (Delhi),3273.01,4165.65,3719.33,583.4
2026-02-12,Tomato,Azadpur (Delhi),3581.69,4558.51,4070.1,3043.4
2026-02-13,Tomato,Azadpur (Delhi),3351.25,4265.23,3808.24,1024.2
2026-02-14,Tomato,Azadpur (Delhi),3435.33,4372.23,3903.78,1393.3
2026-02-15,Tomato,Azadpur (Delhi),3406.75,4335.87,3871.31,3131.4
2026-02-16,Tomato,Azadpur (Delhi),3496.2,4449.72,3972.96,740.1
2026-02-17,Tomato,Azadpur (Delhi),3058.6,3892.76,3475.68,2974.7
2026-02-18,Tomato,Azadpur (Delhi),3091.95,3935.21,3513.58,3396.2
2026-02-19,Tomato,Azadpur (Delhi),3229.68,4110.5,3670.09,1651.1
2026-02-20,Tomato,Azadpur (Delhi),3031.96,3858.86,3445.41,766.8
2026-02-21,Tomato,Azadpur (Delhi),3024.06,3848.8,3436.43,1752.7
2026-02-22,Tomato,Azadpur (Delhi),2961.07,3768.63,3364.85,1477.9
2026-02-23,Tomato,Azadpur (Delhi),2766.9,3521.52,3144.21,3092.7
2026-02-24,Tomato,Azadpur (Delhi),2736.31,3482.57,3109.44,2669.0
2026-02-25,Tomato,Azadpur (Delhi),2612.44,3324.92,2968.68,1078.1
2026-02-26,Tomato,Azadpur (Delhi),2428.55,3090.89,2759.72,484.9
2026-02-27,Tomato,Azadpur (Delhi),2443.01,3109.29,2776.15,2794.4
2026-02-28,Tomato,Azadpur (Delhi),2475.73,3150.93,2813.33,1702.9
2026-03-01,Tomato,Azadpur (Delhi),2364.68,3009.6,2687.14,1496.8
2026-03-02,Tomato,Azadpur (Delhi),2505.93,3189.37,2847.65,1581.1
2026-03-03,Tomato,Azadpur (Delhi),2449.66,3117.74,2783.7,1127.2
2026-03-04,Tomato,Azadpur (Delhi),2674.07,3403.37,3038.72,2639.9
2026-03-05,Tomato,Azadpur (Delhi),2931.68,3731.22,3331.45,1903.3
2026-03-06,Tomato,Azadpur (Delhi),2806.02,3571.3,3188.66,1782.3
2026-03-07,Tomato,Azadpur (Delhi),3005.39,3825.05,3415.22,1700.7
2026-03-08,Tomato,Azadpur (Delhi),2860.26,3640.32,3250.29,2598.0
2026-03-09,Tomato,Azadpur (Delhi),2827.34,3598.44,3212.89,3330.5
2026-03-10,Tomato,Azadpur (Delhi),2631.42,3349.08,2990.25,2288.6
2026-03-11,Tomato,Azadpur (Delhi),2612.77,3325.35,2969.06,3084.9
2026-03-12,Tomato,Azadpur (Delhi),2732.57,3477.81,3105.19,2619.7
2026-03-13,Tomato,Azadpur (Delhi),2967.74,3777.12,3372.43,1799.6
2026-03-14,Tomato,Azadpur (Delhi),3176.49,4042.81,3609.65,959.9
2026-03-15,Tomato,Azadpur (Delhi),3215.75,4092.77,3654.26,3308.1
2026-03-16,Tomato,Azadpur (Delhi),3082.53,3923.23,3502.88,1713.8
2026-03-17,Tomato,Azadpur (Delhi),2965.9,3774.78,3370.34,639.1
2026-03-18,Tomato,Azadpur (Delhi),2962.03,3769.85,3365.94,3113.2
2026-03-19,Tomato,Azadpur (Delhi),2817.74,3586.22,3201.98,1172.2
2026-03-20,Tomato,Azadpur (Delhi),2804.11,3568.87,3186.49,550.6
2026-03-21,Tomato,Azadpur (Delhi),2871.97,3655.23,3263.6,2832.3
2026-03-22,Tomato,Azadpur (Delhi),2839.56,3613.98,3226.77,2716.3
2026-03-23,Tomato,Azadpur (Delhi),2942.84,3745.44,3344.14,2911.2
2026-03-24,Tomato,Azadpur (Delhi),2674.19,3403.51,3038.85,1515.4
2026-03-25,Tomato,Azadpur (Delhi),2511.05,3195.89,2853.47,580.0
2026-03-26,Tomato,Azadpur (Delhi),2379.67,3028.67,2704.17,1111.5
2026-03-27,Tomato,Azadpur (Delhi),2236.0,2845.82,2540.91,2094.7
2026-03-28,Tomato,Azadpur (Delhi),2436.05,3100.43,2768.24,754.4
2026-03-29,Tomato,Azadpur (Delhi),2287.56,2911.44,2599.5,2917.7
2026-03-30,Tomato,Azadpur (Delhi),2203.83,2804.87,2504.35,2350.0
2026-03-31,Tomato,Azadpur (Delhi),2117.34,2694.8,2406.07,1858.9
2026-04-01,Tomato,Azadpur (Delhi),2332.43,2968.55,2650.49,3192.6
2026-04-02,Tomato,Azadpur (Delhi),2377.9,3026.42,2702.16,2271.7
2026-04-03,Tomato,Azadpur (Delhi),2320.53,2953.41,2636.97,1931.8
2026-04-04,Tomato,Azadpur (Delhi),2353.46,2995.32,2674.39,3130.3
2026-04-05,Tomato,Azadpur (Delhi),2127.56,2707.8,2417.68,2120.6
2026-04-06,Tomato,Azadpur (Delhi),2229.66,2837.76,2533.71,677.1
2026-04-07,Tomato,Azadpur (Delhi),2428.24,3090.48,2759.36,2396.7
2026-04-08,Tomato,Azadpur (Delhi),2551.12,3246.88,2899.0,1499.2
2026-04-09,Tomato,Azadpur (Delhi),2594.72,3302.38,2948.55,2998.0
2026-04-10,Tomato,Azadpur (Delhi),2329.88,2965.3,2647.59,3240.7
2026-04-11,Tomato,Azadpur (Delhi),2150.25,2736.69,2443.47,1180.1
2026-04-12,Tomato,Azadpur (Delhi),2096.79,2668.65,2382.72,1737.2
2026-04-13,Tomato,Azadpur (Delhi),1942.19,2471.87,2207.03,3133.1
2026-04-14,Tomato,Azadpur (Delhi),1982.26,2522.88,2252.57,1245.4
2026-04-15,Tomato,Azadpur (Delhi),2058.12,2619.42,2338.77,3376.6
2026-04-16,Tomato,Azadpur (Delhi),2191.96,2789.76,2490.86,1353.9
2026-04-17,Tomato,Azadpur (Delhi),2375.63,3023.53,2699.58,825.8
2026-04-18,Tomato,Azadpur (Delhi),2476.52,3151.94,2814.23,1012.8
2026-04-19,Tomato,Azadpur (Delhi),2524.28,3212.72,2868.5,2799.5
2026-04-20,Tomato,Azadpur (Delhi),2421.86,3082.36,2752.11,1436.5
2026-04-21,Tomato,Azadpur (Delhi),2276.41,2897.25,2586.83,2918.0
2026-04-22,Tomato,Azadpur (Delhi),2399.41,3053.79,2726.6,2836.9
2026-04-23,Tomato,Azadpur (Delhi),2302.7,2930.72,2616.71,2552.4
2026-04-24,Tomato,Azadpur (Delhi),2185.06,2780.98,2483.02,2998.1
2026-04-25,Tomato,Azadpur (Delhi),2048.13,2606.71,2327.42,2893.7
2026-04-26,Tomato,Azadpur (Delhi),1854.2,2359.88,2107.04,1170.1
2026-04-27,Tomato,Azadpur (Delhi),2119.04,2696.96,2408.0,1596.2
2026-04-28,Tomato,Azadpur (Delhi),2176.68,2770.32,2473.5,1460.0
2026-04-29,Tomato,Azadpur (Delhi),2222.62,2828.8,2525.71,1009.7
2026-04-30,Tomato,Azadpur (Delhi),2051.21,2610.63,2330.92,530.9
2026-05-01,Tomato,Azadpur (Delhi),1972.2,2510.08,2241.14,2430.4
2026-05-02,Tomato,Azadpur (Delhi),1845.56,2348.9,2097.23,1392.7
2026-05-03,Tomato,Azadpur (Delhi),1826.94,2325.2,2076.07,3076.6
2026-05-04,Tomato,Azadpur (Delhi),1903.04,2422.06,2162.55,2582.2
2026-05-05,Tomato,Azadpur (Delhi),1861.61,2369.33,2115.47,727.6
2026-05-06,Tomato,Azadpur (Delhi),1636.16,2082.38,1859.27,3452.5
2026-05-07,Tomato,Azadpur (Delhi),1657.03,2108.95,1882.99,2701.2
2026-05-08,Tomato,Azadpur (Delhi),1792.73,2281.65,2037.19,2937.1
2026-05-09,Tomato,Azadpur (Delhi),1751.97,2229.79,1990.88,1814.4
2026-05-10,Tomato,Azadpur (Delhi),1707.27,2172.89,1940.08,1049.1
2026-05-11,Tomato,Azadpur (Delhi),1851.74,2356.76,2104.25,3328.1
2026-05-12,Tomato,Azadpur (Delhi),1797.36,2287.54,2042.45,663.1
2026-05-13,Tomato,Azadpur (Delhi),1870.62,2380.8,2125.71,675.4
2026-05-14,Tomato,Azadpur (Delhi),1708.53,2174.49,1941.51,1600.0
2026-05-15,Tomato,Azadpur (Delhi),1671.95,2127.93,1899.94,3286.5
2026-05-16,Tomato,Azadpur (Delhi),1613.52,2053.56,1833.54,1105.2
2026-05-17,Tomato,Azadpur (Delhi),1528.45,1945.29,1736.87,1050.6
2026-05-18,Tomato,Azadpur (Delhi),1423.91,1812.25,1618.08,2068.8
2026-05-19,Tomato,Azadpur (Delhi),1471.84,1873.24,1672.54,2618.1
2026-05-20,Tomato,Azadpur (Delhi),1379.6,1755.86,1567.73,1415.7
2026-05-21,Tomato,Azadpur (Delhi),1412.09,1797.21,1604.65,1761.1
2026-05-22,Tomato,Azadpur (Delhi),1417.27,1803.79,1610.53,3466.9
2026-05-23,Tomato,Azadpur (Delhi),1447.34,1842.08,1644.71,482.8
2026-05-24,Tomato,Azadpur (Delhi),1344.14,1710.72,1527.43,580.4
2026-05-25,Tomato,Azadpur (Delhi),1391.54,1771.06,1581.3,521.1
2026-05-26,Tomato,Azadpur (Delhi),1322.23,1682.83,1502.53,3406.5
2026-05-27,Tomato,Azadpur (Delhi),1388.49,1767.17,1577.83,1494.1
2026-05-28,Tomato,Azadpur (Delhi),1389.5,1768.46,1578.98,1180.2
2026-05-29,Tomato,Azadpur (Delhi),1295.44,1648.74,1472.09,2848.1
2026-05-30,Tomato,Azadpur (Delhi),1301.26,1656.16,1478.71,1922.7
2026-05-31,Tomato,Azadpur (Delhi),1248.2,1588.62,1418.41,3100.0
2026-06-01,Tomato,Azadpur (Delhi),1222.58,1556.02,1389.3,2472.7
2026-06-02,Tomato,Azadpur (Delhi),1278.26,1626.88,1452.57,1889.9
2026-06-03,Tomato,Azadpur (Delhi),1413.07,1798.45,1605.76,3444.5
2026-06-04,Tomato,Azadpur (Delhi),1343.82,1710.32,1527.07,2120.5
2026-06-05,Tomato,Azadpur (Delhi),1442.21,1835.55,1638.88,936.5
2026-06-06,Tomato,Azadpur (Delhi),1377.5,1753.18,1565.34,2951.1
2026-06-07,Tomato,Azadpur (Delhi),1391.15,1770.55,1580.85,1631.6
2026-06-08,Tomato,Azadpur (Delhi),1375.86,1751.1,1563.48,601.2
2026-06-09,Tomato,Azadpur (Delhi),1407.23,1791.03,1599.13,1964.8
2026-06-10,Tomato,Azadpur (Delhi),1372.32,1746.6,1559.46,2658.3
2026-06-11,Tomato,Azadpur (Delhi),1400.55,1782.51,1591.53,2823.5
2026-06-12,Tomato,Azadpur (Delhi),1416.5,1802.82,1609.66,3041.6
2026-06-13,Tomato,Azadpur (Delhi),1336.97,1701.59,1519.28,2256.9
2026-06-14,Tomato,Azadpur (Delhi),1291.29,1643.45,1467.37,3450.1
2026-06-15,Tomato,Azadpur (Delhi),1462.19,1860.97,1661.58,409.7
2026-06-16,Tomato,Azadpur (Delhi),1489.25,1895.41,1692.33,650.9
2026-06-17,Tomato,Azadpur (Delhi),1472.69,1874.33,1673.51,2415.7
2026-06-18,Tomato,Azadpur (Delhi),1391.67,1771.21,1581.44,461.9
2026-06-19,Tomato,Azadpur (Delhi),1387.92,1766.44,1577.18,2519.7
2026-06-20,Tomato,Azadpur (Delhi),1400.83,1782.87,1591.85,3039.5
2026-06-21,Tomato,Azadpur (Delhi),1390.71,1769.99,1580.35,1947.6
2026-06-22,Tomato,Azadpur (Delhi),1542.6,1963.32,1752.96,3010.9
2026-06-23,Tomato,Azadpur (Delhi),1673.04,2129.32,1901.18,3313.8
2026-06-24,Tomato,Azadpur (Delhi),1743.22,2218.64,1980.93,1323.6
2026-06-25,Tomato,Azadpur (Delhi),1699.9,2163.52,1931.71,1510.2
2026-06-26,Tomato,Azadpur (Delhi),1840.09,2341.93,2091.01,2302.7
2026-06-27,Tomato,Azadpur (Delhi),1855.99,2362.17,2109.08,2116.2
2026-06-28,Tomato,Azadpur (Delhi),1972.35,2510.27,2241.31,499.1
2026-06-29,Tomato,Azadpur (Delhi),1810.29,2304.01,2057.15,1188.5
2026-06-30,Tomato,Azadpur (Delhi),1834.85,2335.27,2085.06,454.7
2026-07-01,Tomato,Azadpur (Delhi),1832.73,2332.57,2082.65,2306.1
2026-07-02,Tomato,Azadpur (Delhi),1627.29,2071.09,1849.19,1014.5
2026-07-03,Tomato,Azadpur (Delhi),1596.2,2031.52,1813.86,2293.5
2026-07-04,Tomato,Azadpur (Delhi),1618.13,2059.43,1838.78,3127.0
2026-07-05,Tomato,Azadpur (Delhi),1626.03,2069.49,1847.76,3352.6
2026-07-06,Tomato,Azadpur (Delhi),1625.47,2068.77,1847.12,1172.7
2026-07-07,Tomato,Azadpur (Delhi),1456.01,1853.11,1654.56,1954.2
2026-07-08,Tomato,Azadpur (Delhi),1466.84,1866.88,1666.86,3227.6
2026-07-09,Tomato,Azadpur (Delhi),1581.81,2013.21,1797.51,2853.5
2026-07-10,Tomato,Azadpur (Delhi),1541.78,1962.26,1752.02,1329.9
2026-07-11,Tomato,Azadpur (Delhi),1631.81,2076.85,1854.33,2487.6
2026-07-12,Tomato,Azadpur (Delhi),1640.41,2087.79,1864.1,1213.5
2026-07-13,Tomato,Azadpur (Delhi),1688.9,2149.5,1919.2,1522.9
2026-07-14,Tomato,Azadpur (Delhi),1721.61,2191.13,1956.37,1858.5
2026-07-15,Tomato,Azadpur (Delhi),1755.93,2234.81,1995.37,3448.1
2026-07-16,Tomato,Azadpur (Delhi),1721.95,2191.57,1956.76,2441.9
2026-07-17,Tomato,Azadpur (Delhi),1639.08,2086.1,1862.59,490.9
2026-07-18,Tomato,Azadpur (Delhi),1685.56,2145.26,1915.41,534.9
2026-07-19,Tomato,Azadpur (Delhi),1772.07,2255.37,2013.72,2125.2
2026-07-20,Tomato,Azadpur (Delhi),1857.62,2364.24,2110.93,1343.5
2026-07-21,Tomato,Azadpur (Delhi),1827.85,2326.35,2077.1,2005.9
2026-07-22,Tomato,Azadpur (Delhi),1873.07,2383.91,2128.49,2121.9
2026-07-23,Tomato,Azadpur (Delhi),1826.66,2324.84,2075.75,2531.1
2026-07-24,Tomato,Azadpur (Delhi),1761.84,2242.34,2002.09,3388.9
2026-07-25,Tomato,Azadpur (Delhi),1930.87,2457.47,2194.17,2564.2
2026-07-26,Tomato,Azadpur (Delhi),1839.88,2341.66,2090.77,895.3
2026-07-27,Tomato,Azadpur (Delhi),1740.2,2214.8,1977.5,3282.7
2026-07-28,Tomato,Azadpur (Delhi),1620.7,2062.7,1841.7,3246.0
2026-07-29,Tomato,Azadpur (Delhi),1551.15,1974.19,1762.67,719.9
2026-07-30,Tomato,Azadpur (Delhi),1696.77,2159.53,1928.15,984.3
2026-07-31,Tomato,Azadpur (Delhi),1816.11,2311.41,2063.76,2258.0
2026-08-01,Tomato,Azadpur (Delhi),1724.43,2194.73,1959.58,2091.0
2026-08-02,Tomato,Azadpur (Delhi),1731.94,2204.28,1968.11,1516.4
2026-08-03,Tomato,Azadpur (Delhi),1777.92,2262.8,2020.36,3495.3
2026-08-04,Tomato,Azadpur (Delhi),1688.15,2148.55,1918.35,2632.1
2026-08-05,Tomato,Azadpur (Delhi),1682.81,2141.75,1912.28,776.5
2026-08-06,Tomato,Azadpur (Delhi),1629.95,2074.49,1852.22,2799.6
2026-08-07,Tomato,Azadpur (Delhi),1619.81,2061.57,1840.69,1173.9
2026-08-08,Tomato,Azadpur (Delhi),1749.66,2226.84,1988.25,2537.5
2026-08-09,Tomato,Azadpur (Delhi),1753.05,2231.15,1992.1,944.3
2026-08-10,Tomato,Azadpur (Delhi),1877.41,2389.43,2133.42,2277.6
2026-08-11,Tomato,Azadpur (Delhi),1883.24,2396.84,2140.04,1548.1
2026-08-12,Tomato,Azadpur (Delhi),1759.57,2239.45,1999.51,3215.3
2026-08-13,Tomato,Azadpur (Delhi),1721.37,2190.83,1956.1,794.4
2026-08-14,Tomato,Azadpur (Delhi),1641.94,2089.74,1865.84,1205.0
2026-08-15,Tomato,Azadpur (Delhi),1563.56,1989.98,1776.77,1660.4
2026-08-16,Tomato,Azadpur (Delhi),1583.26,2015.06,1799.16,3270.1
2026-08-17,Tomato,Azadpur (Delhi),1476.16,1878.76,1677.46,1913.4
2026-08-18,Tomato,Azadpur (Delhi),1383.94,1761.38,1572.66,2881.9
2026-08-19,Tomato,Azadpur (Delhi),1418.23,1805.03,1611.63,2312.3
2026-08-20,Tomato,Azadpur (Delhi),1463.25,1862.31,1662.78,1711.2
2026-08-21,Tomato,Azadpur (Delhi),1413.92,1799.54,1606.73,2153.5
2026-08-22,Tomato,Azadpur (Delhi),1345.06,1711.9,1528.48,996.5
2026-08-23,Tomato,Azadpur (Delhi),1394.7,1775.08,1584.89,2133.2
2026-08-24,Tomato,Azadpur (Delhi),1324.85,1686.17,1505.51,634.9
2023-01-01,Potato,Agra,1465.9,1865.68,1665.79,1645.0
2023-01-02,Potato,Agra,1493.87,1901.29,1697.58,2663.8
2023-01-03,Potato,Agra,1561.49,1987.35,1774.42,1077.9
2023-01-04,Potato,Agra,1625.91,2069.35,1847.63,1199.0
2023-01-05,Potato,Agra,1553.87,1977.65,1765.76,2362.2
2023-01-06,Potato,Agra,1564.68,1991.4,1778.04,3282.9
2023-01-07,Potato,Agra,1506.05,1916.79,1711.42,411.2
2023-01-08,Potato,Agra,1461.49,1860.07,1660.78,777.2
2023-01-09,Potato,Agra,1403.07,1785.73,1594.4,1224.4
2023-01-10,Potato,Agra,1400.31,1782.21,1591.26,2610.9
2023-01-11,Potato,Agra,1406.09,1789.57,1597.83,2689.5
2023-01-12,Potato,Agra,1384.48,1762.06,1573.27,1218.2
2023-01-13,Potato,Agra,1337.25,1701.95,1519.6,1139.5
2023-01-14,Potato,Agra,1339.57,1704.91,1522.24,2090.8
2023-01-15,Potato,Agra,1300.75,1655.51,1478.13,3473.6
2023-01-16,Potato,Agra,1305.9,1662.06,1483.98,3427.8
2023-01-17,Potato,Agra,1311.89,1669.67,1490.78,837.3
2023-01-18,Potato,Agra,1336.9,1701.52,1519.21,822.2
2023-01-19,Potato,Agra,1348.11,1715.77,1531.94,1736.3
2023-01-20,Potato,Agra,1366.96,1739.76,1553.36,2526.0
2023-01-21,Potato,Agra,1289.48,1641.16,1465.32,2098.8
2023-01-22,Potato,Agra,1265.4,1610.5,1437.95,2137.5
2023-01-23,Potato,Agra,1321.87,1682.39,1502.13,987.4
2023-01-24,Potato,Agra,1349.64,1717.72,1533.68,1317.5
2023-01-25,Potato,Agra,1371.0,1744.92,1557.96,1160.0
2023-01-26,Potato,Agra,1449.74,1845.12,1647.43,2012.8
2023-01-27,Potato,Agra,1497.6,1906.04,1701.82,2296.3
2023-01-28,Potato,Agra,1465.22,1864.82,1665.02,984.6
2023-01-29,Potato,Agra,1510.15,1922.01,1716.08,1915.6
2023-01-30,Potato,Agra,1491.36,1898.1,1694.73,782.8
2023-01-31,Potato,Agra,1532.83,1950.87,1741.85,1845.8
2023-02-01,Potato,Agra,1489.68,1895.96,1692.82,1695.8
2023-02-02,Potato,Agra,1442.63,1836.07,1639.35,2559.3
2023-02-03,Potato,Agra,1428.6,1818.22,1623.41,862.2
2023-02-04,Potato,Agra,1380.8,1757.38,1569.09,773.2
2023-02-05,Potato,Agra,1423.23,1811.39,1617.31,1177.1
2023-02-06,Potato,Agra,1437.96,1830.14,1634.05,1814.1
2023-02-07,Potato,Agra,1400.01,1781.83,1590.92,1964.8
2023-02-08,Potato,Agra,1383.1,1760.32,1571.71,3292.6
2023-02-09,Potato,Agra,1378.85,1754.91,1566.88,1708.9
2023-02-10,Potato,Agra,1331.65,1694.83,1513.24,1520.7
2023-02-11,Potato,Agra,1320.74,1680.94,1500.84,596.5
2023-02-12,Potato,Agra,1302.2,1657.34,1479.77,1856.5
2023-02-13,Potato,Agra,1330.62,1693.52,1512.07,2258.8
2023-02-14,Potato,Agra,1370.66,1744.48,1557.57,2039.3
2023-02-15,Potato,Agra,1289.97,1641.79,1465.88,1316.5
2023-02-16,Potato,Agra,1298.6,1652.76,1475.68,2469.4
2023-02-17,Potato,Agra,1297.66,1651.56,1474.61,715.0
2023-02-18,Potato,Agra,1269.33,1615.51,1442.42,2910.6
2023-02-19,Potato,Agra,1274.44,1622.02,1448.23,1399.6
2023-02-20,Potato,Agra,1249.12,1589.8,1419.46,652.4
2023-02-21,Potato,Agra,1225.03,1559.13,1392.08,1737.0
2023-02-22,Potato,Agra,1200.54,1527.96,1364.25,1359.9
2023-02-23,Potato,Agra,1302.74,1658.04,1480.39,692.1
2023-02-24,Potato,Agra,1279.77,1628.79,1454.28,1414.7
2023-02-25,Potato,Agra,1305.76,1661.88,1483.82,3181.7
2023-02-26,Potato,Agra,1283.05,1632.97,1458.01,1253.0
2023-02-27,Potato,Agra,1303.17,1658.57,1480.87,3012.8
2023-02-28,Potato,Agra,1309.55,1666.71,1488.13,1310.7
2023-03-01,Potato,Agra,1331.95,1695.21,1513.58,1991.1
2023-03-02,Potato,Agra,1326.56,1688.34,1507.45,2149.1
2023-03-03,Potato,Agra,1356.27,1726.17,1541.22,478.9
2023-03-04,Potato,Agra,1340.42,1706.0,1523.21,3265.7
2023-03-05,Potato,Agra,1330.56,1693.44,1512.0,3067.4
2023-03-06,Potato,Agra,1369.72,1743.28,1556.5,3070.3
2023-03-07,Potato,Agra,1315.02,1673.66,1494.34,2759.4
2023-03-08,Potato,Agra,1283.78,1633.9,1458.84,986.3
2023-03-09,Potato,Agra,1315.45,1674.21,1494.83,848.3
2023-03-10,Potato,Agra,1248.62,1589.16,1418.89,2398.3
2023-03-11,Potato,Agra,1276.83,1625.05,1450.94,1975.6
2023-03-12,Potato,Agra,1327.67,1689.77,1508.72,3335.3
2023-03-13,Potato,Agra,1337.92,1702.8,1520.36,2853.3
2023-03-14,Potato,Agra,1354.26,1723.6,1538.93,849.6
2023-03-15,Potato,Agra,1360.15,1731.09,1545.62,2440.3
2023-03-16,Potato,Agra,1329.57,1692.17,1510.87,3002.5
2023-03-17,Potato,Agra,1316.3,1675.28,1495.79,1025.9
2023-03-18,Potato,Agra,1306.55,1662.89,1484.72,2057.7
2023-03-19,Potato,Agra,1306.9,1663.32,1485.11,1145.2
2023-03-20,Potato,Agra,1333.84,1697.62,1515.73,1007.4
2023-03-21,Potato,Agra,1339.06,1704.26,1521.66,722.7
2023-03-22,Potato,Agra,1358.14,1728.54,1543.34,1171.7
2023-03-23,Potato,Agra,1319.43,1679.27,1499.35,1336.1
2023-03-24,Potato,Agra,1292.45,1644.93,1468.69,1700.8
2023-03-25,Potato,Agra,1278.74,1627.48,1453.11,2535.0
2023-03-26,Potato,Agra,1214.12,1545.24,1379.68,1589.6
2023-03-27,Potato,Agra,1224.24,1558.12,1391.18,955.0
2023-03-28,Potato,Agra,1211.69,1542.15,1376.92,998.4
2023-03-29,Potato,Agra,1253.71,1595.63,1424.67,1959.8
2023-03-30,Potato,Agra,1230.49,1566.07,1398.28,943.6
2023-03-31,Potato,Agra,1179.73,1501.47,1340.6,1015.6
2023-04-01,Potato,Agra,1207.54,1536.88,1372.21,3129.0
2023-04-02,Potato,Agra,1258.11,1601.23,1429.67,705.7
2023-04-03,Potato,Agra,1259.93,1603.55,1431.74,1743.8
2023-04-04,Potato,Agra,1288.71,1640.17,1464.44,2293.4
2023-04-05,Potato,Agra,1262.01,1606.19,1434.1,3416.8
2023-04-06,Potato,Agra,1244.81,1584.31,1414.56,1838.3
2023-04-07,Potato,Agra,1193.44,1518.92,1356.18,1811.6
2023-04-08,Potato,Agra,1151.66,1465.76,1308.71,1504.4
2023-04-09,Potato,Agra,1119.47,1424.77,1272.12,2383.6
2023-04-10,Potato,Agra,1121.63,1427.53,1274.58,899.6
2023-04-11,Potato,Agra,1087.88,1384.58,1236.23,1658.7
2023-04-12,Potato,Agra,1045.82,1331.04,1188.43,3456.3
2023-04-13,Potato,Agra,1051.14,1337.82,1194.48,1124.3
2023-04-14,Potato,Agra,1042.76,1327.16,1184.96,3270.6
2023-04-15,Potato,Agra,1094.47,1392.97,1243.72,2724.7
2023-04-16,Potato,Agra,1067.5,1358.64,1213.07,596.0
2023-04-17,Potato,Agra,1061.43,1350.91,1206.17,1943.9
2023-04-18,Potato,Agra,1077.59,1371.47,1224.53,874.9
2023-04-19,Potato,Agra,1072.7,1365.26,1218.98,1370.3
2023-04-20,Potato,Agra,1061.17,1350.57,1205.87,3414.5
2023-04-21,Potato,Agra,1033.31,1315.13,1174.22,2398.4
2023-04-22,Potato,Agra,1000.68,1273.6,1137.14,2930.7
2023-04-23,Potato,Agra,993.59,1264.57,1129.08,2370.9
2023-04-24,Potato,Agra,985.34,1254.08,1119.71,742.8
2023-04-25,Potato,Agra,1015.88,1292.94,1154.41,1208.1
2023-04-26,Potato,Agra,1028.45,1308.93,1168.69,2458.2
2023-04-27,Potato,Agra,978.35,1245.17,1111.76,1395.4
2023-04-28,Potato,Agra,922.38,1173.94,1048.16,2444.6
2023-04-29,Potato,Agra,949.77,1208.79,1079.28,2846.1
2023-04-30,Potato,Agra,1018.78,1296.62,1157.7,1352.9
2023-05-01,Potato,Agra,1057.98,1346.52,1202.25,923.8
2023-05-02,Potato,Agra,1048.42,1334.36,1191.39,567.4
2023-05-03,Potato,Agra,1032.54,1314.14,1173.34,1101.3
2023-05-04,Potato,Agra,1050.69,1337.25,1193.97,1171.1
2023-05-05,Potato,Agra,1006.59,1281.11,1143.85,2588.9
2023-05-06,Potato,Agra,1005.58,1279.84,1142.71,1687.5
2023-05-07,Potato,Agra,999.28,1271.82,1135.55,2373.5
2023-05-08,Potato,Agra,1055.08,1342.84,1198.96,1287.5
2023-05-09,Potato,Agra,1056.65,1344.83,1200.74,2585.8
2023-05-10,Potato,Agra,1018.19,1295.87,1157.03,3001.6
2023-05-11,Potato,Agra,980.35,1247.71,1114.03,2371.8
2023-05-12,Potato,Agra,1004.49,1278.45,1141.47,3327.5
2023-05-13,Potato,Agra,1038.95,1322.29,1180.62,2564.6
2023-05-14,Potato,Agra,1033.84,1315.8,1174.82,1979.6
2023-05-15,Potato,Agra,1104.78,1406.08,1255.43,2458.1
2023-05-16,Potato,Agra,1092.19,1390.07,1241.13,2215.5
2023-05-17,Potato,Agra,1091.16,1388.76,1239.96,3295.4
2023-05-18,Potato,Agra,1054.06,1341.52,1197.79,2587.0
2023-05-19,Potato,Agra,1054.91,1342.61,1198.76,3254.0
2023-05-20,Potato,Agra,1036.38,1319.04,1177.71,1453.6
2023-05-21,Potato,Agra,1043.44,1328.02,1185.73,2058.1
2023-05-22,Potato,Agra,1063.24,1353.22,1208.23,1707.4
2023-05-23,Potato,Agra,1057.03,1345.31,1201.17,777.8
2023-05-24,Potato,Agra,1023.49,1302.63,1163.06,2693.3
2023-05-25,Potato,Agra,1035.25,1317.59,1176.42,2397.3
2023-05-26,Potato,Agra,998.97,1271.41,1135.19,2692.6
2023-05-27,Potato,Agra,1019.26,1297.24,1158.25,2390.2
2023-05-28,Potato,Agra,1005.69,1279.97,1142.83,2379.0
2023-05-29,Potato,Agra,979.15,1246.19,1112.67,2682.2
2023-05-30,Potato,Agra,985.42,1254.16,1119.79,2490.6
2023-05-31,Potato,Agra,962.45,1224.93,1093.69,3256.8
2023-06-01,Potato,Agra,1003.78,1277.54,1140.66,1544.9
2023-06-02,Potato,Agra,989.27,1259.07,1124.17,1842.5
2023-06-03,Potato,Agra,1026.17,1306.03,1166.1,2847.7
2023-06-04,Potato,Agra,1015.7,1292.72,1154.21,1692.1
2023-06-05,Potato,Agra,1008.98,1284.16,1146.57,2128.6
2023-06-06,Potato,Agra,1013.64,1290.08,1151.86,1222.2
2023-06-07,Potato,Agra,987.51,1256.83,1122.17,1301.7
2023-06-08,Potato,Agra,964.13,1227.07,1095.6,576.3
2023-06-09,Potato,Agra,970.84,1235.62,1103.23,1103.4
2023-06-10,Potato,Agra,929.49,1182.99,1056.24,2921.1
2023-06-11,Potato,Agra,914.64,1164.08,1039.36,1092.0
2023-06-12,Potato,Agra,909.18,1157.14,1033.16,1826.9
2023-06-13,Potato,Agra,877.73,1117.11,997.42,1861.9
2023-06-14,Potato,Agra,862.58,1097.82,980.2,1376.1
2023-06-15,Potato,Agra,875.59,1114.39,994.99,2714.7
2023-06-16,Potato,Agra,869.75,1106.95,988.35,1450.9
2023-06-17,Potato,Agra,865.06,1100.98,983.02,1547.1
2023-06-18,Potato,Agra,839.4,1068.32,953.86,1423.9
2023-06-19,Potato,Agra,824.04,1048.78,936.41,3023.6
2023-06-20,Potato,Agra,823.67,1048.31,935.99,2682.4
2023-06-21,Potato,Agra,806.23,1026.11,916.17,1940.1
2023-06-22,Potato,Agra,797.81,1015.39,906.6,583.2
2023-06-23,Potato,Agra,796.62,1013.88,905.25,560.0
2023-06-24,Potato,Agra,822.96,1047.4,935.18,1469.8
2023-06-25,Potato,Agra,805.76,1025.52,915.64,1790.5
2023-06-26,Potato,Agra,781.32,994.4,887.86,788.1
2023-06-27,Potato,Agra,770.22,980.28,875.25,3467.4
2023-06-28,Potato,Agra,744.77,947.89,846.33,1412.4
2023-06-29,Potato,Agra,801.65,1020.29,910.97,1275.6
2023-06-30,Potato,Agra,794.04,1010.6,902.32,1480.6
2023-07-01,Potato,Agra,799.22,1017.2,908.21,1642.5
2023-07-02,Potato,Agra,794.83,1011.61,903.22,2397.4
2023-07-03,Potato,Agra,811.18,1032.4,921.79,2847.5
2023-07-04,Potato,Agra,792.25,1008.31,900.28,3224.7
2023-07-05,Potato,Agra,776.71,988.55,882.63,2011.8
2023-07-06,Potato,Agra,764.89,973.49,869.19,3291.7
2023-07-07,Potato,Agra,776.42,988.18,882.3,3057.0
2023-07-08,Potato,Agra,794.41,1011.07,902.74,2323.3
2023-07-09,Potato,Agra,795.13,1011.99,903.56,1579.6
2023-07-10,Potato,Agra,816.28,1038.9,927.59,1862.1
2023-07-11,Potato,Agra,827.6,1053.32,940.46,2110.2
2023-07-12,Potato,Agra,840.5,1069.72,955.11,1891.7
2023-07-13,Potato,Agra,865.95,1102.11,984.03,3135.1
2023-07-14,Potato,Agra,869.78,1107.0,988.39,645.0
2023-07-15,Potato,Agra,908.27,1155.99,1032.13,735.1
2023-07-16,Potato,Agra,927.65,1180.65,1054.15,1463.9
2023-07-17,Potato,Agra,944.11,1201.59,1072.85,465.6
2023-07-18,Potato,Agra,932.4,1186.7,1059.55,2934.6
2023-07-19,Potato,Agra,945.69,1203.61,1074.65,2026.5
2023-07-20,Potato,Agra,972.18,1237.32,1104.75,1622.6
2023-07-21,Potato,Agra,955.45,1216.03,1085.74,2609.6
2023-07-22,Potato,Agra,945.45,1203.31,1074.38,1876.0
2023-07-23,Potato,Agra,960.33,1222.23,1091.28,2318.8
2023-07-24,Potato,Agra,932.1,1186.32,1059.21,2449.9
2023-07-25,Potato,Agra,895.7,1139.98,1017.84,1541.0
2023-07-26,Potato,Agra,887.25,1129.23,1008.24,3286.2
2023-07-27,Potato,Agra,897.32,1142.04,1019.68,498.2
2023-07-28,Potato,Agra,903.38,1149.76,1026.57,1258.9
2023-07-29,Potato,Agra,923.47,1175.33,1049.4,1070.9
2023-07-30,Potato,Agra,925.15,1177.47,1051.31,1530.1
2023-07-31,Potato,Agra,909.36,1157.36,1033.36,3486.2
2023-08-01,Potato,Agra,840.01,1069.11,954.56,1767.0
2023-08-02,Potato,Agra,821.41,1045.43,933.42,1116.4
2023-08-03,Potato,Agra,827.94,1053.74,940.84,1949.9
2023-08-04,Potato,Agra,864.88,1100.76,982.82,2015.6
2023-08-05,Potato,Agra,886.89,1128.77,1007.83,1022.2
2023-08-06,Potato,Agra,879.01,1118.73,998.87,743.5
2023-08-07,Potato,Agra,895.88,1140.22,1018.05,517.7
2023-08-08,Potato,Agra,907.95,1155.57,1031.76,838.6
2023-08-09,Potato,Agra,889.51,1132.11,1010.81,3051.5
2023-08-10,Potato,Agra,879.77,1119.71,999.74,3132.5
2023-08-11,Potato,Agra,867.49,1104.07,985.78,2829.0
2023-08-12,Potato,Agra,912.53,1161.41,1036.97,2363.0
2023-08-13,Potato,Agra,909.7,1157.8,1033.75,1069.4
2023-08-14,Potato,Agra,909.15,1157.11,1033.13,400.8
2023-08-15,Potato,Agra,907.4,1154.88,1031.14,3420.0
2023-08-16,Potato,Agra,907.83,1155.43,1031.63,2083.1
2023-08-17,Potato,Agra,896.12,1140.52,1018.32,1486.0
2023-08-18,Potato,Agra,902.28,1148.36,1025.32,544.9
2023-08-19,Potato,Agra,927.29,1180.19,1053.74,2719.8
2023-08-20,Potato,Agra,926.24,1178.84,1052.54,930.7
2023-08-21,Potato,Agra,927.56,1180.52,1054.04,2809.6
2023-08-22,Potato,Agra,938.87,1194.93,1066.9,2160.4
2023-08-23,Potato,Agra,961.67,1223.95,1092.81,3231.9
2023-08-24,Potato,Agra,939.35,1195.53,1067.44,2089.1
2023-08-25,Potato,Agra,925.43,1177.83,1051.63,802.4
2023-08-26,Potato,Agra,929.61,1183.15,1056.38,1490.3
2023-08-27,Potato,Agra,944.28,1201.82,1073.05,1746.1
2023-08-28,Potato,Agra,937.67,1193.39,1065.53,1643.8
2023-08-29,Potato,Agra,957.71,1218.91,1088.31,2308.7
2023-08-30,Potato,Agra,963.45,1226.21,1094.83,526.4
2023-08-31,Potato,Agra,985.77,1254.61,1120.19,1123.0
2023-09-01,Potato,Agra,992.92,1263.72,1128.32,2467.5
2023-09-02,Potato,Agra,977.87,1244.57,1111.22,3049.8
2023-09-03,Potato,Agra,1002.14,1275.44,1138.79,2540.9
2023-09-04,Potato,Agra,958.99,1220.53,1089.76,1495.2
2023-09-05,Potato,Agra,973.85,1239.45,1106.65,2816.6
2023-09-06,Potato,Agra,967.75,1231.69,1099.72,2939.1
2023-09-07,Potato,Agra,994.83,1266.15,1130.49,2926.0
2023-09-08,Potato,Agra,1007.15,1281.83,1144.49,609.5
2023-09-09,Potato,Agra,1046.37,1331.75,1189.06,2832.1
2023-09-10,Potato,Agra,1080.64,1375.36,1228.0,3463.5
2023-09-11,Potato,Agra,1057.92,1346.44,1202.18,3359.3
2023-09-12,Potato,Agra,1063.31,1353.31,1208.31,1878.7
2023-09-13,Potato,Agra,1091.95,1389.75,1240.85,1588.1
2023-09-14,Potato,Agra,1057.01,1345.29,1201.15,2185.8
2023-09-15,Potato,Agra,1024.61,1304.05,1164.33,2613.2
2023-09-16,Potato,Agra,1027.33,1307.51,1167.42,2015.8
2023-09-17,Potato,Agra,1044.35,1329.17,1186.76,2702.9
2023-09-18,Potato,Agra,1032.71,1314.35,1173.53,1855.5
2023-09-19,Potato,Agra,1013.1,1289.4,1151.25,2520.2
2023-09-20,Potato,Agra,987.9,1257.32,1122.61,2182.4
2023-09-21,Potato,Agra,1011.63,1287.53,1149.58,763.6
2023-09-22,Potato,Agra,951.9,1211.52,1081.71,3022.7
2023-09-23,Potato,Agra,961.62,1223.88,1092.75,768.3
2023-09-24,Potato,Agra,1013.68,1290.14,1151.91,974.2
2023-09-25,Potato,Agra,1035.87,1318.37,1177.12,1527.4
2023-09-26,Potato,Agra,1059.61,1348.59,1204.1,1531.5
2023-09-27,Potato,Agra,1023.55,1302.71,1163.13,422.6
2023-09-28,Potato,Agra,1066.6,1357.48,1212.04,2218.5
2023-09-29,Potato,Agra,1135.38,1445.02,1290.2,1621.8
2023-09-30,Potato,Agra,1151.97,1466.15,1309.06,827.9
2023-10-01,Potato,Agra,1163.52,1480.84,1322.18,2007.9
2023-10-02,Potato,Agra,1165.33,1483.15,1324.24,2748.9
2023-10-03,Potato,Agra,1155.87,1471.11,1313.49,2606.1
2023-10-04,Potato,Agra,1208.58,1538.2,1373.39,2314.9
2023-10-05,Potato,Agra,1239.29,1577.27,1408.28,3099.3
2023-10-06,Potato,Agra,1252.42,1594.0,1423.21,1789.1
2023-10-07,Potato,Agra,1274.74,1622.4,1448.57,3092.4
2023-10-08,Potato,Agra,1340.47,1706.05,1523.26,1594.6
2023-10-09,Potato,Agra,1324.35,1685.53,1504.94,442.1
2023-10-10,Potato,Agra,1331.33,1694.43,1512.88,403.8
2023-10-11,Potato,Agra,1294.39,1647.41,1470.9,1015.8
2023-10-12,Potato,Agra,1275.23,1623.01,1449.12,2139.5
2023-10-13,Potato,Agra,1352.03,1720.77,1536.4,1174.0
2023-10-14,Potato,Agra,1352.01,1720.75,1536.38,2652.0
2023-10-15,Potato,Agra,1302.62,1657.88,1480.25,3158.8
2023-10-16,Potato,Agra,1360.72,1731.82,1546.27,2730.1
2023-10-17,Potato,Agra,1345.63,1712.61,1529.12,458.3
2023-10-18,Potato,Agra,1371.09,1745.03,1558.06,441.7
2023-10-19,Potato,Agra,1408.83,1793.05,1600.94,1474.6
2023-10-20,Potato,Agra,1439.16,1831.66,1635.41,2847.0
2023-10-21,Potato,Agra,1409.2,1793.52,1601.36,2395.7
2023-10-22,Potato,Agra,1414.74,1800.58,1607.66,1966.3
2023-10-23,Potato,Agra,1382.21,1759.17,1570.69,1966.2
2023-10-24,Potato,Agra,1402.08,1784.46,1593.27,3121.1
2023-10-25,Potato,Agra,1357.4,1727.6,1542.5,2420.5
2023-10-26,Potato,Agra,1312.11,1669.95,1491.03,3288.2
2023-10-27,Potato,Agra,1333.89,1697.67,1515.78,1595.5
2023-10-28,Potato,Agra,1280.15,1629.29,1454.72,449.3
2023-10-29,Potato,Agra,1259.66,1603.2,1431.43,484.2
2023-10-30,Potato,Agra,1259.1,1602.5,1430.8,2948.2
2023-10-31,Potato,Agra,1214.77,1546.07,1380.42,2770.8
2023-11-01,Potato,Agra,1231.88,1567.84,1399.86,2255.0
2023-11-02,Potato,Agra,1232.46,1568.58,1400.52,463.5
2023-11-03,Potato,Agra,1264.62,1609.52,1437.07,1460.4
2023-11-04,Potato,Agra,1265.02,1610.02,1437.52,1852.8
2023-11-05,Potato,Agra,1300.65,1655.37,1478.01,1929.6
2023-11-06,Potato,Agra,1318.43,1678.01,1498.22,2773.1
2023-11-07,Potato,Agra,1333.09,1696.65,1514.87,1518.3
2023-11-08,Potato,Agra,1370.52,1744.3,1557.41,1180.3
2023-11-09,Potato,Agra,1438.32,1830.58,1634.45,1522.8
2023-11-10,Potato,Agra,1494.53,1902.13,1698.33,2927.9
2023-11-11,Potato,Agra,1541.18,1961.5,1751.34,3457.6
2023-11-12,Potato,Agra,1580.59,2011.65,1796.12,2566.3
2023-11-13,Potato,Agra,1581.88,2013.3,1797.59,2887.9
2023-11-14,Potato,Agra,1632.22,2077.36,1854.79,1794.9
2023-11-15,Potato,Agra,1545.37,1966.83,1756.1,2442.5
2023-11-16,Potato,Agra,1549.38,1971.94,1760.66,1823.8
2023-11-17,Potato,Agra,1516.58,1930.2,1723.39,1960.6
2023-11-18,Potato,Agra,1473.17,1874.95,1674.06,2014.2
2023-11-19,Potato,Agra,1439.72,1832.38,1636.05,2694.6
2023-11-20,Potato,Agra,1437.44,1829.46,1633.45,2937.7
2023-11-21,Potato,Agra,1394.22,1774.46,1584.34,793.5
2023-11-22,Potato,Agra,1348.21,1715.91,1532.06,2863.0
2023-11-23,Potato,Agra,1380.37,1756.83,1568.6,2730.9
2023-11-24,Potato,Agra,1411.72,1796.74,1604.23,1859.0
2023-11-25,Potato,Agra,1413.7,1799.26,1606.48,1750.8
2023-11-26,Potato,Agra,1406.22,1789.74,1597.98,1700.2
2023-11-27,Potato,Agra,1426.44,1815.48,1620.96,1824.3
2023-11-28,Potato,Agra,1488.9,1894.96,1691.93,1099.8
2023-11-29,Potato,Agra,1531.28,1948.9,1740.09,1894.8
2023-11-30,Potato,Agra,1548.54,1970.86,1759.7,825.9
2023-12-01,Potato,Agra,1536.32,1955.32,1745.82,2134.5
2023-12-02,Potato,Agra,1533.16,1951.3,1742.23,3371.6
2023-12-03,Potato,Agra,1493.22,1900.46,1696.84,2041.5
2023-12-04,Potato,Agra,1563.92,1990.44,1777.18,1465.4
2023-12-05,Potato,Agra,1514.81,1927.95,1721.38,2628.1
2023-12-06,Potato,Agra,1490.41,1896.89,1693.65,2418.9
2023-12-07,Potato,Agra,1478.25,1881.41,1679.83,776.2
2023-12-08,Potato,Agra,1476.85,1879.63,1678.24,1558.3
2023-12-09,Potato,Agra,1526.61,1942.95,1734.78,2782.1
2023-12-10,Potato,Agra,1538.54,1958.14,1748.34,1265.6
2023-12-11,Potato,Agra,1497.31,1905.67,1701.49,2215.4
2023-12-12,Potato,Agra,1454.86,1851.64,1653.25,3078.6
2023-12-13,Potato,Agra,1468.59,1869.11,1668.85,3350.1
2023-12-14,Potato,Agra,1528.14,1944.9,1736.52,2187.2
2023-12-15,Potato,Agra,1519.99,1934.53,1727.26,1461.6
2023-12-16,Potato,Agra,1512.98,1925.6,1719.29,2708.1
2023-12-17,Potato,Agra,1519.21,1933.53,1726.37,1958.8
2023-12-18,Potato,Agra,1512.68,1925.22,1718.95,2513.7
2023-12-19,Potato,Agra,1562.9,1989.14,1776.02,1787.1
2023-12-20,Potato,Agra,1567.83,1995.41,1781.62,2309.6
2023-12-21,Potato,Agra,1602.04,2038.96,1820.5,2846.8
2023-12-22,Potato,Agra,1599.73,2036.01,1817.87,2020.7
2023-12-23,Potato,Agra,1586.64,2019.36,1803.0,2367.2
2023-12-24,Potato,Agra,1631.68,2076.68,1854.18,699.6
2023-12-25,Potato,Agra,1605.72,2043.64,1824.68,1886.6
2023-12-26,Potato,Agra,1608.72,2047.46,1828.09,1391.3
2023-12-27,Potato,Agra,1690.87,2152.01,1921.44,2317.7
2023-12-28,Potato,Agra,1723.93,2194.09,1959.01,3212.4
2023-12-29,Potato,Agra,1703.69,2168.33,1936.01,1270.6
2023-12-30,Potato,Agra,1688.46,2148.96,1918.71,920.7
2023-12-31,Potato,Agra,1652.38,2103.04,1877.71,634.0
2024-01-01,Potato,Agra,1643.88,2092.2,1868.04,1976.7
2024-01-02,Potato,Agra,1657.15,2109.09,1883.12,3338.6
2024-01-03,Potato,Agra,1667.96,2122.86,1895.41,3461.6
2024-01-04,Potato,Agra,1608.84,2047.62,1828.23,1216.2
2024-01-05,Potato,Agra,1603.02,2040.2,1821.61,1514.7
2024-01-06,Potato,Agra,1627.04,2070.78,1848.91,2182.8
2024-01-07,Potato,Agra,1588.22,2021.38,1804.8,1847.8
2024-01-08,Potato,Agra,1535.65,1954.47,1745.06,2863.2
2024-01-09,Potato,Agra,1518.0,1932.0,1725.0,1470.7
2024-01-10,Potato,Agra,1487.3,1892.92,1690.11,1958.7
2024-01-11,Potato,Agra,1470.81,1871.93,1671.37,2569.9
2024-01-12,Potato,Agra,1464.06,1863.34,1663.7,1027.0
2024-01-13,Potato,Agra,1463.96,1863.22,1663.59,2147.5
2024-01-14,Potato,Agra,1483.17,1887.67,1685.42,560.5
2024-01-15,Potato,Agra,1501.69,1911.25,1706.47,2372.7
2024-01-16,Potato,Agra,1571.62,2000.24,1785.93,2925.0
2024-01-17,Potato,Agra,1577.48,2007.7,1792.59,1740.4
2024-01-18,Potato,Agra,1556.14,1980.54,1768.34,573.0
2024-01-19,Potato,Agra,1477.86,1880.92,1679.39,659.3
2024-01-20,Potato,Agra,1473.23,1875.03,1674.13,2271.4
2024-01-21,Potato,Agra,1486.07,1891.37,1688.72,2865.1
2024-01-22,Potato,Agra,1487.98,1893.8,1690.89,960.6
2024-01-23,Potato,Agra,1501.96,1911.58,1706.77,3133.2
2024-01-24,Potato,Agra,1441.36,1834.46,1637.91,2876.3
2024-01-25,Potato,Agra,1448.22,1843.18,1645.7,3267.5
2024-01-26,Potato,Agra,1440.29,1833.09,1636.69,2961.9
2024-01-27,Potato,Agra,1467.58,1867.84,1667.71,2340.1
2024-01-28,Potato,Agra,1485.36,1890.46,1687.91,2253.7
2024-01-29,Potato,Agra,1456.45,1853.67,1655.06,1104.4
2024-01-30,Potato,Agra,1423.92,1812.26,1618.09,2163.3
2024-01-31,Potato,Agra,1457.49,1854.99,1656.24,1167.2
2024-02-01,Potato,Agra,1468.83,1869.43,1669.13,2830.6
2024-02-02,Potato,Agra,1533.37,1951.57,1742.47,2476.5
2024-02-03,Potato,Agra,1478.26,1881.42,1679.84,1104.4
2024-02-04,Potato,Agra,1459.11,1857.05,1658.08,3189.7
2024-02-05,Potato,Agra,1474.98,1877.24,1676.11,1544.7
2024-02-06,Potato,Agra,1481.86,1886.0,1683.93,3291.0
2024-02-07,Potato,Agra,1474.77,1876.99,1675.88,687.5
2024-02-08,Potato,Agra,1543.29,1964.19,1753.74,3104.3
2024-02-09,Potato,Agra,1475.27,1877.61,1676.44,422.4
2024-02-10,Potato,Agra,1488.48,1894.42,1691.45,837.9
2024-02-11,Potato,Agra,1452.41,1848.53,1650.47,1582.6
2024-02-12,Potato,Agra,1399.83,1781.61,1590.72,2964.6
2024-02-13,Potato,Agra,1375.72,1750.92,1563.32,2573.6
2024-02-14,Potato,Agra,1380.11,1756.51,1568.31,1483.2
2024-02-15,Potato,Agra,1349.09,1717.03,1533.06,3098.8
2024-02-16,Potato,Agra,1342.14,1708.18,1525.16,3303.8
2024-02-17,Potato,Agra,1332.82,1696.32,1514.57,1463.1
2024-02-18,Potato,Agra,1342.77,1708.97,1525.87,3400.1
2024-02-19,Potato,Agra,1333.9,1697.7,1515.8,1644.3
2024-02-20,Potato,Agra,1362.6,1734.22,1548.41,907.0
2024-02-21,Potato,Agra,1367.1,1739.94,1553.52,562.7
2024-02-22,Potato,Agra,1350.53,1718.85,1534.69,422.1
2024-02-23,Potato,Agra,1325.58,1687.1,1506.34,901.3
2024-02-24,Potato,Agra,1284.22,1634.46,1459.34,2874.7
2024-02-25,Potato,Agra,1295.64,1649.0,1472.32,2495.6
2024-02-26,Potato,Agra,1310.87,1668.39,1489.63,1618.2
2024-02-27,Potato,Agra,1321.47,1681.87,1501.67,3004.8
2024-02-28,Potato,Agra,1273.01,1620.19,1446.6,3080.7
2024-02-29,Potato,Agra,1298.7,1652.9,1475.8,1412.7
2024-03-01,Potato,Agra,1277.55,1625.97,1451.76,2545.3
2024-03-02,Potato,Agra,1223.46,1557.12,1390.29,2799.3
2024-03-03,Potato,Agra,1197.09,1523.57,1360.33,2107.8
2024-03-04,Potato,Agra,1270.21,1616.63,1443.42,1973.4
2024-03-05,Potato,Agra,1253.4,1595.24,1424.32,2266.7
2024-03-06,Potato,Agra,1289.87,1641.65,1465.76,2478.1
2024-03-07,Potato,Agra,1243.84,1583.06,1413.45,2243.7
2024-03-08,Potato,Agra,1249.57,1590.37,1419.97,2075.0
2024-03-09,Potato,Agra,1234.95,1571.75,1403.35,2130.4
2024-03-10,Potato,Agra,1214.74,1546.04,1380.39,2947.9
2024-03-11,Potato,Agra,1216.96,1548.86,1382.91,1867.7
2024-03-12,Potato,Agra,1148.53,1461.77,1305.15,2164.5
2024-03-13,Potato,Agra,1150.36,1464.1,1307.23,2322.2
2024-03-14,Potato,Agra,1181.61,1503.87,1342.74,1379.0
2024-03-15,Potato,Agra,1168.07,1486.63,1327.35,2112.6
2024-03-16,Potato,Agra,1176.88,1497.84,1337.36,3034.5
2024-03-17,Potato,Agra,1184.94,1508.1,1346.52,830.4
2024-03-18,Potato,Agra,1201.78,1529.54,1365.66,1340.5
2024-03-19,Potato,Agra,1231.35,1567.17,1399.26,978.4
2024-03-20,Potato,Agra,1226.76,1561.34,1394.05,1971.9
2024-03-21,Potato,Agra,1233.98,1570.52,1402.25,493.3
2024-03-22,Potato,Agra,1200.36,1527.74,1364.05,1309.3
2024-03-23,Potato,Agra,1212.51,1543.19,1377.85,1894.4
2024-03-24,Potato,Agra,1216.22,1547.92,1382.07,2022.4
2024-03-25,Potato,Agra,1214.19,1545.33,1379.76,521.6
2024-03-26,Potato,Agra,1230.3,1565.84,1398.07,957.8
2024-03-27,Potato,Agra,1216.92,1548.8,1382.86,1436.7
2024-03-28,Potato,Agra,1234.86,1571.64,1403.25,844.7
2024-03-29,Potato,Agra,1160.18,1476.6,1318.39,2861.5
2024-03-30,Potato,Agra,1165.87,1483.83,1324.85,2042.0
2024-03-31,Potato,Agra,1166.17,1484.21,1325.19,1243.6
2024-04-01,Potato,Agra,1147.54,1460.5,1304.02,1523.8
2024-04-02,Potato,Agra,1150.42,1464.16,1307.29,3490.8
2024-04-03,Potato,Agra,1131.57,1440.19,1285.88,2792.7
2024-04-04,Potato,Agra,1110.16,1412.94,1261.55,1480.7
2024-04-05,Potato,Agra,1100.91,1401.15,1251.03,2388.1
2024-04-06,Potato,Agra,1070.7,1362.7,1216.7,776.9
2024-04-07,Potato,Agra,1091.32,1388.96,1240.14,3093.6
2024-04-08,Potato,Agra,1109.68,1412.32,1261.0,3159.6
2024-04-09,Potato,Agra,1107.75,1409.87,1258.81,2411.2
2024-04-10,Potato,Agra,1103.62,1404.6,1254.11,2075.4
2024-04-11,Potato,Agra,1111.78,1415.0,1263.39,3239.7
2024-04-12,Potato,Agra,1092.95,1391.03,1241.99,2081.6
2024-04-13,Potato,Agra,1072.46,1364.96,1218.71,2163.9
2024-04-14,Potato,Agra,1092.56,1390.52,1241.54,3240.5
2024-04-15,Potato,Agra,1126.79,1434.09,1280.44,2779.8
2024-04-16,Potato,Agra,1152.84,1467.26,1310.05,1151.8
2024-04-17,Potato,Agra,1147.54,1460.5,1304.02,2709.7
2024-04-18,Potato,Agra,1135.11,1444.69,1289.9,3212.2
2024-04-19,Potato,Agra,1189.75,1514.23,1351.99,2245.5
2024-04-20,Potato,Agra,1248.54,1589.04,1418.79,449.9
2024-04-21,Potato,Agra,1284.29,1634.55,1459.42,2904.9
2024-04-22,Potato,Agra,1225.23,1559.39,1392.31,1713.1
2024-04-23,Potato,Agra,1219.28,1551.82,1385.55,2045.2
2024-04-24,Potato,Agra,1209.96,1539.96,1374.96,3441.7
2024-04-25,Potato,Agra,1179.04,1500.6,1339.82,3288.6
2024-04-26,Potato,Agra,1109.43,1412.01,1260.72,1869.6
2024-04-27,Potato,Agra,1117.3,1422.02,1269.66,929.0
2024-04-28,Potato,Agra,1128.27,1435.99,1282.13,2072.8
2024-04-29,Potato,Agra,1126.31,1433.49,1279.9,3250.4
2024-04-30,Potato,Agra,1162.5,1479.54,1321.02,495.7
2024-05-01,Potato,Agra,1269.82,1616.14,1442.98,2696.4
2024-05-02,Potato,Agra,1220.6,1553.48,1387.04,3353.9
2024-05-03,Potato,Agra,1204.54,1533.04,1368.79,1800.2
2024-05-04,Potato,Agra,1198.18,1524.96,1361.57,2159.8
2024-05-05,Potato,Agra,1169.14,1488.0,1328.57,1926.4
2024-05-06,Potato,Agra,1185.42,1508.72,1347.07,3276.9
2024-05-07,Potato,Agra,1163.44,1480.74,1322.09,2450.7
2024-05-08,Potato,Agra,1162.82,1479.96,1321.39,1735.7
2024-05-09,Potato,Agra,1174.64,1495.0,1334.82,2902.4
2024-05-10,Potato,Agra,1124.65,1431.37,1278.01,2709.7
2024-05-11,Potato,Agra,1151.67,1465.77,1308.72,1473.9
2024-05-12,Potato,Agra,1142.12,1453.6,1297.86,1143.1
2024-05-13,Potato,Agra,1103.85,1404.89,1254.37,1424.1
2024-05-14,Potato,Agra,1138.9,1449.52,1294.21,1649.3
2024-05-15,Potato,Agra,1080.66,1375.38,1228.02,2666.0
2024-05-16,Potato,Agra,1039.24,1322.66,1180.95,1501.2
2024-05-17,Potato,Agra,1066.89,1357.87,1212.38,1511.3
2024-05-18,Potato,Agra,1033.09,1314.85,1173.97,1351.4
2024-05-19,Potato,Agra,1021.72,1300.36,1161.04,1121.2
2024-05-20,Potato,Agra,1020.89,1299.31,1160.1,3460.3
2024-05-21,Potato,Agra,1023.4,1302.52,1162.96,2902.2
2024-05-22,Potato,Agra,1045.19,1330.25,1187.72,3175.0
2024-05-23,Potato,Agra,1057.87,1346.39,1202.13,1177.7
2024-05-24,Potato,Agra,1039.87,1323.47,1181.67,3023.3
2024-05-25,Potato,Agra,1047.6,1333.3,1190.45,2574.6
2024-05-26,Potato,Agra,1049.0,1335.08,1192.04,2669.2
2024-05-27,Potato,Agra,1028.3,1308.74,1168.52,1097.4
2024-05-28,Potato,Agra,1011.03,1286.77,1148.9,663.0
2024-05-29,Potato,Agra,1053.28,1340.54,1196.91,2298.1
2024-05-30,Potato,Agra,1015.1,1291.94,1153.52,2747.4
2024-05-31,Potato,Agra,1006.69,1281.25,1143.97,1963.8
2024-06-01,Potato,Agra,987.13,1256.35,1121.74,2171.2
2024-06-02,Potato,Agra,974.87,1240.75,1107.81,1093.7
2024-06-03,Potato,Agra,979.03,1246.03,1112.53,2778.7
2024-06-04,Potato,Agra,930.07,1183.73,1056.9,1834.6
2024-06-05,Potato,Agra,885.41,1126.89,1006.15,1982.6
2024-06-06,Potato,Agra,846.01,1076.75,961.38,761.1
2024-06-07,Potato,Agra,846.17,1076.95,961.56,1259.8
2024-06-08,Potato,Agra,872.88,1110.94,991.91,1144.6
2024-06-09,Potato,Agra,857.01,1090.75,973.88,2883.8
2024-06-10,Potato,Agra,849.87,1081.65,965.76,1220.0
2024-06-11,Potato,Agra,858.01,1092.01,975.01,2391.8
2024-06-12,Potato,Agra,854.58,1087.64,971.11,1781.0
2024-06-13,Potato,Agra,917.86,1168.18,1043.02,2857.3
2024-06-14,Potato,Agra,930.41,1184.15,1057.28,2709.1
2024-06-15,Potato,Agra,903.8,1150.3,1027.05,2664.4
2024-06-16,Potato,Agra,932.53,1186.85,1059.69,3488.0
2024-06-17,Potato,Agra,954.62,1214.98,1084.8,2672.1
2024-06-18,Potato,Agra,968.81,1233.03,1100.92,2000.0
2024-06-19,Potato,Agra,923.4,1175.24,1049.32,504.8
2024-06-20,Potato,Agra,886.64,1128.44,1007.54,1168.4
2024-06-21,Potato,Agra,890.04,1132.78,1011.41,2704.9
2024-06-22,Potato,Agra,920.88,1172.02,1046.45,939.6
2024-06-23,Potato,Agra,897.35,1142.09,1019.72,818.5
2024-06-24,Potato,Agra,909.62,1157.7,1033.66,2113.1
2024-06-25,Potato,Agra,896.76,1141.32,1019.04,2511.3
2024-06-26,Potato,Agra,884.73,1126.01,1005.37,2974.2
2024-06-27,Potato,Agra,884.52,1125.76,1005.14,2308.3
2024-06-28,Potato,Agra,881.93,1122.45,1002.19,2929.2
2024-06-29,Potato,Agra,900.51,1146.11,1023.31,2953.6
2024-06-30,Potato,Agra,901.6,1147.5,1024.55,722.9
2024-07-01,Potato,Agra,901.7,1147.62,1024.66,3026.7
2024-07-02,Potato,Agra,870.74,1108.22,989.48,1295.2
2024-07-03,Potato,Agra,840.36,1069.54,954.95,1395.8
2024-07-04,Potato,Agra,849.43,1081.09,965.26,2317.1
2024-07-05,Potato,Agra,784.45,998.39,891.42,3133.8
2024-07-06,Potato,Agra,787.33,1002.05,894.69,924.3
2024-07-07,Potato,Agra,788.07,1002.99,895.53,815.6
2024-07-08,Potato,Agra,809.63,1030.43,920.03,976.4
2024-07-09,Potato,Agra,805.05,1024.61,914.83,3157.5
2024-07-10,Potato,Agra,828.18,1054.04,941.11,2040.4
2024-07-11,Potato,Agra,852.56,1085.08,968.82,2071.6
2024-07-12,Potato,Agra,829.92,1056.26,943.09,3057.0
2024-07-13,Potato,Agra,842.62,1072.42,957.52,2699.6
2024-07-14,Potato,Agra,840.95,1070.29,955.62,1853.3
2024-07-15,Potato,Agra,823.86,1048.54,936.2,1044.8
2024-07-16,Potato,Agra,815.64,1038.08,926.86,2803.7
2024-07-17,Potato,Agra,817.64,1040.64,929.14,615.7
2024-07-18,Potato,Agra,810.09,1031.03,920.56,1490.3
2024-07-19,Potato,Agra,827.74,1053.48,940.61,940.3
2024-07-20,Potato,Agra,837.73,1066.21,951.97,775.0
2024-07-21,Potato,Agra,815.7,1038.16,926.93,3441.1
2024-07-22,Potato,Agra,816.68,1039.4,928.04,3430.7
2024-07-23,Potato,Agra,794.14,1010.72,902.43,2117.6
2024-07-24,Potato,Agra,782.0,995.28,888.64,1974.1
2024-07-25,Potato,Agra,793.25,1009.59,901.42,2070.1
2024-07-26,Potato,Agra,845.89,1076.59,961.24,1909.5
2024-07-27,Potato,Agra,844.45,1074.75,959.6,746.0
2024-07-28,Potato,Agra,895.0,1139.08,1017.04,2577.7
2024-07-29,Potato,Agra,932.25,1186.51,1059.38,2232.1
2024-07-30,Potato,Agra,901.54,1147.42,1024.48,2004.7
2024-07-31,Potato,Agra,923.04,1174.78,1048.91,2892.2
2024-08-01,Potato,Agra,904.09,1150.67,1027.38,2665.7
2024-08-02,Potato,Agra,916.93,1167.01,1041.97,3309.7
2024-08-03,Potato,Agra,905.22,1152.1,1028.66,1942.5
2024-08-04,Potato,Agra,892.87,1136.37,1014.62,2922.2
2024-08-05,Potato,Agra,909.74,1157.86,1033.8,1970.1
2024-08-06,Potato,Agra,929.9,1183.52,1056.71,2310.7
2024-08-07,Potato,Agra,914.92,1164.44,1039.68,2767.6
2024-08-08,Potato,Agra,909.77,1157.89,1033.83,759.7
2024-08-09,Potato,Agra,886.02,1127.66,1006.84,405.0
2024-08-10,Potato,Agra,877.3,1116.56,996.93,866.9
2024-08-11,Potato,Agra,911.4,1159.96,1035.68,3086.1
2024-08-12,Potato,Agra,923.91,1175.89,1049.9,2226.1
2024-08-13,Potato,Agra,931.03,1184.95,1057.99,2950.3
2024-08-14,Potato,Agra,913.98,1163.24,1038.61,669.1
2024-08-15,Potato,Agra,909.74,1157.84,1033.79,2067.8
2024-08-16,Potato,Agra,924.11,1176.13,1050.12,733.7
2024-08-17,Potato,Agra,943.04,1200.24,1071.64,3014.4
2024-08-18,Potato,Agra,904.57,1151.27,1027.92,3491.1
2024-08-19,Potato,Agra,899.6,1144.94,1022.27,1948.3
2024-08-20,Potato,Agra,913.97,1163.23,1038.6,3216.3
2024-08-21,Potato,Agra,905.95,1153.03,1029.49,1223.4
2024-08-22,Potato,Agra,895.95,1140.29,1018.12,2558.6
2024-08-23,Potato,Agra,910.98,1159.42,1035.2,1731.0
2024-08-24,Potato,Agra,925.17,1177.49,1051.33,3367.8
2024-08-25,Potato,Agra,972.08,1237.2,1104.64,1712.8
2024-08-26,Potato,Agra,976.9,1243.32,1110.11,2824.7
2024-08-27,Potato,Agra,993.0,1263.82,1128.41,2613.9
2024-08-28,Potato,Agra,1023.84,1303.08,1163.46,2553.2
2024-08-29,Potato,Agra,1006.99,1281.63,1144.31,1662.6
2024-08-30,Potato,Agra,993.98,1265.06,1129.52,3116.3
2024-08-31,Potato,Agra,1028.02,1308.38,1168.2,2048.4
2024-09-01,Potato,Agra,1031.29,1312.55,1171.92,2622.1
2024-09-02,Potato,Agra,1032.93,1314.63,1173.78,1759.0
2024-09-03,Potato,Agra,1111.18,1414.24,1262.71,542.8
2024-09-04,Potato,Agra,1055.93,1343.91,1199.92,2292.6
2024-09-05,Potato,Agra,998.67,1271.03,1134.85,1949.5
2024-09-06,Potato,Agra,1017.8,1295.38,1156.59,529.1
2024-09-07,Potato,Agra,1020.18,1298.4,1159.29,1844.5
2024-09-08,Potato,Agra,1048.63,1334.61,1191.62,2676.3
2024-09-09,Potato,Agra,1039.96,1323.58,1181.77,3056.3
2024-09-10,Potato,Agra,1090.78,1388.26,1239.52,3211.0
2024-09-11,Potato,Agra,1129.09,1437.03,1283.06,3330.0
2024-09-12,Potato,Agra,1127.75,1435.31,1281.53,2977.1
2024-09-13,Potato,Agra,1153.82,1468.5,1311.16,1717.6
2024-09-14,Potato,Agra,1085.99,1382.17,1234.08,522.3
2024-09-15,Potato,Agra,1117.28,1422.0,1269.64,1632.6
2024-09-16,Potato,Agra,1135.89,1445.67,1290.78,489.5
2024-09-17,Potato,Agra,1180.02,1501.84,1340.93,3404.7
2024-09-18,Potato,Agra,1199.11,1526.15,1362.63,3361.9
2024-09-19,Potato,Agra,1186.89,1510.59,1348.74,2669.2
2024-09-20,Potato,Agra,1226.54,1561.06,1393.8,2958.1
2024-09-21,Potato,Agra,1201.06,1528.62,1364.84,2041.9
2024-09-22,Potato,Agra,1177.73,1498.93,1338.33,530.4
2024-09-23,Potato,Agra,1192.68,1517.96,1355.32,984.8
2024-09-24,Potato,Agra,1243.09,1582.11,1412.6,432.1
2024-09-25,Potato,Agra,1233.34,1569.7,1401.52,3101.5
2024-09-26,Potato,Agra,1255.65,1598.11,1426.88,3488.6
2024-09-27,Potato,Agra,1276.81,1625.03,1450.92,1160.5
2024-09-28,Potato,Agra,1290.31,1642.21,1466.26,1133.2
2024-09-29,Potato,Agra,1263.78,1608.44,1436.11,421.0
2024-09-30,Potato,Agra,1312.12,1669.96,1491.04,663.7
2024-10-01,Potato,Agra,1285.53,1636.13,1460.83,3112.3
2024-10-02,Potato,Agra,1287.74,1638.94,1463.34,2616.6
2024-10-03,Potato,Agra,1295.99,1649.45,1472.72,2287.8
2024-10-04,Potato,Agra,1204.23,1532.65,1368.44,2773.5
2024-10-05,Potato,Agra,1239.22,1577.2,1408.21,3475.6
2024-10-06,Potato,Agra,1297.74,1651.68,1474.71,1704.0
2024-10-07,Potato,Agra,1305.37,1661.39,1483.38,1633.5
2024-10-08,Potato,Agra,1294.01,1646.93,1470.47,2921.2
2024-10-09,Potato,Agra,1324.83,1686.15,1505.49,3280.4
2024-10-10,Potato,Agra,1330.7,1693.62,1512.16,1927.4
2024-10-11,Potato,Agra,1310.99,1668.53,1489.76,518.7
2024-10-12,Potato,Agra,1335.58,1699.82,1517.7,978.4
2024-10-13,Potato,Agra,1424.87,1813.47,1619.17,3143.1
2024-10-14,Potato,Agra,1380.69,1757.25,1568.97,2659.9
2024-10-15,Potato,Agra,1392.96,1772.86,1582.91,1923.9
2024-10-16,Potato,Agra,1344.82,1711.6,1528.21,1557.7
2024-10-17,Potato,Agra,1330.01,1692.75,1511.38,1839.4
2024-10-18,Potato,Agra,1307.87,1664.57,1486.22,2174.9
2024-10-19,Potato,Agra,1368.97,1742.33,1555.65,2225.7
2024-10-20,Potato,Agra,1403.01,1785.65,1594.33,422.4
2024-10-21,Potato,Agra,1420.47,1807.87,1614.17,3049.6
2024-10-22,Potato,Agra,1436.26,1827.96,1632.11,1891.8
2024-10-23,Potato,Agra,1413.02,1798.4,1605.71,2978.6
2024-10-24,Potato,Agra,1384.31,1761.85,1573.08,1871.4
2024-10-25,Potato,Agra,1359.71,1730.53,1545.12,2936.4
2024-10-26,Potato,Agra,1361.97,1733.41,1547.69,2025.4
2024-10-27,Potato,Agra,1305.76,1661.88,1483.82,1480.2
2024-10-28,Potato,Agra,1333.45,1697.11,1515.28,1511.3
2024-10-29,Potato,Agra,1381.67,1758.49,1570.08,714.3
2024-10-30,Potato,Agra,1380.88,1757.48,1569.18,861.6
2024-10-31,Potato,Agra,1431.12,1821.42,1626.27,404.3
2024-11-01,Potato,Agra,1433.19,1824.05,1628.62,991.0
2024-11-02,Potato,Agra,1439.08,1831.56,1635.32,1180.1
2024-11-03,Potato,Agra,1397.37,1778.47,1587.92,1816.8
2024-11-04,Potato,Agra,1441.48,1834.62,1638.05,2467.2
2024-11-05,Potato,Agra,1423.7,1811.98,1617.84,1301.6
2024-11-06,Potato,Agra,1486.18,1891.5,1688.84,1250.7
2024-11-07,Potato,Agra,1498.4,1907.06,1702.73,670.4
2024-11-08,Potato,Agra,1510.04,1921.86,1715.95,1502.2
2024-11-09,Potato,Agra,1540.17,1960.21,1750.19,441.6
2024-11-10,Potato,Agra,1601.71,2038.53,1820.12,2497.7
2024-11-11,Potato,Agra,1633.78,2079.36,1856.57,2098.6
2024-11-12,Potato,Agra,1573.03,2002.03,1787.53,827.9
2024-11-13,Potato,Agra,1512.89,1925.49,1719.19,3408.9
2024-11-14,Potato,Agra,1486.8,1892.28,1689.54,2478.2
2024-11-15,Potato,Agra,1468.65,1869.19,1668.92,3464.3
2024-11-16,Potato,Agra,1506.19,1916.97,1711.58,1855.1
2024-11-17,Potato,Agra,1487.76,1893.52,1690.64,3044.8
2024-11-18,Potato,Agra,1528.15,1944.91,1736.53,1372.1
2024-11-19,Potato,Agra,1536.96,1956.12,1746.54,1245.0
2024-11-20,Potato,Agra,1596.63,2032.07,1814.35,2384.8
2024-11-21,Potato,Agra,1618.02,2059.3,1838.66,2451.5
2024-11-22,Potato,Agra,1638.99,2085.99,1862.49,618.5
2024-11-23,Potato,Agra,1648.47,2098.05,1873.26,813.9
2024-11-24,Potato,Agra,1615.37,2055.93,1835.65,3284.5
2024-11-25,Potato,Agra,1617.52,2058.66,1838.09,1427.8
2024-11-26,Potato,Agra,1669.17,2124.39,1896.78,1587.7
2024-11-27,Potato,Agra,1673.94,2130.48,1902.21,2817.9
2024-11-28,Potato,Agra,1681.43,2140.01,1910.72,1763.5
2024-11-29,Potato,Agra,1659.92,2112.62,1886.27,2250.1
2024-11-30,Potato,Agra,1614.66,2055.02,1834.84,2718.0
2024-12-01,Potato,Agra,1634.22,2079.92,1857.07,2797.6
2024-12-02,Potato,Agra,1613.52,2053.56,1833.54,1098.2
2024-12-03,Potato,Agra,1622.81,2065.39,1844.1,1121.2
2024-12-04,Potato,Agra,1618.65,2060.11,1839.38,598.4
2024-12-05,Potato,Agra,1641.53,2089.23,1865.38,765.3
2024-12-06,Potato,Agra,1664.28,2118.18,1891.23,2058.2
2024-12-07,Potato,Agra,1618.93,2060.45,1839.69,2341.1
2024-12-08,Potato,Agra,1635.93,2082.09,1859.01,767.4
2024-12-09,Potato,Agra,1684.69,2144.15,1914.42,3114.5
2024-12-10,Potato,Agra,1684.09,2143.39,1913.74,3457.7
2024-12-11,Potato,Agra,1637.07,2083.55,1860.31,2397.6
2024-12-12,Potato,Agra,1616.5,2057.36,1836.93,2768.5
2024-12-13,Potato,Agra,1626.57,2070.19,1848.38,1470.6
2024-12-14,Potato,Agra,1555.86,1980.18,1768.02,915.0
2024-12-15,Potato,Agra,1537.93,1957.37,1747.65,1143.8
2024-12-16,Potato,Agra,1531.11,1948.69,1739.9,1668.3
2024-12-17,Potato,Agra,1583.91,2015.89,1799.9,817.1
2024-12-18,Potato,Agra,1564.6,1991.32,1777.96,3317.2
2024-12-19,Potato,Agra,1559.58,1984.92,1772.25,1426.0
2024-12-20,Potato,Agra,1547.96,1970.14,1759.05,2209.3
2024-12-21,Potato,Agra,1502.2,1911.88,1707.04,3379.1
2024-12-22,Potato,Agra,1556.27,1980.71,1768.49,2826.6
2024-12-23,Potato,Agra,1570.56,1998.9,1784.73,2871.9
2024-12-24,Potato,Agra,1567.26,1994.7,1780.98,1423.4
2024-12-25,Potato,Agra,1580.49,2011.53,1796.01,2607.6
2024-12-26,Potato,Agra,1540.71,1960.91,1750.81,748.5
2024-12-27,Potato,Agra,1493.74,1901.12,1697.43,1786.7
2024-12-28,Potato,Agra,1456.79,1854.09,1655.44,3278.0
2024-12-29,Potato,Agra,1370.04,1743.68,1556.86,986.1
2024-12-30,Potato,Agra,1367.29,1740.19,1553.74,1876.1
2024-12-31,Potato,Agra,1347.39,1714.85,1531.12,3317.9
2025-01-01,Potato,Agra,1337.71,1702.53,1520.12,1342.5
2025-01-02,Potato,Agra,1349.04,1716.96,1533.0,3087.7
2025-01-03,Potato,Agra,1360.66,1731.74,1546.2,638.4
2025-01-04,Potato,Agra,1335.95,1700.29,1518.12,1484.5
2025-01-05,Potato,Agra,1323.53,1684.49,1504.01,2117.0
2025-01-06,Potato,Agra,1339.17,1704.39,1521.78,2191.1
2025-01-07,Potato,Agra,1302.85,1658.17,1480.51,3273.2
2025-01-08,Potato,Agra,1333.66,1697.38,1515.52,1972.7
2025-01-09,Potato,Agra,1318.8,1678.48,1498.64,3187.4
2025-01-10,Potato,Agra,1317.3,1676.56,1496.93,3215.6
2025-01-11,Potato,Agra,1316.6,1675.68,1496.14,2611.6
2025-01-12,Potato,Agra,1344.25,1710.87,1527.56,1148.7
2025-01-13,Potato,Agra,1376.08,1751.38,1563.73,1464.0
2025-01-14,Potato,Agra,1405.89,1789.31,1597.6,2499.9
2025-01-15,Potato,Agra,1395.03,1775.49,1585.26,859.6
2025-01-16,Potato,Agra,1431.84,1822.34,1627.09,2566.0
2025-01-17,Potato,Agra,1400.74,1782.76,1591.75,2670.3
2025-01-18,Potato,Agra,1454.7,1851.44,1653.07,3347.9
2025-01-19,Potato,Agra,1467.54,1867.78,1667.66,1555.3
2025-01-20,Potato,Agra,1448.69,1843.79,1646.24,834.7
2025-01-21,Potato,Agra,1469.14,1869.82,1669.48,1645.3
2025-01-22,Potato,Agra,1504.03,1914.23,1709.13,1878.4
2025-01-23,Potato,Agra,1545.04,1966.42,1755.73,1111.4
2025-01-24,Potato,Agra,1501.31,1910.75,1706.03,1829.8
2025-01-25,Potato,Agra,1430.83,1821.05,1625.94,1179.4
2025-01-26,Potato,Agra,1397.99,1779.25,1588.62,1376.0
2025-01-27,Potato,Agra,1397.28,1778.36,1587.82,2377.6
2025-01-28,Potato,Agra,1413.15,1798.55,1605.85,1397.1
2025-01-29,Potato,Agra,1428.58,1818.2,1623.39,2243.3
2025-01-30,Potato,Agra,1426.42,1815.44,1620.93,2946.9
2025-01-31,Potato,Agra,1398.12,1779.42,1588.77,2182.5
2025-02-01,Potato,Agra,1409.07,1793.37,1601.22,1269.6
2025-02-02,Potato,Agra,1353.72,1722.92,1538.32,1008.4
2025-02-03,Potato,Agra,1403.74,1786.58,1595.16,3104.2
2025-02-04,Potato,Agra,1377.48,1753.16,1565.32,413.7
2025-02-05,Potato,Agra,1448.02,1842.94,1645.48,751.2
2025-02-06,Potato,Agra,1471.83,1873.23,1672.53,1015.3
2025-02-07,Potato,Agra,1481.86,1886.0,1683.93,3453.4
2025-02-08,Potato,Agra,1537.32,1956.6,1746.96,1785.1
2025-02-09,Potato,Agra,1537.69,1957.07,1747.38,899.6
2025-02-10,Potato,Agra,1571.33,1999.87,1785.6,3284.8
2025-02-11,Potato,Agra,1529.35,1946.45,1737.9,3486.4
2025-02-12,Potato,Agra,1504.21,1914.45,1709.33,1621.0
2025-02-13,Potato,Agra,1506.83,1917.79,1712.31,1701.4
2025-02-14,Potato,Agra,1538.54,1958.14,1748.34,1840.6
2025-02-15,Potato,Agra,1565.56,1992.52,1779.04,1108.9
2025-02-16,Potato,Agra,1585.16,2017.48,1801.32,1776.1
2025-02-17,Potato,Agra,1587.15,2020.01,1803.58,1900.6
2025-02-18,Potato,Agra,1608.05,2046.61,1827.33,2122.6
2025-02-19,Potato,Agra,1587.56,2020.54,1804.05,2015.9
2025-02-20,Potato,Agra,1655.73,2107.29,1881.51,3071.3
2025-02-21,Potato,Agra,1588.23,2021.39,1804.81,1271.8
2025-02-22,Potato,Agra,1596.58,2032.02,1814.3,3387.7
2025-02-23,Potato,Agra,1597.63,2033.35,1815.49,1134.5
2025-02-24,Potato,Agra,1578.02,2008.4,1793.21,501.3
2025-02-25,Potato,Agra,1525.0,1940.9,1732.95,1011.3
2025-02-26,Potato,Agra,1532.48,1950.42,1741.45,3015.8
2025-02-27,Potato,Agra,1511.15,1923.29,1717.22,3268.0
2025-02-28,Potato,Agra,1447.73,1842.57,1645.15,1088.8
2025-03-01,Potato,Agra,1471.76,1873.16,1672.46,2529.2
2025-03-02,Potato,Agra,1484.89,1889.85,1687.37,3450.0
2025-03-03,Potato,Agra,1455.32,1852.22,1653.77,2988.3
2025-03-04,Potato,Agra,1436.83,1828.69,1632.76,1945.9
2025-03-05,Potato,Agra,1414.51,1800.29,1607.4,1923.4
2025-03-06,Potato,Agra,1445.32,1839.5,1642.41,1564.7
2025-03-07,Potato,Agra,1458.59,1856.39,1657.49,461.3
2025-03-08,Potato,Agra,1465.21,1864.81,1665.01,3483.8
2025-03-09,Potato,Agra,1444.48,1838.44,1641.46,690.7
2025-03-10,Potato,Agra,1441.4,1834.5,1637.95,3390.1
2025-03-11,Potato,Agra,1426.99,1816.17,1621.58,2879.1
2025-03-12,Potato,Agra,1372.52,1746.84,1559.68,3397.1
2025-03-13,Potato,Agra,1367.45,1740.39,1553.92,2488.8
2025-03-14,Potato,Agra,1349.02,1716.94,1532.98,507.9
2025-03-15,Potato,Agra,1358.76,1729.34,1544.05,1417.5
2025-03-16,Potato,Agra,1344.52,1711.2,1527.86,2320.2
2025-03-17,Potato,Agra,1327.23,1689.21,1508.22,595.0
2025-03-18,Potato,Agra,1311.22,1668.82,1490.02,2037.7
2025-03-19,Potato,Agra,1292.04,1644.42,1468.23,616.5
2025-03-20,Potato,Agra,1278.61,1627.33,1452.97,2916.7
2025-03-21,Potato,Agra,1219.83,1552.51,1386.17,3044.5
2025-03-22,Potato,Agra,1242.49,1581.35,1411.92,455.6
2025-03-23,Potato,Agra,1233.06,1569.34,1401.2,2580.0
2025-03-24,Potato,Agra,1245.38,1585.04,1415.21,1469.7
2025-03-25,Potato,Agra,1234.68,1571.4,1403.04,3289.0
2025-03-26,Potato,Agra,1236.35,1573.53,1404.94,3198.0
2025-03-27,Potato,Agra,1234.5,1571.18,1402.84,3224.2
2025-03-28,Potato,Agra,1186.35,1509.91,1348.13,2334.9
2025-03-29,Potato,Agra,1177.26,1498.34,1337.8,1393.0
2025-03-30,Potato,Agra,1152.06,1466.26,1309.16,2849.9
2025-03-31,Potato,Agra,1209.39,1539.23,1374.31,615.5
2025-04-01,Potato,Agra,1141.04,1452.24,1296.64,748.2
2025-04-02,Potato,Agra,1128.23,1435.93,1282.08,2340.9
2025-04-03,Potato,Agra,1154.36,1469.18,1311.77,1198.3
2025-04-04,Potato,Agra,1167.7,1486.16,1326.93,1147.9
2025-04-05,Potato,Agra,1213.26,1544.16,1378.71,2055.8
2025-04-06,Potato,Agra,1186.25,1509.77,1348.01,1460.1
2025-04-07,Potato,Agra,1187.41,1511.25,1349.33,794.4
2025-04-08,Potato,Agra,1150.57,1464.37,1307.47,2794.2
2025-04-09,Potato,Agra,1113.94,1417.74,1265.84,2338.2
2025-04-10,Potato,Agra,1030.2,1311.16,1170.68,2571.1
2025-04-11,Potato,Agra,1020.74,1299.12,1159.93,470.4
2025-04-12,Potato,Agra,995.84,1267.44,1131.64,827.3
2025-04-13,Potato,Agra,1006.07,1280.45,1143.26,3080.1
2025-04-14,Potato,Agra,1020.34,1298.62,1159.48,897.0
2025-04-15,Potato,Agra,1022.68,1301.6,1162.14,2871.0
2025-04-16,Potato,Agra,1000.44,1273.28,1136.86,1208.6
2025-04-17,Potato,Agra,1006.73,1281.29,1144.01,2613.3
2025-04-18,Potato,Agra,986.53,1255.59,1121.06,2274.7
2025-04-19,Potato,Agra,975.59,1241.67,1108.63,1524.3
2025-04-20,Potato,Agra,951.16,1210.56,1080.86,2140.3
2025-04-21,Potato,Agra,981.9,1249.68,1115.79,1643.0
2025-04-22,Potato,Agra,990.26,1260.32,1125.29,2769.9
2025-04-23,Potato,Agra,1000.09,1272.85,1136.47,1330.8
2025-04-24,Potato,Agra,1015.54,1292.5,1154.02,1541.5
2025-04-25,Potato,Agra,991.8,1262.3,1127.05,1271.3
2025-04-26,Potato,Agra,1043.76,1328.42,1186.09,793.1
2025-04-27,Potato,Agra,1022.57,1301.45,1162.01,2057.4
2025-04-28,Potato,Agra,1035.59,1318.03,1176.81,602.0
2025-04-29,Potato,Agra,1002.28,1275.64,1138.96,1453.1
2025-04-30,Potato,Agra,1031.87,1313.29,1172.58,1796.4
2025-05-01,Potato,Agra,1028.46,1308.94,1168.7,622.7
2025-05-02,Potato,Agra,1003.91,1277.71,1140.81,1206.9
2025-05-03,Potato,Agra,1056.68,1344.86,1200.77,2045.9
2025-05-04,Potato,Agra,1068.82,1360.32,1214.57,2248.9
2025-05-05,Potato,Agra,1094.18,1392.6,1243.39,1024.8
2025-05-06,Potato,Agra,1040.54,1324.32,1182.43,3414.4
2025-05-07,Potato,Agra,1020.54,1298.88,1159.71,2424.6
2025-05-08,Potato,Agra,1008.63,1283.71,1146.17,651.8
2025-05-09,Potato,Agra,1017.04,1294.42,1155.73,1684.7
2025-05-10,Potato,Agra,1021.16,1299.66,1160.41,3195.7
2025-05-11,Potato,Agra,1031.73,1313.11,1172.42,1418.9
2025-05-12,Potato,Agra,1028.65,1309.19,1168.92,1066.2
2025-05-13,Potato,Agra,1010.68,1286.32,1148.5,1252.0
2025-05-14,Potato,Agra,963.74,1226.58,1095.16,873.3
2025-05-15,Potato,Agra,1002.85,1276.35,1139.6,2705.3
2025-05-16,Potato,Agra,1018.2,1295.88,1157.04,3434.3
2025-05-17,Potato,Agra,968.47,1232.59,1100.53,460.5
2025-05-18,Potato,Agra,965.11,1228.33,1096.72,2688.4
2025-05-19,Potato,Agra,949.92,1208.98,1079.45,2375.7
2025-05-20,Potato,Agra,936.25,1191.59,1063.92,2486.0
2025-05-21,Potato,Agra,954.19,1214.43,1084.31,3077.4
2025-05-22,Potato,Agra,924.47,1176.59,1050.53,2894.4
2025-05-23,Potato,Agra,891.03,1134.03,1012.53,1945.8
2025-05-24,Potato,Agra,867.11,1103.59,985.35,2751.3
2025-05-25,Potato,Agra,868.15,1104.91,986.53,2762.2
2025-05-26,Potato,Agra,867.45,1104.03,985.74,2256.3
2025-05-27,Potato,Agra,864.78,1100.64,982.71,1391.7
2025-05-28,Potato,Agra,858.21,1092.27,975.24,1450.8
2025-05-29,Potato,Agra,832.22,1059.2,945.71,2420.4
2025-05-30,Potato,Agra,819.01,1042.37,930.69,1101.6
2025-05-31,Potato,Agra,812.19,1033.69,922.94,2291.4
2025-06-01,Potato,Agra,808.4,1028.88,918.64,2922.6
2025-06-02,Potato,Agra,807.15,1027.29,917.22,1546.0
2025-06-03,Potato,Agra,800.46,1018.76,909.61,871.8
2025-06-04,Potato,Agra,822.66,1047.02,934.84,2911.4
2025-06-05,Potato,Agra,824.42,1049.26,936.84,724.7
2025-06-06,Potato,Agra,834.41,1061.97,948.19,2490.7
2025-06-07,Potato,Agra,826.41,1051.79,939.1,1725.8
2025-06-08,Potato,Agra,823.6,1048.22,935.91,1472.4
2025-06-09,Potato,Agra,831.98,1058.88,945.43,3285.3
2025-06-10,Potato,Agra,815.62,1038.06,926.84,847.1
2025-06-11,Potato,Agra,821.24,1045.22,933.23,870.3
2025-06-12,Potato,Agra,820.59,1044.39,932.49,2990.1
2025-06-13,Potato,Agra,807.39,1027.59,917.49,479.7
2025-06-14,Potato,Agra,786.4,1000.88,893.64,3048.6
2025-06-15,Potato,Agra,806.0,1025.82,915.91,670.2
2025-06-16,Potato,Agra,767.54,976.86,872.2,3003.8
2025-06-17,Potato,Agra,817.26,1040.16,928.71,1078.8
2025-06-18,Potato,Agra,785.4,999.6,892.5,1310.8
2025-06-19,Potato,Agra,810.66,1031.74,921.2,2131.3
2025-06-20,Potato,Agra,828.79,1054.83,941.81,400.5
2025-06-21,Potato,Agra,854.31,1087.31,970.81,1417.5
2025-06-22,Potato,Agra,888.34,1130.62,1009.48,2554.3
2025-06-23,Potato,Agra,899.69,1145.05,1022.37,2950.9
2025-06-24,Potato,Agra,883.66,1124.66,1004.16,2610.7
2025-06-25,Potato,Agra,909.71,1157.81,1033.76,1053.7
2025-06-26,Potato,Agra,901.57,1147.45,1024.51,2023.2
2025-06-27,Potato,Agra,918.37,1168.83,1043.6,1402.7
2025-06-28,Potato,Agra,928.88,1182.2,1055.54,1526.8
2025-06-29,Potato,Agra,932.33,1186.61,1059.47,924.8
2025-06-30,Potato,Agra,977.94,1244.66,1111.3,3094.5
2025-07-01,Potato,Agra,951.03,1210.41,1080.72,1635.2
2025-07-02,Potato,Agra,919.11,1169.77,1044.44,2586.3
2025-07-03,Potato,Agra,928.79,1182.09,1055.44,3230.2
2025-07-04,Potato,Agra,935.94,1191.2,1063.57,2079.8
2025-07-05,Potato,Agra,956.96,1217.96,1087.46,2476.9
2025-07-06,Potato,Agra,952.0,1211.64,1081.82,679.9
2025-07-07,Potato,Agra,958.93,1220.45,1089.69,1030.4
2025-07-08,Potato,Agra,926.16,1178.74,1052.45,3460.0
2025-07-09,Potato,Agra,958.51,1219.93,1089.22,1564.7
2025-07-10,Potato,Agra,956.74,1217.66,1087.2,2970.6
2025-07-11,Potato,Agra,961.66,1223.94,1092.8,2622.8
2025-07-12,Potato,Agra,976.53,1242.85,1109.69,1345.2
2025-07-13,Potato,Agra,977.39,1243.95,1110.67,2725.7
2025-07-14,Potato,Agra,971.61,1236.59,1104.1,2803.4
2025-07-15,Potato,Agra,978.53,1245.41,1111.97,1814.1
2025-07-16,Potato,Agra,991.68,1262.14,1126.91,801.5
2025-07-17,Potato,Agra,958.51,1219.93,1089.22,1783.3
2025-07-18,Potato,Agra,925.37,1177.75,1051.56,2496.6
2025-07-19,Potato,Agra,903.16,1149.48,1026.32,1240.4
2025-07-20,Potato,Agra,890.61,1133.51,1012.06,1084.8
2025-07-21,Potato,Agra,894.82,1138.86,1016.84,3322.7
2025-07-22,Potato,Agra,903.68,1150.14,1026.91,2457.4
2025-07-23,Potato,Agra,878.36,1117.92,998.14,2444.2
2025-07-24,Potato,Agra,875.42,1114.18,994.8,2800.0
2025-07-25,Potato,Agra,874.59,1113.11,993.85,2514.6
2025-07-26,Potato,Agra,877.75,1117.13,997.44,630.5
2025-07-27,Potato,Agra,876.22,1115.18,995.7,2588.4
2025-07-28,Potato,Agra,830.81,1057.39,944.1,2176.6
2025-07-29,Potato,Agra,845.21,1075.73,960.47,1372.2
2025-07-30,Potato,Agra,866.53,1102.85,984.69,2583.5
2025-07-31,Potato,Agra,879.15,1118.91,999.03,3022.6
2025-08-01,Potato,Agra,874.76,1113.34,994.05,2117.7
2025-08-02,Potato,Agra,876.08,1115.0,995.54,418.5
2025-08-03,Potato,Agra,846.82,1077.78,962.3,847.8
2025-08-04,Potato,Agra,835.43,1063.27,949.35,2097.8
2025-08-05,Potato,Agra,842.8,1072.66,957.73,623.5
2025-08-06,Potato,Agra,877.21,1116.45,996.83,3285.9
2025-08-07,Potato,Agra,879.68,1119.6,999.64,2717.8
2025-08-08,Potato,Agra,887.73,1129.83,1008.78,813.8
2025-08-09,Potato,Agra,858.77,1092.97,975.87,3381.2
2025-08-10,Potato,Agra,817.27,1040.17,928.72,2680.4
2025-08-11,Potato,Agra,869.75,1106.95,988.35,437.9
2025-08-12,Potato,Agra,842.75,1072.59,957.67,820.3
2025-08-13,Potato,Agra,861.96,1097.04,979.5,2216.1
2025-08-14,Potato,Agra,903.44,1149.84,1026.64,2103.4
2025-08-15,Potato,Agra,895.31,1139.49,1017.4,1636.4
2025-08-16,Potato,Agra,908.43,1156.19,1032.31,1622.2
2025-08-17,Potato,Agra,922.42,1174.0,1048.21,3075.5
2025-08-18,Potato,Agra,942.44,1199.46,1070.95,764.5
2025-08-19,Potato,Agra,933.76,1188.42,1061.09,2445.9
2025-08-20,Potato,Agra,977.03,1243.49,1110.26,2088.8
2025-08-21,Potato,Agra,987.14,1256.36,1121.75,1104.1
2025-08-22,Potato,Agra,989.08,1258.84,1123.96,2639.9
2025-08-23,Potato,Agra,977.43,1244.01,1110.72,945.1
2025-08-24,Potato,Agra,985.1,1253.76,1119.43,2477.8
2025-08-25,Potato,Agra,996.54,1268.32,1132.43,3316.8
2025-08-26,Potato,Agra,972.44,1237.66,1105.05,558.8
2025-08-27,Potato,Agra,966.82,1230.5,1098.66,3228.3
2025-08-28,Potato,Agra,1027.23,1307.39,1167.31,2421.2
2025-08-29,Potato,Agra,1040.24,1323.94,1182.09,3406.8
2025-08-30,Potato,Agra,1050.97,1337.59,1194.28,2444.6
2025-08-31,Potato,Agra,1063.59,1353.65,1208.62,557.0
2025-09-01,Potato,Agra,1042.91,1327.35,1185.13,1095.3
2025-09-02,Potato,Agra,1064.7,1355.08,1209.89,1264.1
2025-09-03,Potato,Agra,1093.48,1391.7,1242.59,3243.2
2025-09-04,Potato,Agra,1096.34,1395.34,1245.84,1808.6
2025-09-05,Potato,Agra,1123.44,1429.84,1276.64,853.3
2025-09-06,Potato,Agra,1122.42,1428.54,1275.48,1739.7
2025-09-07,Potato,Agra,1160.72,1477.28,1319.0,2928.9
2025-09-08,Potato,Agra,1151.14,1465.08,1308.11,3294.0
2025-09-09,Potato,Agra,1200.5,1527.92,1364.21,3011.6
2025-09-10,Potato,Agra,1168.47,1487.15,1327.81,1872.5
2025-09-11,Potato,Agra,1226.31,1560.75,1393.53,2883.8
2025-09-12,Potato,Agra,1219.75,1552.41,1386.08,1219.5
2025-09-13,Potato,Agra,1259.17,1602.59,1430.88,1268.2
2025-09-14,Potato,Agra,1194.45,1520.21,1357.33,1531.5
2025-09-15,Potato,Agra,1258.88,1602.2,1430.54,3122.7
2025-09-16,Potato,Agra,1251.6,1592.94,1422.27,2798.1
2025-09-17,Potato,Agra,1256.95,1599.75,1428.35,3421.8
2025-09-18,Potato,Agra,1217.15,1549.11,1383.13,1656.8
2025-09-19,Potato,Agra,1244.77,1584.25,1414.51,2602.8
2025-09-20,Potato,Agra,1250.27,1591.25,1420.76,3119.7
2025-09-21,Potato,Agra,1248.09,1588.47,1418.28,1495.4
2025-09-22,Potato,Agra,1210.67,1540.85,1375.76,2572.0
2025-09-23,Potato,Agra,1196.11,1522.33,1359.22,2059.9
2025-09-24,Potato,Agra,1210.07,1540.09,1375.08,1717.7
2025-09-25,Potato,Agra,1136.69,1446.69,1291.69,420.7
2025-09-26,Potato,Agra,1175.55,1496.15,1335.85,952.1
2025-09-27,Potato,Agra,1210.62,1540.78,1375.7,1313.6
2025-09-28,Potato,Agra,1226.96,1561.58,1394.27,1220.2
2025-09-29,Potato,Agra,1212.92,1543.72,1378.32,1914.7
2025-09-30,Potato,Agra,1235.7,1572.7,1404.2,2066.3
2025-10-01,Potato,Agra,1227.29,1562.01,1394.65,1308.9
2025-10-02,Potato,Agra,1192.85,1518.17,1355.51,2458.3
2025-10-03,Potato,Agra,1149.16,1462.56,1305.86,1865.3
2025-10-04,Potato,Agra,1182.61,1505.15,1343.88,2673.8
2025-10-05,Potato,Agra,1175.96,1496.68,1336.32,443.4
2025-10-06,Potato,Agra,1171.41,1490.89,1331.15,3492.0
2025-10-07,Potato,Agra,1173.99,1494.17,1334.08,2968.5
2025-10-08,Potato,Agra,1166.94,1485.2,1326.07,1189.4
2025-10-09,Potato,Agra,1137.29,1447.45,1292.37,3208.4
2025-10-10,Potato,Agra,1151.22,1465.2,1308.21,2684.0
2025-10-11,Potato,Agra,1174.75,1495.13,1334.94,1591.7
2025-10-12,Potato,Agra,1188.61,1512.77,1350.69,1507.1
2025-10-13,Potato,Agra,1169.13,1487.99,1328.56,2913.3
2025-10-14,Potato,Agra,1168.79,1487.55,1328.17,3254.7
2025-10-15,Potato,Agra,1199.86,1527.1,1363.48,696.5
2025-10-16,Potato,Agra,1186.39,1509.95,1348.17,2416.7
2025-10-17,Potato,Agra,1222.83,1556.33,1389.58,1067.1
2025-10-18,Potato,Agra,1241.55,1580.15,1410.85,1919.6
2025-10-19,Potato,Agra,1246.46,1586.4,1416.43,1194.9
2025-10-20,Potato,Agra,1255.93,1598.45,1427.19,1289.6
2025-10-21,Potato,Agra,1316.95,1676.11,1496.53,1950.4
2025-10-22,Potato,Agra,1364.96,1737.22,1551.09,657.2
2025-10-23,Potato,Agra,1303.92,1659.54,1481.73,2424.5
2025-10-24,Potato,Agra,1281.5,1631.0,1456.25,926.6
2025-10-25,Potato,Agra,1284.91,1635.35,1460.13,476.1
2025-10-26,Potato,Agra,1319.45,1679.29,1499.37,525.2
2025-10-27,Potato,Agra,1385.36,1763.18,1574.27,2330.2
2025-10-28,Potato,Agra,1419.28,1806.36,1612.82,2588.5
2025-10-29,Potato,Agra,1429.11,1818.87,1623.99,1130.4
2025-10-30,Potato,Agra,1386.99,1765.27,1576.13,1459.9
2025-10-31,Potato,Agra,1378.48,1754.42,1566.45,2143.2
2025-11-01,Potato,Agra,1415.96,1802.12,1609.04,2467.0
2025-11-02,Potato,Agra,1481.04,1884.96,1683.0,2593.3
2025-11-03,Potato,Agra,1448.38,1843.4,1645.89,3219.4
2025-11-04,Potato,Agra,1476.38,1879.04,1677.71,2750.7
2025-11-05,Potato,Agra,1513.92,1926.8,1720.36,1508.1
2025-11-06,Potato,Agra,1477.37,1880.29,1678.83,1281.4
2025-11-07,Potato,Agra,1448.88,1844.04,1646.46,2965.6
2025-11-08,Potato,Agra,1514.15,1927.11,1720.63,1165.5
2025-11-09,Potato,Agra,1512.61,1925.13,1718.87,479.1
2025-11-10,Potato,Agra,1443.59,1837.29,1640.44,2733.8
2025-11-11,Potato,Agra,1404.59,1787.67,1596.13,662.0
2025-11-12,Potato,Agra,1425.86,1814.72,1620.29,2625.1
2025-11-13,Potato,Agra,1418.95,1805.93,1612.44,573.2
2025-11-14,Potato,Agra,1373.64,1748.28,1560.96,1478.9
2025-11-15,Potato,Agra,1435.03,1826.41,1630.72,845.9
2025-11-16,Potato,Agra,1399.7,1781.44,1590.57,2092.7
2025-11-17,Potato,Agra,1456.89,1854.23,1655.56,411.1
2025-11-18,Potato,Agra,1409.06,1793.34,1601.2,2501.4
2025-11-19,Potato,Agra,1394.38,1774.66,1584.52,1447.6
2025-11-20,Potato,Agra,1411.44,1796.38,1603.91,626.6
2025-11-21,Potato,Agra,1370.2,1743.88,1557.04,677.6
2025-11-22,Potato,Agra,1351.11,1719.59,1535.35,2648.2
2025-11-23,Potato,Agra,1332.98,1696.52,1514.75,402.7
2025-11-24,Potato,Agra,1352.11,1720.87,1536.49,2887.1
2025-11-25,Potato,Agra,1326.94,1688.84,1507.89,1970.2
2025-11-26,Potato,Agra,1316.94,1676.1,1496.52,1735.1
2025-11-27,Potato,Agra,1270.59,1617.11,1443.85,1255.1
2025-11-28,Potato,Agra,1313.52,1671.76,1492.64,1986.7
2025-11-29,Potato,Agra,1358.56,1729.08,1543.82,444.9
2025-11-30,Potato,Agra,1316.8,1675.92,1496.36,619.7
2025-12-01,Potato,Agra,1324.31,1685.49,1504.9,2356.0
2025-12-02,Potato,Agra,1309.21,1666.27,1487.74,2782.7
2025-12-03,Potato,Agra,1313.55,1671.79,1492.67,2110.6
2025-12-04,Potato,Agra,1332.75,1696.23,1514.49,2764.0
2025-12-05,Potato,Agra,1342.77,1708.99,1525.88,2706.6
2025-12-06,Potato,Agra,1317.42,1676.72,1497.07,2685.4
2025-12-07,Potato,Agra,1308.19,1664.97,1486.58,3378.3
2025-12-08,Potato,Agra,1347.12,1714.52,1530.82,1261.2
2025-12-09,Potato,Agra,1437.52,1829.56,1633.54,3460.2
2025-12-10,Potato,Agra,1455.77,1852.79,1654.28,906.1
2025-12-11,Potato,Agra,1546.14,1967.82,1756.98,1611.4
2025-12-12,Potato,Agra,1628.92,2073.18,1851.05,3409.6
2025-12-13,Potato,Agra,1567.54,1995.04,1781.29,1580.8
2025-12-14,Potato,Agra,1522.26,1937.42,1729.84,948.9
2025-12-15,Potato,Agra,1542.69,1963.43,1753.06,757.0
2025-12-16,Potato,Agra,1506.01,1916.73,1711.37,3086.0
2025-12-17,Potato,Agra,1502.42,1912.16,1707.29,2002.7
2025-12-18,Potato,Agra,1502.72,1912.56,1707.64,2728.1
2025-12-19,Potato,Agra,1483.34,1887.88,1685.61,1687.9
2025-12-20,Potato,Agra,1514.4,1927.42,1720.91,466.0
2025-12-21,Potato,Agra,1507.6,1918.76,1713.18,1382.4
2025-12-22,Potato,Agra,1528.46,1945.32,1736.89,1585.1
2025-12-23,Potato,Agra,1532.7,1950.72,1741.71,3442.2
2025-12-24,Potato,Agra,1550.49,1973.35,1761.92,1249.8
2025-12-25,Potato,Agra,1561.53,1987.41,1774.47,2153.4
2025-12-26,Potato,Agra,1556.32,1980.76,1768.54,1025.9
2025-12-27,Potato,Agra,1564.66,1991.38,1778.02,2366.5
2025-12-28,Potato,Agra,1555.64,1979.9,1767.77,1380.2
2025-12-29,Potato,Agra,1568.53,1996.31,1782.42,2343.7
2025-12-30,Potato,Agra,1611.86,2051.46,1831.66,1330.8
2025-12-31,Potato,Agra,1622.32,2064.78,1843.55,902.4
2026-01-01,Potato,Agra,1686.25,2146.13,1916.19,3480.6
2026-01-02,Potato,Agra,1745.78,2221.9,1983.84,1446.8
2026-01-03,Potato,Agra,1761.63,2242.07,2001.85,707.7
2026-01-04,Potato,Agra,1752.48,2230.44,1991.46,900.9
2026-01-05,Potato,Agra,1709.01,2175.11,1942.06,3265.0
2026-01-06,Potato,Agra,1635.48,2081.52,1858.5,1448.8
2026-01-07,Potato,Agra,1621.28,2063.44,1842.36,3241.9
2026-01-08,Potato,Agra,1566.09,1993.21,1779.65,1450.7
2026-01-09,Potato,Agra,1639.7,2086.88,1863.29,2115.8
2026-01-10,Potato,Agra,1631.26,2076.16,1853.71,2440.5
2026-01-11,Potato,Agra,1600.55,2037.07,1818.81,1179.4
2026-01-12,Potato,Agra,1605.3,2043.1,1824.2,1449.7
2026-01-13,Potato,Agra,1598.74,2034.76,1816.75,903.0
2026-01-14,Potato,Agra,1509.3,1920.92,1715.11,2735.5
2026-01-15,Potato,Agra,1484.17,1888.95,1686.56,1822.7
2026-01-16,Potato,Agra,1518.68,1932.86,1725.77,2542.9
2026-01-17,Potato,Agra,1547.0,1968.92,1757.96,2316.8
2026-01-18,Potato,Agra,1555.68,1979.96,1767.82,2910.5
2026-01-19,Potato,Agra,1640.78,2088.26,1864.52,913.8
2026-01-20,Potato,Agra,1610.74,2050.04,1830.39,2038.0
2026-01-21,Potato,Agra,1631.21,2076.09,1853.65,2139.6
2026-01-22,Potato,Agra,1628.14,2072.18,1850.16,1365.5
2026-01-23,Potato,Agra,1657.2,2109.16,1883.18,529.4
2026-01-24,Potato,Agra,1622.91,2065.53,1844.22,3171.1
2026-01-25,Potato,Agra,1568.59,1996.39,1782.49,492.7
2026-01-26,Potato,Agra,1557.74,1982.58,1770.16,2935.4
2026-01-27,Potato,Agra,1559.25,1984.51,1771.88,1772.6
2026-01-28,Potato,Agra,1561.33,1987.15,1774.24,1490.5
2026-01-29,Potato,Agra,1535.66,1954.48,1745.07,2155.3
2026-01-30,Potato,Agra,1535.46,1954.22,1744.84,2806.4
2026-01-31,Potato,Agra,1493.99,1901.45,1697.72,2369.7
2026-02-01,Potato,Agra,1493.44,1900.74,1697.09,1154.2
2026-02-02,Potato,Agra,1522.91,1938.25,1730.58,3199.9
2026-02-03,Potato,Agra,1589.16,2022.56,1805.86,3031.2
2026-02-04,Potato,Agra,1632.05,2077.15,1854.6,2816.2
2026-02-05,Potato,Agra,1639.11,2086.13,1862.62,2154.2
2026-02-06,Potato,Agra,1645.87,2094.75,1870.31,1153.0
2026-02-07,Potato,Agra,1622.01,2064.37,1843.19,2058.7
2026-02-08,Potato,Agra,1601.06,2037.72,1819.39,1007.2
2026-02-09,Potato,Agra,1627.27,2071.07,1849.17,2873.6
2026-02-10,Potato,Agra,1654.2,2105.34,1879.77,801.1
2026-02-11,Potato,Agra,1603.25,2040.51,1821.88,492.8
2026-02-12,Potato,Agra,1548.4,1970.68,1759.54,1073.5
2026-02-13,Potato,Agra,1514.24,1927.22,1720.73,635.8
2026-02-14,Potato,Agra,1506.44,1917.28,1711.86,3046.3
2026-02-15,Potato,Agra,1542.07,1962.63,1752.35,847.8
2026-02-16,Potato,Agra,1581.4,2012.7,1797.05,1948.2
2026-02-17,Potato,Agra,1593.02,2027.48,1810.25,883.9
2026-02-18,Potato,Agra,1647.84,2097.26,1872.55,2349.6
2026-02-19,Potato,Agra,1569.52,1997.58,1783.55,1724.9
2026-02-20,Potato,Agra,1577.36,2007.54,1792.45,1949.8
2026-02-21,Potato,Agra,1586.66,2019.38,1803.02,1941.3
2026-02-22,Potato,Agra,1589.22,2022.64,1805.93,2379.4
2026-02-23,Potato,Agra,1608.97,2047.79,1828.38,2479.3
2026-02-24,Potato,Agra,1628.27,2072.35,1850.31,2357.1
2026-02-25,Potato,Agra,1598.2,2034.08,1816.14,3106.3
2026-02-26,Potato,Agra,1537.88,1957.3,1747.59,2129.0
2026-02-27,Potato,Agra,1481.88,1886.02,1683.95,1696.0
2026-02-28,Potato,Agra,1464.5,1863.9,1664.2,1009.3
2026-03-01,Potato,Agra,1448.12,1843.06,1645.59,1798.7
2026-03-02,Potato,Agra,1500.51,1909.75,1705.13,1902.2
2026-03-03,Potato,Agra,1451.1,1846.86,1648.98,3301.1
2026-03-04,Potato,Agra,1490.98,1897.6,1694.29,1811.2
2026-03-05,Potato,Agra,1490.87,1897.47,1694.17,595.3
2026-03-06,Potato,Agra,1408.39,1792.49,1600.44,3363.2
2026-03-07,Potato,Agra,1383.23,1760.47,1571.85,3297.4
2026-03-08,Potato,Agra,1329.06,1691.52,1510.29,1737.2
2026-03-09,Potato,Agra,1269.76,1616.06,1442.91,2263.4
2026-03-10,Potato,Agra,1316.91,1676.07,1496.49,828.0
2026-03-11,Potato,Agra,1323.04,1683.86,1503.45,3286.6
2026-03-12,Potato,Agra,1293.56,1646.36,1469.96,1850.9
2026-03-13,Potato,Agra,1307.7,1664.34,1486.02,2230.7
2026-03-14,Potato,Agra,1330.1,1692.86,1511.48,2019.6
2026-03-15,Potato,Agra,1330.7,1693.62,1512.16,3362.6
2026-03-16,Potato,Agra,1351.08,1719.56,1535.32,1623.3
2026-03-17,Potato,Agra,1371.7,1745.8,1558.75,2703.1
2026-03-18,Potato,Agra,1335.36,1699.56,1517.46,972.2
2026-03-19,Potato,Agra,1279.43,1628.37,1453.9,1622.4
2026-03-20,Potato,Agra,1318.71,1678.35,1498.53,979.8
2026-03-21,Potato,Agra,1353.16,1722.2,1537.68,1178.4
2026-03-22,Potato,Agra,1373.89,1748.59,1561.24,2104.9
2026-03-23,Potato,Agra,1370.97,1744.87,1557.92,2420.1
2026-03-24,Potato,Agra,1321.82,1682.32,1502.07,1806.9
2026-03-25,Potato,Agra,1337.79,1702.65,1520.22,907.2
2026-03-26,Potato,Agra,1264.05,1608.79,1436.42,2207.3
2026-03-27,Potato,Agra,1227.92,1562.8,1395.36,1787.4
2026-03-28,Potato,Agra,1202.2,1530.08,1366.14,3417.6
2026-03-29,Potato,Agra,1159.0,1475.1,1317.05,2379.5
2026-03-30,Potato,Agra,1162.87,1480.01,1321.44,3075.8
2026-03-31,Potato,Agra,1172.93,1492.83,1332.88,3376.2
2026-04-01,Potato,Agra,1209.13,1538.89,1374.01,838.3
2026-04-02,Potato,Agra,1177.26,1498.32,1337.79,3488.2
2026-04-03,Potato,Agra,1205.49,1534.25,1369.87,2076.2
2026-04-04,Potato,Agra,1206.28,1535.26,1370.77,1585.7
2026-04-05,Potato,Agra,1157.99,1473.81,1315.9,1791.6
2026-04-06,Potato,Agra,1175.34,1495.88,1335.61,2458.5
2026-04-07,Potato,Agra,1206.78,1535.9,1371.34,2063.4
2026-04-08,Potato,Agra,1205.12,1533.8,1369.46,3205.9
2026-04-09,Potato,Agra,1166.75,1484.95,1325.85,1910.1
2026-04-10,Potato,Agra,1179.63,1501.35,1340.49,2176.5
2026-04-11,Potato,Agra,1192.6,1517.86,1355.23,1181.5
2026-04-12,Potato,Agra,1159.52,1475.76,1317.64,1273.5
2026-04-13,Potato,Agra,1121.8,1427.74,1274.77,1926.6
2026-04-14,Potato,Agra,1168.9,1487.68,1328.29,3096.3
2026-04-15,Potato,Agra,1119.4,1424.68,1272.04,3134.7
2026-04-16,Potato,Agra,1059.11,1347.95,1203.53,3295.7
2026-04-17,Potato,Agra,1077.79,1371.73,1224.76,3046.6
2026-04-18,Potato,Agra,1092.41,1390.33,1241.37,3478.9
2026-04-19,Potato,Agra,1063.51,1353.55,1208.53,2046.6
2026-04-20,Potato,Agra,1062.17,1351.85,1207.01,1737.4
2026-04-21,Potato,Agra,1067.66,1358.84,1213.25,2809.1
2026-04-22,Potato,Agra,1051.25,1337.95,1194.6,3478.2
2026-04-23,Potato,Agra,1040.02,1323.66,1181.84,2141.4
2026-04-24,Potato,Agra,989.27,1259.07,1124.17,843.6
2026-04-25,Potato,Agra,1025.65,1305.37,1165.51,2103.0
2026-04-26,Potato,Agra,1056.05,1344.07,1200.06,621.3
2026-04-27,Potato,Agra,1087.17,1383.67,1235.42,3114.2
2026-04-28,Potato,Agra,1130.03,1438.23,1284.13,1358.0
2026-04-29,Potato,Agra,1127.23,1434.65,1280.94,2225.8
2026-04-30,Potato,Agra,1068.85,1360.35,1214.6,453.7
2026-05-01,Potato,Agra,1026.68,1306.68,1166.68,2533.5
2026-05-02,Potato,Agra,1059.23,1348.11,1203.67,662.1
2026-05-03,Potato,Agra,1064.07,1354.27,1209.17,1754.3
2026-05-04,Potato,Agra,1033.23,1315.01,1174.12,2038.0
2026-05-05,Potato,Agra,1055.92,1343.9,1199.91,2368.8
2026-05-06,Potato,Agra,1061.74,1351.3,1206.52,2403.8
2026-05-07,Potato,Agra,1061.68,1351.24,1206.46,2445.2
2026-05-08,Potato,Agra,1022.34,1301.16,1161.75,1247.5
2026-05-09,Potato,Agra,1036.83,1319.61,1178.22,2027.3
2026-05-10,Potato,Agra,1026.36,1306.28,1166.32,1180.7
2026-05-11,Potato,Agra,1013.74,1290.22,1151.98,1223.8
2026-05-12,Potato,Agra,964.67,1227.77,1096.22,631.4
2026-05-13,Potato,Agra,947.48,1205.88,1076.68,1673.8
2026-05-14,Potato,Agra,952.23,1211.93,1082.08,3231.5
2026-05-15,Potato,Agra,967.8,1231.74,1099.77,2030.9
2026-05-16,Potato,Agra,986.67,1255.77,1121.22,694.5
2026-05-17,Potato,Agra,948.02,1206.58,1077.3,3366.3
2026-05-18,Potato,Agra,950.73,1210.03,1080.38,2892.0
2026-05-19,Potato,Agra,960.67,1222.67,1091.67,1750.8
2026-05-20,Potato,Agra,1002.96,1276.5,1139.73,3034.3
2026-05-21,Potato,Agra,987.25,1256.51,1121.88,2304.7
2026-05-22,Potato,Agra,978.67,1245.57,1112.12,1441.1
2026-05-23,Potato,Agra,990.81,1261.03,1125.92,1716.1
2026-05-24,Potato,Agra,915.83,1165.61,1040.72,919.6
2026-05-25,Potato,Agra,901.74,1147.66,1024.7,1619.8
2026-05-26,Potato,Agra,902.26,1148.32,1025.29,2889.8
2026-05-27,Potato,Agra,926.94,1179.74,1053.34,2691.7
2026-05-28,Potato,Agra,931.81,1185.93,1058.87,714.8
2026-05-29,Potato,Agra,921.45,1172.75,1047.1,3120.5
2026-05-30,Potato,Agra,924.31,1176.39,1050.35,1367.8
2026-05-31,Potato,Agra,934.18,1188.96,1061.57,3002.4
2026-06-01,Potato,Agra,984.05,1252.43,1118.24,3013.1
2026-06-02,Potato,Agra,1029.61,1310.41,1170.01,1360.1
2026-06-03,Potato,Agra,1055.95,1343.93,1199.94,678.1
2026-06-04,Potato,Agra,1075.03,1368.23,1221.63,1560.3
2026-06-05,Potato,Agra,1100.15,1400.19,1250.17,695.3
2026-06-06,Potato,Agra,1077.91,1371.89,1224.9,2635.1
2026-06-07,Potato,Agra,1023.97,1303.23,1163.6,1659.5
2026-06-08,Potato,Agra,1008.34,1283.34,1145.84,1788.4
2026-06-09,Potato,Agra,1039.63,1323.17,1181.4,3352.4
2026-06-10,Potato,Agra,977.11,1243.59,1110.35,2597.1
2026-06-11,Potato,Agra,1026.12,1305.98,1166.05,2974.9
2026-06-12,Potato,Agra,1014.29,1290.91,1152.6,3141.5
2026-06-13,Potato,Agra,1027.68,1307.96,1167.82,3400.1
2026-06-14,Potato,Agra,1010.0,1285.46,1147.73,2862.8
2026-06-15,Potato,Agra,1042.37,1326.65,1184.51,2874.4
2026-06-16,Potato,Agra,1039.66,1323.2,1181.43,2632.4
2026-06-17,Potato,Agra,1044.59,1329.47,1187.03,2194.3
2026-06-18,Potato,Agra,978.7,1245.62,1112.16,537.9
2026-06-19,Potato,Agra,948.51,1207.19,1077.85,2397.5
2026-06-20,Potato,Agra,947.71,1206.17,1076.94,3243.3
2026-06-21,Potato,Agra,913.8,1163.02,1038.41,651.2
2026-06-22,Potato,Agra,922.51,1174.11,1048.31,2925.2
2026-06-23,Potato,Agra,921.25,1172.51,1046.88,959.6
2026-06-24,Potato,Agra,939.63,1195.89,1067.76,2978.4
2026-06-25,Potato,Agra,994.99,1266.35,1130.67,1452.9
2026-06-26,Potato,Agra,971.36,1236.28,1103.82,1480.8
2026-06-27,Potato,Agra,975.45,1241.49,1108.47,3096.9
2026-06-28,Potato,Agra,984.02,1252.4,1118.21,1176.6
2026-06-29,Potato,Agra,951.24,1210.68,1080.96,1817.4
2026-06-30,Potato,Agra,950.73,1210.01,1080.37,3497.2
2026-07-01,Potato,Agra,953.89,1214.05,1083.97,3110.0
2026-07-02,Potato,Agra,905.21,1152.09,1028.65,2669.8
2026-07-03,Potato,Agra,904.68,1151.42,1028.05,1749.2
2026-07-04,Potato,Agra,904.23,1150.83,1027.53,2283.8
2026-07-05,Potato,Agra,946.66,1204.84,1075.75,1737.0
2026-07-06,Potato,Agra,971.8,1236.84,1104.32,2320.2
2026-07-07,Potato,Agra,1002.39,1275.77,1139.08,3421.9
2026-07-08,Potato,Agra,998.88,1271.3,1135.09,2743.3
2026-07-09,Potato,Agra,1006.72,1281.28,1144.0,411.6
2026-07-10,Potato,Agra,982.4,1250.32,1116.36,1755.8
2026-07-11,Potato,Agra,1017.92,1295.54,1156.73,1262.1
2026-07-12,Potato,Agra,1032.83,1314.51,1173.67,2781.1
2026-07-13,Potato,Agra,1018.47,1296.23,1157.35,3022.9
2026-07-14,Potato,Agra,1012.4,1288.52,1150.46,2426.4
2026-07-15,Potato,Agra,984.18,1252.6,1118.39,3178.9
2026-07-16,Potato,Agra,962.9,1225.5,1094.2,1784.8
2026-07-17,Potato,Agra,928.23,1181.39,1054.81,3271.9
2026-07-18,Potato,Agra,930.25,1183.95,1057.1,2133.7
2026-07-19,Potato,Agra,918.64,1169.18,1043.91,1463.3
2026-07-20,Potato,Agra,914.45,1163.85,1039.15,1259.6
2026-07-21,Potato,Agra,949.51,1208.47,1078.99,1791.9
2026-07-22,Potato,Agra,978.29,1245.09,1111.69,1969.6
2026-07-23,Potato,Agra,1000.67,1273.59,1137.13,763.9
2026-07-24,Potato,Agra,1003.45,1277.11,1140.28,1174.1
2026-07-25,Potato,Agra,1009.78,1285.18,1147.48,3009.1
2026-07-26,Potato,Agra,1014.98,1291.8,1153.39,506.8
2026-07-27,Potato,Agra,1015.96,1293.04,1154.5,2576.6
2026-07-28,Potato,Agra,1002.77,1276.25,1139.51,2061.2
2026-07-29,Potato,Agra,971.19,1236.05,1103.62,522.3
2026-07-30,Potato,Agra,938.7,1194.7,1066.7,1294.8
2026-07-31,Potato,Agra,969.42,1233.8,1101.61,538.8
2026-08-01,Potato,Agra,977.82,1244.5,1111.16,581.0
2026-08-02,Potato,Agra,1028.15,1308.55,1168.35,879.6
2026-08-03,Potato,Agra,1010.69,1286.33,1148.51,1327.1
2026-08-04,Potato,Agra,1066.84,1357.8,1212.32,2259.7
2026-08-05,Potato,Agra,1018.8,1296.66,1157.73,1338.0
2026-08-06,Potato,Agra,1014.01,1290.55,1152.28,2273.8
2026-08-07,Potato,Agra,1034.54,1316.68,1175.61,1741.4
2026-08-08,Potato,Agra,1066.0,1356.72,1211.36,2484.7
2026-08-09,Potato,Agra,1089.22,1386.28,1237.75,961.9
2026-08-10,Potato,Agra,1071.43,1363.63,1217.53,1648.3
2026-08-11,Potato,Agra,1104.89,1406.23,1255.56,1190.6
2026-08-12,Potato,Agra,1089.55,1386.71,1238.13,2516.7
2026-08-13,Potato,Agra,1061.34,1350.8,1206.07,2376.9
2026-08-14,Potato,Agra,1067.83,1359.05,1213.44,832.0
2026-08-15,Potato,Agra,1097.08,1396.28,1246.68,2686.0
2026-08-16,Potato,Agra,1118.68,1423.78,1271.23,717.6
2026-08-17,Potato,Agra,1123.28,1429.64,1276.46,3118.1
2026-08-18,Potato,Agra,1134.97,1444.51,1289.74,1571.2
2026-08-19,Potato,Agra,1130.56,1438.9,1284.73,495.2
2026-08-20,Potato,Agra,1177.14,1498.18,1337.66,1180.8
2026-08-21,Potato,Agra,1122.11,1428.15,1275.13,571.3
2026-08-22,Potato,Agra,1110.03,1412.77,1261.4,3018.6
2026-08-23,Potato,Agra,1112.71,1416.17,1264.44,1364.2
2026-08-24,Potato,Agra,1095.75,1394.59,1245.17,1373.8
2023-01-01,Potato,Farrukhabad,1389.89,1768.95,1579.42,1439.3
2023-01-02,Potato,Farrukhabad,1392.78,1772.62,1582.7,1090.3
2023-01-03,Potato,Farrukhabad,1363.74,1735.66,1549.7,2241.9
2023-01-04,Potato,Farrukhabad,1376.79,1752.27,1564.53,2315.6
2023-01-05,Potato,Farrukhabad,1355.77,1725.53,1540.65,425.0
2023-01-06,Potato,Farrukhabad,1388.97,1767.77,1578.37,2183.9
2023-01-07,Potato,Farrukhabad,1351.69,1720.33,1536.01,2848.6
2023-01-08,Potato,Farrukhabad,1329.77,1692.43,1511.1,966.8
2023-01-09,Potato,Farrukhabad,1345.12,1711.96,1528.54,2365.1
2023-01-10,Potato,Farrukhabad,1360.66,1731.74,1546.2,3216.8
2023-01-11,Potato,Farrukhabad,1357.62,1727.88,1542.75,1803.2
2023-01-12,Potato,Farrukhabad,1363.23,1735.01,1549.12,1604.7
2023-01-13,Potato,Farrukhabad,1352.29,1721.09,1536.69,493.6
2023-01-14,Potato,Farrukhabad,1360.44,1731.46,1545.95,3470.2
2023-01-15,Potato,Farrukhabad,1347.01,1714.37,1530.69,651.8
2023-01-16,Potato,Farrukhabad,1349.22,1717.18,1533.2,3284.6
2023-01-17,Potato,Farrukhabad,1383.21,1760.45,1571.83,2345.1
2023-01-18,Potato,Farrukhabad,1390.95,1770.29,1580.62,1278.9
2023-01-19,Potato,Farrukhabad,1411.37,1796.29,1603.83,1085.9
2023-01-20,Potato,Farrukhabad,1429.52,1819.38,1624.45,1571.3
2023-01-21,Potato,Farrukhabad,1449.76,1845.14,1647.45,2484.2
2023-01-22,Potato,Farrukhabad,1433.62,1824.6,1629.11,1110.4
2023-01-23,Potato,Farrukhabad,1454.94,1851.74,1653.34,909.4
2023-01-24,Potato,Farrukhabad,1454.38,1851.02,1652.7,3486.8
2023-01-25,Potato,Farrukhabad,1395.39,1775.95,1585.67,938.6
2023-01-26,Potato,Farrukhabad,1397.11,1778.15,1587.63,1964.1
2023-01-27,Potato,Farrukhabad,1370.17,1743.85,1557.01,925.6
2023-01-28,Potato,Farrukhabad,1345.38,1712.3,1528.84,1655.8
2023-01-29,Potato,Farrukhabad,1356.93,1727.01,1541.97,1134.9
2023-01-30,Potato,Farrukhabad,1276.73,1624.93,1450.83,937.5
2023-01-31,Potato,Farrukhabad,1272.81,1619.95,1446.38,1118.8
2023-02-01,Potato,Farrukhabad,1247.41,1587.61,1417.51,3231.1
2023-02-02,Potato,Farrukhabad,1241.22,1579.74,1410.48,506.2
2023-02-03,Potato,Farrukhabad,1242.5,1581.36,1411.93,3022.2
2023-02-04,Potato,Farrukhabad,1248.59,1589.11,1418.85,3264.3
2023-02-05,Potato,Farrukhabad,1273.52,1620.84,1447.18,889.8
2023-02-06,Potato,Farrukhabad,1333.46,1697.12,1515.29,1741.6
2023-02-07,Potato,Farrukhabad,1306.69,1663.05,1484.87,2704.8
2023-02-08,Potato,Farrukhabad,1275.78,1623.72,1449.75,3319.9
2023-02-09,Potato,Farrukhabad,1290.4,1642.32,1466.36,959.2
2023-02-10,Potato,Farrukhabad,1337.94,1702.84,1520.39,705.8
2023-02-11,Potato,Farrukhabad,1283.23,1633.21,1458.22,2286.7
2023-02-12,Potato,Farrukhabad,1294.14,1647.08,1470.61,1594.8
2023-02-13,Potato,Farrukhabad,1287.59,1638.75,1463.17,590.5
2023-02-14,Potato,Farrukhabad,1297.0,1650.72,1473.86,1441.3
2023-02-15,Potato,Farrukhabad,1306.12,1662.34,1484.23,1590.6
2023-02-16,Potato,Farrukhabad,1288.11,1639.41,1463.76,938.8
2023-02-17,Potato,Farrukhabad,1267.18,1612.78,1439.98,2044.7
2023-02-18,Potato,Farrukhabad,1238.48,1576.24,1407.36,1919.6
2023-02-19,Potato,Farrukhabad,1213.77,1544.79,1379.28,2438.6
2023-02-20,Potato,Farrukhabad,1206.75,1535.87,1371.31,2345.4
2023-02-21,Potato,Farrukhabad,1187.49,1511.35,1349.42,1755.5
2023-02-22,Potato,Farrukhabad,1222.58,1556.02,1389.3,3442.3
2023-02-23,Potato,Farrukhabad,1261.33,1605.33,1433.33,1847.0
2023-02-24,Potato,Farrukhabad,1280.57,1629.81,1455.19,1537.5
2023-02-25,Potato,Farrukhabad,1318.13,1677.61,1497.87,828.7
2023-02-26,Potato,Farrukhabad,1287.99,1639.25,1463.62,1115.0
2023-02-27,Potato,Farrukhabad,1257.27,1600.17,1428.72,3205.8
2023-02-28,Potato,Farrukhabad,1209.6,1539.48,1374.54,1095.3
2023-03-01,Potato,Farrukhabad,1268.97,1615.05,1442.01,2379.3
2023-03-02,Potato,Farrukhabad,1221.02,1554.02,1387.52,752.1
2023-03-03,Potato,Farrukhabad,1205.6,1534.4,1370.0,3314.7
2023-03-04,Potato,Farrukhabad,1244.28,1583.62,1413.95,3177.2
2023-03-05,Potato,Farrukhabad,1244.79,1584.27,1414.53,992.8
2023-03-06,Potato,Farrukhabad,1290.39,1642.31,1466.35,3261.0
2023-03-07,Potato,Farrukhabad,1320.0,1680.0,1500.0,1006.1
2023-03-08,Potato,Farrukhabad,1306.22,1662.46,1484.34,2998.3
2023-03-09,Potato,Farrukhabad,1322.11,1682.69,1502.4,2591.8
2023-03-10,Potato,Farrukhabad,1241.47,1580.05,1410.76,2268.1
2023-03-11,Potato,Farrukhabad,1235.51,1572.47,1403.99,2068.4
2023-03-12,Potato,Farrukhabad,1213.04,1543.88,1378.46,1532.6
2023-03-13,Potato,Farrukhabad,1136.96,1447.04,1292.0,2065.9
2023-03-14,Potato,Farrukhabad,1094.9,1393.52,1244.21,1251.0
2023-03-15,Potato,Farrukhabad,1111.48,1414.62,1263.05,3260.7
2023-03-16,Potato,Farrukhabad,1136.57,1446.55,1291.56,888.8
2023-03-17,Potato,Farrukhabad,1134.94,1444.48,1289.71,1459.5
2023-03-18,Potato,Farrukhabad,1174.63,1494.99,1334.81,3446.7
2023-03-19,Potato,Farrukhabad,1200.65,1528.09,1364.37,2589.2
2023-03-20,Potato,Farrukhabad,1189.9,1514.42,1352.16,3133.5
2023-03-21,Potato,Farrukhabad,1278.97,1627.77,1453.37,3138.1
2023-03-22,Potato,Farrukhabad,1270.7,1617.26,1443.98,1770.8
2023-03-23,Potato,Farrukhabad,1232.09,1568.11,1400.1,2206.0
2023-03-24,Potato,Farrukhabad,1238.45,1576.21,1407.33,3307.0
2023-03-25,Potato,Farrukhabad,1187.4,1511.24,1349.32,2652.5
2023-03-26,Potato,Farrukhabad,1155.15,1470.19,1312.67,503.2
2023-03-27,Potato,Farrukhabad,1122.41,1428.53,1275.47,2513.1
2023-03-28,Potato,Farrukhabad,1178.05,1499.33,1338.69,2488.4
2023-03-29,Potato,Farrukhabad,1201.63,1529.35,1365.49,2293.1
2023-03-30,Potato,Farrukhabad,1147.32,1460.22,1303.77,1993.3
2023-03-31,Potato,Farrukhabad,1140.61,1451.69,1296.15,1434.5
2023-04-01,Potato,Farrukhabad,1134.94,1444.48,1289.71,3295.4
2023-04-02,Potato,Farrukhabad,1098.04,1397.5,1247.77,1662.6
2023-04-03,Potato,Farrukhabad,1102.5,1403.18,1252.84,2632.1
2023-04-04,Potato,Farrukhabad,1120.38,1425.94,1273.16,2108.7
2023-04-05,Potato,Farrukhabad,1112.63,1416.07,1264.35,2582.9
2023-04-06,Potato,Farrukhabad,1144.71,1456.91,1300.81,1815.3
2023-04-07,Potato,Farrukhabad,1203.38,1531.58,1367.48,941.9
2023-04-08,Potato,Farrukhabad,1200.96,1528.5,1364.73,2587.3
2023-04-09,Potato,Farrukhabad,1206.74,1535.86,1371.3,682.2
2023-04-10,Potato,Farrukhabad,1166.48,1484.6,1325.54,2965.6
2023-04-11,Potato,Farrukhabad,1180.11,1501.95,1341.03,2346.0
2023-04-12,Potato,Farrukhabad,1184.77,1507.89,1346.33,2243.9
2023-04-13,Potato,Farrukhabad,1171.58,1491.1,1331.34,898.5
2023-04-14,Potato,Farrukhabad,1133.28,1442.36,1287.82,3375.8
2023-04-15,Potato,Farrukhabad,1129.77,1437.89,1283.83,459.7
2023-04-16,Potato,Farrukhabad,1128.98,1436.88,1282.93,2290.5
2023-04-17,Potato,Farrukhabad,1126.83,1434.15,1280.49,769.8
2023-04-18,Potato,Farrukhabad,1109.89,1412.59,1261.24,2960.6
2023-04-19,Potato,Farrukhabad,1101.73,1402.21,1251.97,1376.2
2023-04-20,Potato,Farrukhabad,1082.57,1377.81,1230.19,1557.6
2023-04-21,Potato,Farrukhabad,1038.04,1321.14,1179.59,3493.8
2023-04-22,Potato,Farrukhabad,1029.39,1310.13,1169.76,3320.9
2023-04-23,Potato,Farrukhabad,1018.31,1296.03,1157.17,2972.5
2023-04-24,Potato,Farrukhabad,1011.77,1287.71,1149.74,466.5
2023-04-25,Potato,Farrukhabad,1024.23,1303.57,1163.9,1041.2
2023-04-26,Potato,Farrukhabad,1013.92,1290.44,1152.18,2113.7
2023-04-27,Potato,Farrukhabad,981.98,1249.8,1115.89,597.6
2023-04-28,Potato,Farrukhabad,947.19,1205.51,1076.35,2094.2
2023-04-29,Potato,Farrukhabad,918.61,1169.13,1043.87,1033.6
2023-04-30,Potato,Farrukhabad,907.3,1154.74,1031.02,2685.5
2023-05-01,Potato,Farrukhabad,903.0,1149.28,1026.14,3322.4
2023-05-02,Potato,Farrukhabad,903.59,1150.03,1026.81,2830.0
2023-05-03,Potato,Farrukhabad,897.78,1142.62,1020.2,2144.5
2023-05-04,Potato,Farrukhabad,967.19,1230.97,1099.08,2098.0
2023-05-05,Potato,Farrukhabad,941.35,1198.09,1069.72,841.6
2023-05-06,Potato,Farrukhabad,859.16,1093.48,976.32,1664.8
2023-05-07,Potato,Farrukhabad,854.7,1087.8,971.25,2901.6
2023-05-08,Potato,Farrukhabad,849.04,1080.6,964.82,2964.3
2023-05-09,Potato,Farrukhabad,873.35,1111.53,992.44,2028.7
2023-05-10,Potato,Farrukhabad,865.82,1101.96,983.89,2733.9
2023-05-11,Potato,Farrukhabad,866.34,1102.62,984.48,2871.7
2023-05-12,Potato,Farrukhabad,883.57,1124.55,1004.06,1038.0
2023-05-13,Potato,Farrukhabad,877.86,1117.28,997.57,1109.2
2023-05-14,Potato,Farrukhabad,856.97,1090.69,973.83,2256.6
2023-05-15,Potato,Farrukhabad,852.68,1085.22,968.95,1372.4
2023-05-16,Potato,Farrukhabad,853.05,1085.71,969.38,2917.4
2023-05-17,Potato,Farrukhabad,835.74,1063.66,949.7,759.9
2023-05-18,Potato,Farrukhabad,811.44,1032.74,922.09,2512.1
2023-05-19,Potato,Farrukhabad,810.1,1031.04,920.57,537.1
2023-05-20,Potato,Farrukhabad,820.58,1044.38,932.48,3066.4
2023-05-21,Potato,Farrukhabad,801.72,1020.38,911.05,3325.4
2023-05-22,Potato,Farrukhabad,774.03,985.13,879.58,3492.2
2023-05-23,Potato,Farrukhabad,745.91,949.33,847.62,2742.1
2023-05-24,Potato,Farrukhabad,781.54,994.68,888.11,1492.7
2023-05-25,Potato,Farrukhabad,741.12,943.24,842.18,2620.2
2023-05-26,Potato,Farrukhabad,725.94,923.92,824.93,814.2
2023-05-27,Potato,Farrukhabad,748.04,952.06,850.05,2339.7
2023-05-28,Potato,Farrukhabad,763.91,972.25,868.08,3290.1
2023-05-29,Potato,Farrukhabad,768.18,977.68,872.93,2997.8
2023-05-30,Potato,Farrukhabad,772.67,983.39,878.03,855.0
2023-05-31,Potato,Farrukhabad,760.77,968.25,864.51,2062.1
2023-06-01,Potato,Farrukhabad,752.85,958.17,855.51,624.1
2023-06-02,Potato,Farrukhabad,754.29,960.01,857.15,2079.2
2023-06-03,Potato,Farrukhabad,754.79,960.65,857.72,1073.3
2023-06-04,Potato,Farrukhabad,741.29,943.45,842.37,2506.5
2023-06-05,Potato,Farrukhabad,747.44,951.28,849.36,2406.9
2023-06-06,Potato,Farrukhabad,718.03,913.85,815.94,3187.2
2023-06-07,Potato,Farrukhabad,767.26,976.52,871.89,544.6
2023-06-08,Potato,Farrukhabad,740.36,942.28,841.32,1975.9
2023-06-09,Potato,Farrukhabad,739.96,941.76,840.86,1301.9
2023-06-10,Potato,Farrukhabad,739.31,940.93,840.12,3189.5
2023-06-11,Potato,Farrukhabad,711.66,905.74,808.7,2319.3
2023-06-12,Potato,Farrukhabad,747.23,951.03,849.13,1081.6
2023-06-13,Potato,Farrukhabad,717.05,912.61,814.83,801.1
2023-06-14,Potato,Farrukhabad,741.49,943.71,842.6,3251.0
2023-06-15,Potato,Farrukhabad,716.17,911.49,813.83,2854.4
2023-06-16,Potato,Farrukhabad,728.64,927.36,828.0,1098.7
2023-06-17,Potato,Farrukhabad,731.48,930.98,831.23,2614.1
2023-06-18,Potato,Farrukhabad,750.56,955.26,852.91,1469.1
2023-06-19,Potato,Farrukhabad,734.81,935.21,835.01,3061.1
2023-06-20,Potato,Farrukhabad,725.38,923.2,824.29,3253.3
2023-06-21,Potato,Farrukhabad,733.0,932.9,832.95,1542.9
2023-06-22,Potato,Farrukhabad,744.44,947.46,845.95,400.4
2023-06-23,Potato,Farrukhabad,735.29,935.83,835.56,2826.7
2023-06-24,Potato,Farrukhabad,738.29,939.65,838.97,875.8
2023-06-25,Potato,Farrukhabad,729.21,928.09,828.65,2909.9
2023-06-26,Potato,Farrukhabad,739.64,941.36,840.5,762.3
2023-06-27,Potato,Farrukhabad,715.55,910.71,813.13,1222.3
2023-06-28,Potato,Farrukhabad,723.42,920.72,822.07,683.9
2023-06-29,Potato,Farrukhabad,738.36,939.72,839.04,1417.5
2023-06-30,Potato,Farrukhabad,725.01,922.73,823.87,2337.2
2023-07-01,Potato,Farrukhabad,714.3,909.1,811.7,2429.5
2023-07-02,Potato,Farrukhabad,728.76,927.52,828.14,2481.2
2023-07-03,Potato,Farrukhabad,761.49,969.17,865.33,2282.7
2023-07-04,Potato,Farrukhabad,782.18,995.5,888.84,475.0
2023-07-05,Potato,Farrukhabad,805.53,1025.23,915.38,2108.3
2023-07-06,Potato,Farrukhabad,827.93,1053.73,940.83,3004.4
2023-07-07,Potato,Farrukhabad,811.53,1032.85,922.19,1995.8
2023-07-08,Potato,Farrukhabad,783.67,997.39,890.53,2839.0
2023-07-09,Potato,Farrukhabad,759.32,966.4,862.86,671.5
2023-07-10,Potato,Farrukhabad,736.58,937.46,837.02,1677.6
2023-07-11,Potato,Farrukhabad,735.48,936.06,835.77,3331.9
2023-07-12,Potato,Farrukhabad,769.16,978.92,874.04,1869.7
2023-07-13,Potato,Farrukhabad,750.68,955.4,853.04,3198.4
2023-07-14,Potato,Farrukhabad,723.36,920.64,822.0,3414.3
2023-07-15,Potato,Farrukhabad,743.73,946.57,845.15,3205.3
2023-07-16,Potato,Farrukhabad,771.08,981.38,876.23,751.4
2023-07-17,Potato,Farrukhabad,771.36,981.72,876.54,429.7
2023-07-18,Potato,Farrukhabad,796.99,1014.35,905.67,1566.2
2023-07-19,Potato,Farrukhabad,814.66,1036.84,925.75,1718.8
2023-07-20,Potato,Farrukhabad,851.95,1084.29,968.12,800.7
2023-07-21,Potato,Farrukhabad,850.23,1082.11,966.17,3299.0
2023-07-22,Potato,Farrukhabad,838.87,1067.65,953.26,2868.0
2023-07-23,Potato,Farrukhabad,857.84,1091.8,974.82,2388.7
2023-07-24,Potato,Farrukhabad,848.89,1080.41,964.65,2429.7
2023-07-25,Potato,Farrukhabad,808.89,1029.49,919.19,1761.6
2023-07-26,Potato,Farrukhabad,788.06,1002.98,895.52,1781.5
2023-07-27,Potato,Farrukhabad,807.43,1027.63,917.53,2410.0
2023-07-28,Potato,Farrukhabad,817.03,1039.85,928.44,3493.8
2023-07-29,Potato,Farrukhabad,796.29,1013.47,904.88,2597.0
2023-07-30,Potato,Farrukhabad,805.9,1025.7,915.8,1651.0
2023-07-31,Potato,Farrukhabad,838.74,1067.48,953.11,3052.7
2023-08-01,Potato,Farrukhabad,807.79,1028.09,917.94,2397.9
2023-08-02,Potato,Farrukhabad,807.1,1027.22,917.16,3166.3
2023-08-03,Potato,Farrukhabad,765.06,973.72,869.39,2556.4
2023-08-04,Potato,Farrukhabad,775.04,986.42,880.73,3214.9
2023-08-05,Potato,Farrukhabad,785.77,1000.07,892.92,597.3
2023-08-06,Potato,Farrukhabad,788.56,1003.62,896.09,827.0
2023-08-07,Potato,Farrukhabad,793.53,1009.95,901.74,2889.4
2023-08-08,Potato,Farrukhabad,781.18,994.24,887.71,2147.8
2023-08-09,Potato,Farrukhabad,779.68,992.32,886.0,1695.2
2023-08-10,Potato,Farrukhabad,768.03,977.49,872.76,2178.4
2023-08-11,Potato,Farrukhabad,797.71,1015.27,906.49,508.9
2023-08-12,Potato,Farrukhabad,806.0,1025.82,915.91,1997.9
2023-08-13,Potato,Farrukhabad,830.4,1056.88,943.64,2573.8
2023-08-14,Potato,Farrukhabad,849.98,1081.8,965.89,2825.3
2023-08-15,Potato,Farrukhabad,835.98,1063.98,949.98,786.0
2023-08-16,Potato,Farrukhabad,845.6,1076.22,960.91,3200.4
2023-08-17,Potato,Farrukhabad,834.28,1061.82,948.05,2155.0
2023-08-18,Potato,Farrukhabad,833.86,1061.28,947.57,976.2
2023-08-19,Potato,Farrukhabad,834.51,1062.11,948.31,1402.7
2023-08-20,Potato,Farrukhabad,814.66,1036.84,925.75,1092.5
2023-08-21,Potato,Farrukhabad,866.85,1103.27,985.06,2249.5
2023-08-22,Potato,Farrukhabad,860.64,1095.36,978.0,1915.9
2023-08-23,Potato,Farrukhabad,871.97,1109.79,990.88,2278.0
2023-08-24,Potato,Farrukhabad,878.33,1117.87,998.1,2119.6
2023-08-25,Potato,Farrukhabad,911.53,1160.13,1035.83,1208.7
2023-08-26,Potato,Farrukhabad,897.53,1142.31,1019.92,3427.0
2023-08-27,Potato,Farrukhabad,887.48,1129.52,1008.5,530.6
2023-08-28,Potato,Farrukhabad,846.91,1077.89,962.4,3299.9
2023-08-29,Potato,Farrukhabad,835.51,1063.37,949.44,3280.1
2023-08-30,Potato,Farrukhabad,862.22,1097.36,979.79,1943.0
2023-08-31,Potato,Farrukhabad,861.03,1095.85,978.44,2717.4
2023-09-01,Potato,Farrukhabad,888.17,1130.39,1009.28,1514.0
2023-09-02,Potato,Farrukhabad,921.09,1172.29,1046.69,1236.0
2023-09-03,Potato,Farrukhabad,926.68,1179.4,1053.04,1987.8
2023-09-04,Potato,Farrukhabad,942.88,1200.02,1071.45,2766.4
2023-09-05,Potato,Farrukhabad,943.45,1200.75,1072.1,2496.6
2023-09-06,Potato,Farrukhabad,908.12,1155.8,1031.96,2674.5
2023-09-07,Potato,Farrukhabad,943.14,1200.36,1071.75,3379.7
2023-09-08,Potato,Farrukhabad,960.12,1221.96,1091.04,1117.3
2023-09-09,Potato,Farrukhabad,999.32,1271.86,1135.59,901.1
2023-09-10,Potato,Farrukhabad,984.99,1253.63,1119.31,996.4
2023-09-11,Potato,Farrukhabad,988.16,1257.66,1122.91,1406.5
2023-09-12,Potato,Farrukhabad,995.92,1267.54,1131.73,3243.9
2023-09-13,Potato,Farrukhabad,987.0,1256.18,1121.59,1091.2
2023-09-14,Potato,Farrukhabad,971.57,1236.55,1104.06,683.9
2023-09-15,Potato,Farrukhabad,1046.45,1331.85,1189.15,1047.9
2023-09-16,Potato,Farrukhabad,1047.66,1333.38,1190.52,3399.3
2023-09-17,Potato,Farrukhabad,1075.58,1368.92,1222.25,1482.3
2023-09-18,Potato,Farrukhabad,1075.97,1369.41,1222.69,605.3
2023-09-19,Potato,Farrukhabad,1072.65,1365.19,1218.92,2392.7
2023-09-20,Potato,Farrukhabad,1079.01,1373.29,1226.15,519.0
2023-09-21,Potato,Farrukhabad,1086.98,1383.44,1235.21,2643.8
2023-09-22,Potato,Farrukhabad,1151.19,1465.15,1308.17,1736.1
2023-09-23,Potato,Farrukhabad,1133.0,1442.0,1287.5,3485.0
2023-09-24,Potato,Farrukhabad,1174.85,1495.27,1335.06,2682.0
2023-09-25,Potato,Farrukhabad,1200.43,1527.83,1364.13,3133.6
2023-09-26,Potato,Farrukhabad,1162.14,1479.08,1320.61,1340.9
2023-09-27,Potato,Farrukhabad,1160.02,1476.38,1318.2,3114.8
2023-09-28,Potato,Farrukhabad,1131.59,1440.21,1285.9,1525.6
2023-09-29,Potato,Farrukhabad,1093.68,1391.96,1242.82,781.1
2023-09-30,Potato,Farrukhabad,1075.92,1369.36,1222.64,2653.1
2023-10-01,Potato,Farrukhabad,1092.64,1390.64,1241.64,3443.8
2023-10-02,Potato,Farrukhabad,1061.74,1351.3,1206.52,2265.4
2023-10-03,Potato,Farrukhabad,1094.56,1393.08,1243.82,3304.2
2023-10-04,Potato,Farrukhabad,1120.68,1426.32,1273.5,3390.1
2023-10-05,Potato,Farrukhabad,1112.28,1415.64,1263.96,2937.5
2023-10-06,Potato,Farrukhabad,1040.78,1324.62,1182.7,2521.8
2023-10-07,Potato,Farrukhabad,1040.94,1324.84,1182.89,1013.6
2023-10-08,Potato,Farrukhabad,998.47,1270.77,1134.62,778.9
2023-10-09,Potato,Farrukhabad,984.14,1252.54,1118.34,1405.7
2023-10-10,Potato,Farrukhabad,963.97,1226.87,1095.42,3348.9
2023-10-11,Potato,Farrukhabad,976.91,1243.33,1110.12,518.4
2023-10-12,Potato,Farrukhabad,1008.16,1283.12,1145.64,3094.9
2023-10-13,Potato,Farrukhabad,1027.99,1308.35,1168.17,3107.9
2023-10-14,Potato,Farrukhabad,1064.43,1354.73,1209.58,2067.1
2023-10-15,Potato,Farrukhabad,1061.85,1351.45,1206.65,583.3
2023-10-16,Potato,Farrukhabad,1064.69,1355.05,1209.87,2158.9
2023-10-17,Potato,Farrukhabad,1100.87,1401.11,1250.99,2879.4
2023-10-18,Potato,Farrukhabad,1136.97,1447.05,1292.01,3290.9
2023-10-19,Potato,Farrukhabad,1158.82,1474.86,1316.84,472.3
2023-10-20,Potato,Farrukhabad,1173.58,1493.64,1333.61,2728.4
2023-10-21,Potato,Farrukhabad,1197.54,1524.14,1360.84,1649.1
2023-10-22,Potato,Farrukhabad,1191.06,1515.9,1353.48,1075.5
2023-10-23,Potato,Farrukhabad,1198.18,1524.96,1361.57,2687.2
2023-10-24,Potato,Farrukhabad,1257.12,1599.96,1428.54,529.5
2023-10-25,Potato,Farrukhabad,1232.17,1568.21,1400.19,2359.4
2023-10-26,Potato,Farrukhabad,1264.25,1609.05,1436.65,981.0
2023-10-27,Potato,Farrukhabad,1281.0,1630.36,1455.68,2866.6
2023-10-28,Potato,Farrukhabad,1268.54,1614.5,1441.52,1853.6
2023-10-29,Potato,Farrukhabad,1244.94,1584.46,1414.7,2614.5
2023-10-30,Potato,Farrukhabad,1247.58,1587.84,1417.71,3092.9
2023-10-31,Potato,Farrukhabad,1279.57,1628.55,1454.06,651.7
2023-11-01,Potato,Farrukhabad,1256.53,1599.23,1427.88,3346.1
2023-11-02,Potato,Farrukhabad,1257.94,1601.02,1429.48,3109.6
2023-11-03,Potato,Farrukhabad,1294.73,1647.83,1471.28,3314.4
2023-11-04,Potato,Farrukhabad,1283.68,1633.78,1458.73,2635.8
2023-11-05,Potato,Farrukhabad,1282.86,1632.74,1457.8,3028.7
2023-11-06,Potato,Farrukhabad,1340.72,1706.38,1523.55,2810.1
2023-11-07,Potato,Farrukhabad,1358.83,1729.43,1544.13,2022.3
2023-11-08,Potato,Farrukhabad,1371.83,1745.97,1558.9,2647.1
2023-11-09,Potato,Farrukhabad,1372.96,1747.4,1560.18,2447.7
2023-11-10,Potato,Farrukhabad,1430.02,1820.02,1625.02,826.8
2023-11-11,Potato,Farrukhabad,1359.94,1730.84,1545.39,597.8
2023-11-12,Potato,Farrukhabad,1317.98,1677.42,1497.7,3041.0
2023-11-13,Potato,Farrukhabad,1284.31,1634.57,1459.44,436.2
2023-11-14,Potato,Farrukhabad,1286.48,1637.34,1461.91,615.7
2023-11-15,Potato,Farrukhabad,1328.35,1690.63,1509.49,3266.4
2023-11-16,Potato,Farrukhabad,1360.69,1731.79,1546.24,1660.9
2023-11-17,Potato,Farrukhabad,1284.28,1634.54,1459.41,1744.5
2023-11-18,Potato,Farrukhabad,1284.66,1635.02,1459.84,2121.1
2023-11-19,Potato,Farrukhabad,1282.93,1632.83,1457.88,2994.4
2023-11-20,Potato,Farrukhabad,1336.86,1701.46,1519.16,944.9
2023-11-21,Potato,Farrukhabad,1370.42,1744.18,1557.3,3035.7
2023-11-22,Potato,Farrukhabad,1333.97,1697.79,1515.88,2082.4
2023-11-23,Potato,Farrukhabad,1282.34,1632.06,1457.2,498.4
2023-11-24,Potato,Farrukhabad,1265.2,1610.26,1437.73,2221.0
2023-11-25,Potato,Farrukhabad,1300.27,1654.89,1477.58,3351.0
2023-11-26,Potato,Farrukhabad,1319.73,1679.65,1499.69,3331.4
2023-11-27,Potato,Farrukhabad,1327.08,1689.02,1508.05,1601.0
2023-11-28,Potato,Farrukhabad,1348.69,1716.51,1532.6,2341.2
2023-11-29,Potato,Farrukhabad,1355.97,1725.79,1540.88,757.3
2023-11-30,Potato,Farrukhabad,1367.22,1740.1,1553.66,912.9
2023-12-01,Potato,Farrukhabad,1408.11,1792.15,1600.13,3305.3
2023-12-02,Potato,Farrukhabad,1392.77,1772.61,1582.69,1136.2
2023-12-03,Potato,Farrukhabad,1309.14,1666.18,1487.66,2390.2
2023-12-04,Potato,Farrukhabad,1377.97,1753.79,1565.88,1364.0
2023-12-05,Potato,Farrukhabad,1358.5,1729.0,1543.75,2892.2
2023-12-06,Potato,Farrukhabad,1394.7,1775.08,1584.89,1694.7
2023-12-07,Potato,Farrukhabad,1353.05,1722.07,1537.56,2249.7
2023-12-08,Potato,Farrukhabad,1335.8,1700.12,1517.96,689.7
2023-12-09,Potato,Farrukhabad,1382.48,1759.52,1571.0,3446.3
2023-12-10,Potato,Farrukhabad,1417.45,1804.03,1610.74,2261.7
2023-12-11,Potato,Farrukhabad,1380.16,1756.56,1568.36,3238.1
2023-12-12,Potato,Farrukhabad,1374.37,1749.19,1561.78,2879.8
2023-12-13,Potato,Farrukhabad,1385.67,1763.59,1574.63,785.4
2023-12-14,Potato,Farrukhabad,1425.9,1814.78,1620.34,2142.9
2023-12-15,Potato,Farrukhabad,1384.74,1762.4,1573.57,2937.4
2023-12-16,Potato,Farrukhabad,1339.45,1704.75,1522.1,1332.3
2023-12-17,Potato,Farrukhabad,1361.17,1732.39,1546.78,1401.5
2023-12-18,Potato,Farrukhabad,1341.16,1706.92,1524.04,2030.1
2023-12-19,Potato,Farrukhabad,1412.57,1797.81,1605.19,3200.4
2023-12-20,Potato,Farrukhabad,1400.18,1782.04,1591.11,2521.3
2023-12-21,Potato,Farrukhabad,1327.31,1689.31,1508.31,607.7
2023-12-22,Potato,Farrukhabad,1397.05,1778.07,1587.56,830.6
2023-12-23,Potato,Farrukhabad,1386.6,1764.76,1575.68,1392.2
2023-12-24,Potato,Farrukhabad,1365.41,1737.79,1551.6,3331.0
2023-12-25,Potato,Farrukhabad,1393.47,1773.51,1583.49,3456.3
2023-12-26,Potato,Farrukhabad,1432.24,1822.84,1627.54,994.1
2023-12-27,Potato,Farrukhabad,1502.23,1911.93,1707.08,2428.5
2023-12-28,Potato,Farrukhabad,1546.19,1967.87,1757.03,921.8
2023-12-29,Potato,Farrukhabad,1528.21,1944.99,1736.6,838.2
2023-12-30,Potato,Farrukhabad,1486.46,1891.86,1689.16,468.4
2023-12-31,Potato,Farrukhabad,1462.7,1861.62,1662.16,2349.2
2024-01-01,Potato,Farrukhabad,1481.99,1886.17,1684.08,2146.3
2024-01-02,Potato,Farrukhabad,1478.58,1881.84,1680.21,2819.1
2024-01-03,Potato,Farrukhabad,1445.44,1839.64,1642.54,2600.4
2024-01-04,Potato,Farrukhabad,1406.63,1790.25,1598.44,1710.6
2024-01-05,Potato,Farrukhabad,1428.57,1818.19,1623.38,1732.6
2024-01-06,Potato,Farrukhabad,1383.79,1761.19,1572.49,575.1
2024-01-07,Potato,Farrukhabad,1355.77,1725.53,1540.65,1159.5
2024-01-08,Potato,Farrukhabad,1333.19,1696.79,1514.99,1615.9
2024-01-09,Potato,Farrukhabad,1319.1,1678.86,1498.98,1004.5
2024-01-10,Potato,Farrukhabad,1389.75,1768.77,1579.26,1114.7
2024-01-11,Potato,Farrukhabad,1360.67,1731.77,1546.22,2364.0
2024-01-12,Potato,Farrukhabad,1401.34,1783.52,1592.43,1202.5
2024-01-13,Potato,Farrukhabad,1404.9,1788.06,1596.48,888.9
2024-01-14,Potato,Farrukhabad,1381.39,1758.13,1569.76,3112.4
2024-01-15,Potato,Farrukhabad,1396.37,1777.19,1586.78,2466.5
2024-01-16,Potato,Farrukhabad,1345.48,1712.44,1528.96,3235.9
2024-01-17,Potato,Farrukhabad,1381.93,1758.83,1570.38,3472.1
2024-01-18,Potato,Farrukhabad,1413.98,1799.62,1606.8,2574.7
2024-01-19,Potato,Farrukhabad,1404.3,1787.28,1595.79,2120.5
2024-01-20,Potato,Farrukhabad,1409.4,1793.78,1601.59,3224.8
2024-01-21,Potato,Farrukhabad,1383.76,1761.14,1572.45,2316.6
2024-01-22,Potato,Farrukhabad,1424.41,1812.89,1618.65,1363.1
2024-01-23,Potato,Farrukhabad,1405.86,1789.28,1597.57,812.3
2024-01-24,Potato,Farrukhabad,1400.13,1781.99,1591.06,2632.9
2024-01-25,Potato,Farrukhabad,1382.16,1759.12,1570.64,575.1
2024-01-26,Potato,Farrukhabad,1384.13,1761.61,1572.87,1298.3
2024-01-27,Potato,Farrukhabad,1394.97,1775.41,1585.19,489.4
2024-01-28,Potato,Farrukhabad,1443.94,1837.74,1640.84,3320.1
2024-01-29,Potato,Farrukhabad,1401.65,1783.91,1592.78,787.1
2024-01-30,Potato,Farrukhabad,1437.7,1829.8,1633.75,2869.2
2024-01-31,Potato,Farrukhabad,1529.46,1946.58,1738.02,3143.7
2024-02-01,Potato,Farrukhabad,1557.83,1982.69,1770.26,1615.6
2024-02-02,Potato,Farrukhabad,1588.15,2021.29,1804.72,3485.1
2024-02-03,Potato,Farrukhabad,1609.96,2049.04,1829.5,573.8
2024-02-04,Potato,Farrukhabad,1569.62,1997.7,1783.66,536.2
2024-02-05,Potato,Farrukhabad,1554.53,1978.49,1766.51,1346.5
2024-02-06,Potato,Farrukhabad,1544.28,1965.44,1754.86,1765.2
2024-02-07,Potato,Farrukhabad,1531.12,1948.7,1739.91,2142.0
2024-02-08,Potato,Farrukhabad,1606.56,2044.72,1825.64,451.5
2024-02-09,Potato,Farrukhabad,1603.4,2040.68,1822.04,2414.7
2024-02-10,Potato,Farrukhabad,1607.69,2046.15,1826.92,939.7
2024-02-11,Potato,Farrukhabad,1680.5,2138.82,1909.66,1324.9
2024-02-12,Potato,Farrukhabad,1678.36,2136.1,1907.23,2530.2
2024-02-13,Potato,Farrukhabad,1627.5,2071.36,1849.43,2310.5
2024-02-14,Potato,Farrukhabad,1625.85,2069.27,1847.56,1926.5
2024-02-15,Potato,Farrukhabad,1653.95,2105.03,1879.49,3380.7
2024-02-16,Potato,Farrukhabad,1631.54,2076.5,1854.02,1996.1
2024-02-17,Potato,Farrukhabad,1642.37,2090.29,1866.33,1859.7
2024-02-18,Potato,Farrukhabad,1578.09,2008.47,1793.28,2162.2
2024-02-19,Potato,Farrukhabad,1543.86,1964.92,1754.39,512.4
2024-02-20,Potato,Farrukhabad,1550.51,1973.37,1761.94,418.5
2024-02-21,Potato,Farrukhabad,1558.51,1983.55,1771.03,2540.0
2024-02-22,Potato,Farrukhabad,1566.85,1994.17,1780.51,2205.7
2024-02-23,Potato,Farrukhabad,1584.0,2016.0,1800.0,1298.0
2024-02-24,Potato,Farrukhabad,1539.84,1959.8,1749.82,1801.4
2024-02-25,Potato,Farrukhabad,1512.02,1924.4,1718.21,2208.3
2024-02-26,Potato,Farrukhabad,1428.46,1818.04,1623.25,2399.7
2024-02-27,Potato,Farrukhabad,1462.57,1861.45,1662.01,442.1
2024-02-28,Potato,Farrukhabad,1432.15,1822.73,1627.44,1863.5
2024-02-29,Potato,Farrukhabad,1425.45,1814.21,1619.83,3351.8
2024-03-01,Potato,Farrukhabad,1419.33,1806.43,1612.88,591.7
2024-03-02,Potato,Farrukhabad,1390.77,1770.07,1580.42,2917.0
2024-03-03,Potato,Farrukhabad,1394.31,1774.57,1584.44,1199.9
2024-03-04,Potato,Farrukhabad,1416.08,1802.28,1609.18,2317.0
2024-03-05,Potato,Farrukhabad,1410.4,1795.06,1602.73,1692.2
2024-03-06,Potato,Farrukhabad,1386.49,1764.63,1575.56,937.1
2024-03-07,Potato,Farrukhabad,1387.01,1765.29,1576.15,867.0
2024-03-08,Potato,Farrukhabad,1348.53,1716.31,1532.42,1605.6
2024-03-09,Potato,Farrukhabad,1380.88,1757.48,1569.18,2414.1
2024-03-10,Potato,Farrukhabad,1415.27,1801.25,1608.26,2612.3
2024-03-11,Potato,Farrukhabad,1403.99,1786.89,1595.44,2867.1
2024-03-12,Potato,Farrukhabad,1417.57,1804.19,1610.88,2234.3
2024-03-13,Potato,Farrukhabad,1401.79,1784.09,1592.94,2559.1
2024-03-14,Potato,Farrukhabad,1358.46,1728.94,1543.7,580.3
2024-03-15,Potato,Farrukhabad,1374.65,1749.55,1562.1,987.6
2024-03-16,Potato,Farrukhabad,1376.33,1751.69,1564.01,1040.1
2024-03-17,Potato,Farrukhabad,1328.22,1690.46,1509.34,3054.9
2024-03-18,Potato,Farrukhabad,1256.41,1599.07,1427.74,1906.3
2024-03-19,Potato,Farrukhabad,1230.56,1566.16,1398.36,1752.2
2024-03-20,Potato,Farrukhabad,1201.86,1529.64,1365.75,1092.1
2024-03-21,Potato,Farrukhabad,1189.21,1513.53,1351.37,3009.9
2024-03-22,Potato,Farrukhabad,1217.81,1549.93,1383.87,2986.5
2024-03-23,Potato,Farrukhabad,1190.8,1515.56,1353.18,3494.6
2024-03-24,Potato,Farrukhabad,1214.63,1545.89,1380.26,2992.3
2024-03-25,Potato,Farrukhabad,1161.2,1477.9,1319.55,1126.3
2024-03-26,Potato,Farrukhabad,1134.78,1444.26,1289.52,1129.0
2024-03-27,Potato,Farrukhabad,1114.83,1418.87,1266.85,918.8
2024-03-28,Potato,Farrukhabad,1107.34,1409.34,1258.34,3485.6
2024-03-29,Potato,Farrukhabad,1117.83,1422.69,1270.26,1469.2
2024-03-30,Potato,Farrukhabad,1125.32,1432.22,1278.77,652.9
2024-03-31,Potato,Farrukhabad,1143.99,1455.99,1299.99,2251.8
2024-04-01,Potato,Farrukhabad,1132.05,1440.79,1286.42,3026.8
2024-04-02,Potato,Farrukhabad,1122.29,1428.37,1275.33,675.6
2024-04-03,Potato,Farrukhabad,1121.49,1427.35,1274.42,1980.3
2024-04-04,Potato,Farrukhabad,1147.43,1460.37,1303.9,1438.7
2024-04-05,Potato,Farrukhabad,1109.83,1412.51,1261.17,2644.7
2024-04-06,Potato,Farrukhabad,1116.68,1421.22,1268.95,2353.3
2024-04-07,Potato,Farrukhabad,1090.98,1388.52,1239.75,2499.1
2024-04-08,Potato,Farrukhabad,1129.56,1437.62,1283.59,739.4
2024-04-09,Potato,Farrukhabad,1085.98,1382.16,1234.07,2938.9
2024-04-10,Potato,Farrukhabad,1128.61,1436.41,1282.51,1503.5
2024-04-11,Potato,Farrukhabad,1101.87,1402.39,1252.13,1384.2
2024-04-12,Potato,Farrukhabad,1081.54,1376.5,1229.02,3133.7
2024-04-13,Potato,Farrukhabad,1108.77,1411.17,1259.97,3140.8
2024-04-14,Potato,Farrukhabad,1086.13,1382.35,1234.24,2477.2
2024-04-15,Potato,Farrukhabad,1049.18,1335.32,1192.25,1062.9
2024-04-16,Potato,Farrukhabad,1064.99,1355.45,1210.22,674.7
2024-04-17,Potato,Farrukhabad,1014.06,1290.62,1152.34,1314.3
2024-04-18,Potato,Farrukhabad,982.09,1249.93,1116.01,3159.6
2024-04-19,Potato,Farrukhabad,1005.25,1279.41,1142.33,3020.6
2024-04-20,Potato,Farrukhabad,993.86,1264.92,1129.39,1920.3
2024-04-21,Potato,Farrukhabad,993.48,1264.42,1128.95,2682.7
2024-04-22,Potato,Farrukhabad,978.88,1245.84,1112.36,3051.1
2024-04-23,Potato,Farrukhabad,978.96,1245.94,1112.45,1629.0
2024-04-24,Potato,Farrukhabad,944.44,1202.02,1073.23,1701.5
2024-04-25,Potato,Farrukhabad,938.45,1194.39,1066.42,1205.9
2024-04-26,Potato,Farrukhabad,951.56,1211.08,1081.32,1757.2
2024-04-27,Potato,Farrukhabad,903.43,1149.83,1026.63,3143.2
2024-04-28,Potato,Farrukhabad,907.01,1154.37,1030.69,3129.8
2024-04-29,Potato,Farrukhabad,925.29,1177.65,1051.47,2042.4
2024-04-30,Potato,Farrukhabad,934.16,1188.94,1061.55,3050.4
2024-05-01,Potato,Farrukhabad,906.58,1153.84,1030.21,669.2
2024-05-02,Potato,Farrukhabad,912.83,1161.79,1037.31,763.0
2024-05-03,Potato,Farrukhabad,875.55,1114.33,994.94,1207.8
2024-05-04,Potato,Farrukhabad,834.01,1061.47,947.74,3352.6
2024-05-05,Potato,Farrukhabad,866.02,1102.2,984.11,3454.7
2024-05-06,Potato,Farrukhabad,899.05,1144.25,1021.65,2252.4
2024-05-07,Potato,Farrukhabad,912.74,1161.68,1037.21,2265.4
2024-05-08,Potato,Farrukhabad,923.5,1175.36,1049.43,961.3
2024-05-09,Potato,Farrukhabad,933.57,1188.17,1060.87,901.7
2024-05-10,Potato,Farrukhabad,897.3,1142.02,1019.66,1591.3
2024-05-11,Potato,Farrukhabad,882.69,1123.43,1003.06,1792.9
2024-05-12,Potato,Farrukhabad,900.86,1146.56,1023.71,2084.0
2024-05-13,Potato,Farrukhabad,920.61,1171.69,1046.15,774.6
2024-05-14,Potato,Farrukhabad,931.94,1186.1,1059.02,2821.9
2024-05-15,Potato,Farrukhabad,928.26,1181.42,1054.84,1941.1
2024-05-16,Potato,Farrukhabad,893.6,1137.32,1015.46,3362.2
2024-05-17,Potato,Farrukhabad,895.53,1139.77,1017.65,1823.1
2024-05-18,Potato,Farrukhabad,896.26,1140.7,1018.48,1671.1
2024-05-19,Potato,Farrukhabad,884.2,1125.34,1004.77,3475.1
2024-05-20,Potato,Farrukhabad,874.74,1113.3,994.02,2673.1
2024-05-21,Potato,Farrukhabad,870.98,1108.52,989.75,2595.6
2024-05-22,Potato,Farrukhabad,890.96,1133.94,1012.45,1710.3
2024-05-23,Potato,Farrukhabad,882.51,1123.19,1002.85,626.2
2024-05-24,Potato,Farrukhabad,900.1,1145.58,1022.84,2822.3
2024-05-25,Potato,Farrukhabad,882.47,1123.15,1002.81,3297.7
2024-05-26,Potato,Farrukhabad,889.69,1132.33,1011.01,2499.7
2024-05-27,Potato,Farrukhabad,901.21,1146.99,1024.1,804.5
2024-05-28,Potato,Farrukhabad,906.39,1153.59,1029.99,3061.5
2024-05-29,Potato,Farrukhabad,935.23,1190.29,1062.76,1640.0
2024-05-30,Potato,Farrukhabad,930.96,1184.86,1057.91,2922.5
2024-05-31,Potato,Farrukhabad,985.53,1254.31,1119.92,941.3
2024-06-01,Potato,Farrukhabad,980.41,1247.79,1114.1,1036.1
2024-06-02,Potato,Farrukhabad,980.95,1248.49,1114.72,2529.0
2024-06-03,Potato,Farrukhabad,1014.69,1291.43,1153.06,3056.3
2024-06-04,Potato,Farrukhabad,992.46,1263.14,1127.8,2065.5
2024-06-05,Potato,Farrukhabad,1005.16,1279.3,1142.23,2765.9
2024-06-06,Potato,Farrukhabad,992.45,1263.11,1127.78,1246.7
2024-06-07,Potato,Farrukhabad,957.84,1219.06,1088.45,978.7
2024-06-08,Potato,Farrukhabad,999.71,1272.35,1136.03,3081.6
2024-06-09,Potato,Farrukhabad,995.25,1266.69,1130.97,409.4
2024-06-10,Potato,Farrukhabad,1006.98,1281.62,1144.3,3361.4
2024-06-11,Potato,Farrukhabad,1008.39,1283.41,1145.9,2356.6
2024-06-12,Potato,Farrukhabad,993.26,1264.14,1128.7,2543.6
2024-06-13,Potato,Farrukhabad,1035.14,1317.44,1176.29,1919.0
2024-06-14,Potato,Farrukhabad,1001.24,1274.3,1137.77,895.4
2024-06-15,Potato,Farrukhabad,964.12,1227.06,1095.59,1670.5
2024-06-16,Potato,Farrukhabad,970.17,1234.77,1102.47,1013.4
2024-06-17,Potato,Farrukhabad,954.49,1214.81,1084.65,2281.6
2024-06-18,Potato,Farrukhabad,936.77,1192.25,1064.51,2997.7
2024-06-19,Potato,Farrukhabad,930.14,1183.82,1056.98,3296.3
2024-06-20,Potato,Farrukhabad,894.45,1138.39,1016.42,947.6
2024-06-21,Potato,Farrukhabad,868.43,1105.27,986.85,2808.9
2024-06-22,Potato,Farrukhabad,867.89,1104.59,986.24,1410.1
2024-06-23,Potato,Farrukhabad,858.5,1092.64,975.57,1606.2
2024-06-24,Potato,Farrukhabad,895.91,1140.25,1018.08,1992.6
2024-06-25,Potato,Farrukhabad,882.27,1122.89,1002.58,635.4
2024-06-26,Potato,Farrukhabad,878.3,1117.84,998.07,859.9
2024-06-27,Potato,Farrukhabad,876.55,1115.61,996.08,1917.4
2024-06-28,Potato,Farrukhabad,902.19,1148.25,1025.22,2742.5
2024-06-29,Potato,Farrukhabad,903.36,1149.72,1026.54,3135.3
2024-06-30,Potato,Farrukhabad,876.98,1116.16,996.57,1512.8
2024-07-01,Potato,Farrukhabad,902.72,1148.92,1025.82,3209.1
2024-07-02,Potato,Farrukhabad,875.15,1113.83,994.49,1705.8
2024-07-03,Potato,Farrukhabad,858.63,1092.81,975.72,3346.0
2024-07-04,Potato,Farrukhabad,858.88,1093.12,976.0,2289.4
2024-07-05,Potato,Farrukhabad,834.65,1062.29,948.47,654.3
2024-07-06,Potato,Farrukhabad,821.0,1044.92,932.96,445.7
2024-07-07,Potato,Farrukhabad,819.48,1042.98,931.23,1190.2
2024-07-08,Potato,Farrukhabad,840.64,1069.9,955.27,1581.8
2024-07-09,Potato,Farrukhabad,835.34,1063.16,949.25,3129.0
2024-07-10,Potato,Farrukhabad,861.78,1096.8,979.29,518.7
2024-07-11,Potato,Farrukhabad,823.48,1048.06,935.77,1847.1
2024-07-12,Potato,Farrukhabad,807.36,1027.56,917.46,1193.6
2024-07-13,Potato,Farrukhabad,810.8,1031.92,921.36,2753.1
2024-07-14,Potato,Farrukhabad,817.56,1040.52,929.04,770.1
2024-07-15,Potato,Farrukhabad,801.79,1020.45,911.12,2633.2
2024-07-16,Potato,Farrukhabad,779.35,991.91,885.63,1220.6
2024-07-17,Potato,Farrukhabad,768.92,978.62,873.77,3288.3
2024-07-18,Potato,Farrukhabad,811.44,1032.74,922.09,1573.5
2024-07-19,Potato,Farrukhabad,775.39,986.85,881.12,3378.2
2024-07-20,Potato,Farrukhabad,803.09,1022.11,912.6,408.2
2024-07-21,Potato,Farrukhabad,786.19,1000.61,893.4,3357.5
2024-07-22,Potato,Farrukhabad,734.34,934.62,834.48,2531.5
2024-07-23,Potato,Farrukhabad,753.69,959.25,856.47,2769.1
2024-07-24,Potato,Farrukhabad,755.66,961.74,858.7,3149.1
2024-07-25,Potato,Farrukhabad,778.19,990.43,884.31,585.0
2024-07-26,Potato,Farrukhabad,814.83,1037.05,925.94,859.0
2024-07-27,Potato,Farrukhabad,819.4,1042.88,931.14,433.3
2024-07-28,Potato,Farrukhabad,810.09,1031.03,920.56,1088.5
2024-07-29,Potato,Farrukhabad,804.68,1024.14,914.41,1108.4
2024-07-30,Potato,Farrukhabad,784.11,997.95,891.03,1560.4
2024-07-31,Potato,Farrukhabad,795.9,1012.96,904.43,665.5
2024-08-01,Potato,Farrukhabad,779.13,991.61,885.37,1226.9
2024-08-02,Potato,Farrukhabad,794.29,1010.91,902.6,1905.1
2024-08-03,Potato,Farrukhabad,795.62,1012.6,904.11,1270.8
2024-08-04,Potato,Farrukhabad,778.32,990.6,884.46,2245.5
2024-08-05,Potato,Farrukhabad,794.29,1010.91,902.6,2013.2
2024-08-06,Potato,Farrukhabad,833.41,1060.71,947.06,675.3
2024-08-07,Potato,Farrukhabad,813.22,1035.0,924.11,543.2
2024-08-08,Potato,Farrukhabad,827.39,1053.05,940.22,2366.5
2024-08-09,Potato,Farrukhabad,819.57,1043.09,931.33,649.2
2024-08-10,Potato,Farrukhabad,814.61,1036.77,925.69,2318.2
2024-08-11,Potato,Farrukhabad,824.27,1049.07,936.67,2355.1
2024-08-12,Potato,Farrukhabad,828.45,1054.39,941.42,1694.7
2024-08-13,Potato,Farrukhabad,827.37,1053.01,940.19,1511.2
2024-08-14,Potato,Farrukhabad,839.58,1068.56,954.07,2790.8
2024-08-15,Potato,Farrukhabad,848.14,1079.46,963.8,2571.6
2024-08-16,Potato,Farrukhabad,880.75,1120.95,1000.85,2450.6
2024-08-17,Potato,Farrukhabad,926.58,1179.28,1052.93,1745.5
2024-08-18,Potato,Farrukhabad,900.67,1146.31,1023.49,3342.9
2024-08-19,Potato,Farrukhabad,883.89,1124.95,1004.42,1867.3
2024-08-20,Potato,Farrukhabad,894.3,1138.2,1016.25,874.7
2024-08-21,Potato,Farrukhabad,880.48,1120.6,1000.54,1922.0
2024-08-22,Potato,Farrukhabad,879.03,1118.77,998.9,2888.2
2024-08-23,Potato,Farrukhabad,855.96,1089.4,972.68,2913.4
2024-08-24,Potato,Farrukhabad,850.92,1083.0,966.96,3383.6
2024-08-25,Potato,Farrukhabad,863.99,1099.63,981.81,2930.7
2024-08-26,Potato,Farrukhabad,853.5,1086.28,969.89,2588.8
2024-08-27,Potato,Farrukhabad,886.94,1128.84,1007.89,1259.3
2024-08-28,Potato,Farrukhabad,883.63,1124.61,1004.12,3051.9
2024-08-29,Potato,Farrukhabad,905.94,1153.02,1029.48,2584.4
2024-08-30,Potato,Farrukhabad,885.66,1127.2,1006.43,2184.6
2024-08-31,Potato,Farrukhabad,870.94,1108.48,989.71,832.8
2024-09-01,Potato,Farrukhabad,869.11,1106.13,987.62,1658.2
2024-09-02,Potato,Farrukhabad,886.06,1127.72,1006.89,1019.0
2024-09-03,Potato,Farrukhabad,868.54,1105.42,986.98,2655.2
2024-09-04,Potato,Farrukhabad,873.12,1111.24,992.18,653.7
2024-09-05,Potato,Farrukhabad,885.39,1126.87,1006.13,2333.9
2024-09-06,Potato,Farrukhabad,857.61,1091.51,974.56,3023.2
2024-09-07,Potato,Farrukhabad,863.46,1098.94,981.2,3072.6
2024-09-08,Potato,Farrukhabad,889.31,1131.85,1010.58,1336.2
2024-09-09,Potato,Farrukhabad,877.73,1117.11,997.42,2170.1
2024-09-10,Potato,Farrukhabad,854.4,1087.42,970.91,1174.7
2024-09-11,Potato,Farrukhabad,827.02,1052.58,939.8,1506.2
2024-09-12,Potato,Farrukhabad,868.38,1105.2,986.79,1956.7
2024-09-13,Potato,Farrukhabad,862.22,1097.36,979.79,1167.5
2024-09-14,Potato,Farrukhabad,886.45,1128.21,1007.33,1038.9
2024-09-15,Potato,Farrukhabad,918.7,1169.26,1043.98,1492.2
2024-09-16,Potato,Farrukhabad,928.02,1181.12,1054.57,444.3
2024-09-17,Potato,Farrukhabad,942.23,1199.21,1070.72,454.8
2024-09-18,Potato,Farrukhabad,969.1,1233.4,1101.25,2134.4
2024-09-19,Potato,Farrukhabad,980.51,1247.93,1114.22,3373.9
2024-09-20,Potato,Farrukhabad,913.62,1162.78,1038.2,1931.5
2024-09-21,Potato,Farrukhabad,967.57,1231.45,1099.51,2881.3
2024-09-22,Potato,Farrukhabad,1026.79,1306.83,1166.81,2203.0
2024-09-23,Potato,Farrukhabad,1039.27,1322.71,1180.99,1551.8
2024-09-24,Potato,Farrukhabad,1059.39,1348.31,1203.85,2544.6
2024-09-25,Potato,Farrukhabad,1080.46,1375.14,1227.8,3203.2
2024-09-26,Potato,Farrukhabad,1135.96,1445.76,1290.86,668.0
2024-09-27,Potato,Farrukhabad,1135.7,1445.44,1290.57,2316.7
2024-09-28,Potato,Farrukhabad,1133.13,1442.17,1287.65,632.0
2024-09-29,Potato,Farrukhabad,1130.4,1438.68,1284.54,2225.8
2024-09-30,Potato,Farrukhabad,1145.78,1458.26,1302.02,3304.8
2024-10-01,Potato,Farrukhabad,1158.06,1473.9,1315.98,1789.4
2024-10-02,Potato,Farrukhabad,1151.73,1465.83,1308.78,1902.3
2024-10-03,Potato,Farrukhabad,1180.92,1503.0,1341.96,3119.6
2024-10-04,Potato,Farrukhabad,1182.87,1505.47,1344.17,3037.6
2024-10-05,Potato,Farrukhabad,1207.56,1536.9,1372.23,626.0
2024-10-06,Potato,Farrukhabad,1183.2,1505.9,1344.55,2678.7
2024-10-07,Potato,Farrukhabad,1206.44,1535.48,1370.96,2295.5
2024-10-08,Potato,Farrukhabad,1180.1,1501.94,1341.02,1191.5
2024-10-09,Potato,Farrukhabad,1176.52,1497.4,1336.96,1083.9
2024-10-10,Potato,Farrukhabad,1140.3,1451.3,1295.8,1588.6
2024-10-11,Potato,Farrukhabad,1142.79,1454.45,1298.62,1067.3
2024-10-12,Potato,Farrukhabad,1216.75,1548.59,1382.67,1695.7
2024-10-13,Potato,Farrukhabad,1223.88,1557.66,1390.77,1431.3
2024-10-14,Potato,Farrukhabad,1230.21,1565.73,1397.97,641.4
2024-10-15,Potato,Farrukhabad,1240.23,1578.47,1409.35,2762.3
2024-10-16,Potato,Farrukhabad,1296.86,1650.56,1473.71,2770.2
2024-10-17,Potato,Farrukhabad,1278.09,1626.67,1452.38,3498.0
2024-10-18,Potato,Farrukhabad,1280.11,1629.23,1454.67,2822.3
2024-10-19,Potato,Farrukhabad,1267.44,1613.1,1440.27,1419.4
2024-10-20,Potato,Farrukhabad,1267.66,1613.38,1440.52,1727.1
2024-10-21,Potato,Farrukhabad,1271.48,1618.24,1444.86,3207.4
2024-10-22,Potato,Farrukhabad,1251.6,1592.94,1422.27,3311.3
2024-10-23,Potato,Farrukhabad,1267.56,1613.26,1440.41,2746.1
2024-10-24,Potato,Farrukhabad,1286.8,1637.74,1462.27,728.5
2024-10-25,Potato,Farrukhabad,1288.25,1639.59,1463.92,612.7
2024-10-26,Potato,Farrukhabad,1254.77,1596.97,1425.87,1674.6
2024-10-27,Potato,Farrukhabad,1273.76,1621.14,1447.45,1059.4
2024-10-28,Potato,Farrukhabad,1298.19,1652.25,1475.22,3186.9
2024-10-29,Potato,Farrukhabad,1289.21,1640.81,1465.01,2188.2
2024-10-30,Potato,Farrukhabad,1288.41,1639.79,1464.1,1797.9
2024-10-31,Potato,Farrukhabad,1280.48,1629.7,1455.09,1657.0
2024-11-01,Potato,Farrukhabad,1287.69,1638.87,1463.28,1818.6
2024-11-02,Potato,Farrukhabad,1325.0,1686.36,1505.68,1626.8
2024-11-03,Potato,Farrukhabad,1389.16,1768.02,1578.59,3055.4
2024-11-04,Potato,Farrukhabad,1382.51,1759.55,1571.03,1337.7
2024-11-05,Potato,Farrukhabad,1404.56,1787.62,1596.09,706.7
2024-11-06,Potato,Farrukhabad,1339.26,1704.52,1521.89,1944.4
2024-11-07,Potato,Farrukhabad,1281.84,1631.44,1456.64,2799.1
2024-11-08,Potato,Farrukhabad,1285.06,1635.54,1460.3,1400.5
2024-11-09,Potato,Farrukhabad,1294.37,1647.39,1470.88,1754.5
2024-11-10,Potato,Farrukhabad,1368.85,1742.17,1555.51,2186.3
2024-11-11,Potato,Farrukhabad,1390.46,1769.68,1580.07,3317.3
2024-11-12,Potato,Farrukhabad,1327.24,1689.22,1508.23,1727.1
2024-11-13,Potato,Farrukhabad,1332.66,1696.12,1514.39,518.3
2024-11-14,Potato,Farrukhabad,1366.24,1738.86,1552.55,1078.1
2024-11-15,Potato,Farrukhabad,1376.51,1751.93,1564.22,2846.1
2024-11-16,Potato,Farrukhabad,1351.33,1719.87,1535.6,1496.2
2024-11-17,Potato,Farrukhabad,1364.84,1737.06,1550.95,2756.1
2024-11-18,Potato,Farrukhabad,1368.52,1741.76,1555.14,2764.3
2024-11-19,Potato,Farrukhabad,1382.31,1759.31,1570.81,1858.4
2024-11-20,Potato,Farrukhabad,1307.94,1664.64,1486.29,1983.5
2024-11-21,Potato,Farrukhabad,1357.58,1727.84,1542.71,430.5
2024-11-22,Potato,Farrukhabad,1328.32,1690.6,1509.46,1436.7
2024-11-23,Potato,Farrukhabad,1337.27,1701.99,1519.63,1270.2
2024-11-24,Potato,Farrukhabad,1325.79,1687.37,1506.58,1543.0
2024-11-25,Potato,Farrukhabad,1366.86,1739.64,1553.25,1916.4
2024-11-26,Potato,Farrukhabad,1358.27,1728.71,1543.49,1263.5
2024-11-27,Potato,Farrukhabad,1387.92,1766.44,1577.18,3357.2
2024-11-28,Potato,Farrukhabad,1447.35,1842.09,1644.72,759.1
2024-11-29,Potato,Farrukhabad,1492.55,1899.61,1696.08,2375.1
2024-11-30,Potato,Farrukhabad,1486.47,1891.87,1689.17,2662.0
2024-12-01,Potato,Farrukhabad,1454.38,1851.02,1652.7,1528.4
2024-12-02,Potato,Farrukhabad,1420.61,1808.05,1614.33,2413.8
2024-12-03,Potato,Farrukhabad,1440.44,1833.28,1636.86,400.0
2024-12-04,Potato,Farrukhabad,1460.45,1858.75,1659.6,2362.4
2024-12-05,Potato,Farrukhabad,1496.77,1904.99,1700.88,2131.4
2024-12-06,Potato,Farrukhabad,1502.33,1912.05,1707.19,515.2
2024-12-07,Potato,Farrukhabad,1439.28,1831.82,1635.55,1342.9
2024-12-08,Potato,Farrukhabad,1500.73,1910.03,1705.38,1363.4
2024-12-09,Potato,Farrukhabad,1486.25,1891.59,1688.92,1063.0
2024-12-10,Potato,Farrukhabad,1463.63,1862.81,1663.22,1982.9
2024-12-11,Potato,Farrukhabad,1416.41,1802.71,1609.56,3061.5
2024-12-12,Potato,Farrukhabad,1442.76,1836.24,1639.5,2248.1
2024-12-13,Potato,Farrukhabad,1421.11,1808.69,1614.9,1151.2
2024-12-14,Potato,Farrukhabad,1391.1,1770.48,1580.79,3380.7
2024-12-15,Potato,Farrukhabad,1437.54,1829.6,1633.57,608.3
2024-12-16,Potato,Farrukhabad,1489.39,1895.59,1692.49,2052.0
2024-12-17,Potato,Farrukhabad,1514.92,1928.08,1721.5,2541.5
2024-12-18,Potato,Farrukhabad,1549.32,1971.86,1760.59,3093.9
2024-12-19,Potato,Farrukhabad,1534.2,1952.62,1743.41,1473.6
2024-12-20,Potato,Farrukhabad,1484.44,1889.28,1686.86,2797.8
2024-12-21,Potato,Farrukhabad,1515.24,1928.48,1721.86,2761.5
2024-12-22,Potato,Farrukhabad,1567.8,1995.38,1781.59,1803.0
2024-12-23,Potato,Farrukhabad,1581.05,2012.25,1796.65,562.4
2024-12-24,Potato,Farrukhabad,1543.25,1964.13,1753.69,1731.6
2024-12-25,Potato,Farrukhabad,1540.02,1960.02,1750.02,594.1
2024-12-26,Potato,Farrukhabad,1546.42,1968.18,1757.3,1419.8
2024-12-27,Potato,Farrukhabad,1470.81,1871.95,1671.38,1455.1
2024-12-28,Potato,Farrukhabad,1442.48,1835.88,1639.18,3257.0
2024-12-29,Potato,Farrukhabad,1450.98,1846.7,1648.84,1479.2
2024-12-30,Potato,Farrukhabad,1464.91,1864.43,1664.67,1112.7
2024-12-31,Potato,Farrukhabad,1391.76,1771.32,1581.54,1834.7
2025-01-01,Potato,Farrukhabad,1407.53,1791.41,1599.47,2465.5
2025-01-02,Potato,Farrukhabad,1407.31,1791.13,1599.22,1528.1
2025-01-03,Potato,Farrukhabad,1395.13,1775.63,1585.38,3469.3
2025-01-04,Potato,Farrukhabad,1419.78,1807.0,1613.39,587.6
2025-01-05,Potato,Farrukhabad,1429.45,1819.31,1624.38,3416.7
2025-01-06,Potato,Farrukhabad,1461.01,1859.47,1660.24,2696.5
2025-01-07,Potato,Farrukhabad,1430.33,1820.41,1625.37,1600.2
2025-01-08,Potato,Farrukhabad,1429.21,1818.99,1624.1,3175.2
2025-01-09,Potato,Farrukhabad,1365.84,1738.34,1552.09,825.5
2025-01-10,Potato,Farrukhabad,1317.63,1676.99,1497.31,1324.9
2025-01-11,Potato,Farrukhabad,1326.34,1688.06,1507.2,2546.7
2025-01-12,Potato,Farrukhabad,1355.79,1725.55,1540.67,1029.9
2025-01-13,Potato,Farrukhabad,1369.83,1743.43,1556.63,1297.1
2025-01-14,Potato,Farrukhabad,1328.11,1690.33,1509.22,2153.5
2025-01-15,Potato,Farrukhabad,1364.8,1737.02,1550.91,1896.2
2025-01-16,Potato,Farrukhabad,1411.4,1796.32,1603.86,3352.3
2025-01-17,Potato,Farrukhabad,1432.96,1823.76,1628.36,708.6
2025-01-18,Potato,Farrukhabad,1457.04,1854.42,1655.73,1675.3
2025-01-19,Potato,Farrukhabad,1496.99,1905.27,1701.13,1332.6
2025-01-20,Potato,Farrukhabad,1528.6,1945.48,1737.04,1987.1
2025-01-21,Potato,Farrukhabad,1532.79,1950.83,1741.81,1500.4
2025-01-22,Potato,Farrukhabad,1536.35,1955.35,1745.85,798.6
2025-01-23,Potato,Farrukhabad,1496.66,1904.84,1700.75,3259.0
2025-01-24,Potato,Farrukhabad,1535.76,1954.6,1745.18,609.1
2025-01-25,Potato,Farrukhabad,1442.59,1836.03,1639.31,1552.3
2025-01-26,Potato,Farrukhabad,1441.34,1834.44,1637.89,2913.4
2025-01-27,Potato,Farrukhabad,1465.89,1865.67,1665.78,813.0
2025-01-28,Potato,Farrukhabad,1443.49,1837.17,1640.33,1373.1
2025-01-29,Potato,Farrukhabad,1434.98,1826.34,1630.66,1391.4
2025-01-30,Potato,Farrukhabad,1435.68,1827.22,1631.45,2105.8
2025-01-31,Potato,Farrukhabad,1465.04,1864.6,1664.82,2622.4
2025-02-01,Potato,Farrukhabad,1496.19,1904.25,1700.22,1287.7
2025-02-02,Potato,Farrukhabad,1520.49,1935.17,1727.83,2517.6
2025-02-03,Potato,Farrukhabad,1528.67,1945.57,1737.12,1918.7
2025-02-04,Potato,Farrukhabad,1534.38,1952.84,1743.61,609.5
2025-02-05,Potato,Farrukhabad,1556.17,1980.57,1768.37,3142.8
2025-02-06,Potato,Farrukhabad,1512.26,1924.7,1718.48,1739.3
2025-02-07,Potato,Farrukhabad,1532.66,1950.66,1741.66,2983.8
2025-02-08,Potato,Farrukhabad,1486.78,1892.26,1689.52,2404.6
2025-02-09,Potato,Farrukhabad,1425.75,1814.59,1620.17,1470.9
2025-02-10,Potato,Farrukhabad,1430.4,1820.52,1625.46,3427.8
2025-02-11,Potato,Farrukhabad,1412.54,1797.78,1605.16,903.8
2025-02-12,Potato,Farrukhabad,1428.79,1818.47,1623.63,1293.5
2025-02-13,Potato,Farrukhabad,1468.05,1868.43,1668.24,2060.3
2025-02-14,Potato,Farrukhabad,1419.54,1806.68,1613.11,3181.1
2025-02-15,Potato,Farrukhabad,1372.58,1746.92,1559.75,2121.9
2025-02-16,Potato,Farrukhabad,1372.35,1746.63,1559.49,2388.5
2025-02-17,Potato,Farrukhabad,1379.86,1756.18,1568.02,2445.9
2025-02-18,Potato,Farrukhabad,1360.27,1731.25,1545.76,2128.7
2025-02-19,Potato,Farrukhabad,1405.42,1788.72,1597.07,727.5
2025-02-20,Potato,Farrukhabad,1436.4,1828.14,1632.27,3312.9
2025-02-21,Potato,Farrukhabad,1390.96,1770.32,1580.64,2814.6
2025-02-22,Potato,Farrukhabad,1457.41,1854.89,1656.15,2655.7
2025-02-23,Potato,Farrukhabad,1510.41,1922.35,1716.38,581.9
2025-02-24,Potato,Farrukhabad,1514.15,1927.09,1720.62,1882.4
2025-02-25,Potato,Farrukhabad,1501.67,1911.21,1706.44,3008.8
2025-02-26,Potato,Farrukhabad,1546.34,1968.06,1757.2,2543.4
2025-02-27,Potato,Farrukhabad,1534.11,1952.51,1743.31,2838.8
2025-02-28,Potato,Farrukhabad,1508.43,1919.81,1714.12,3294.9
2025-03-01,Potato,Farrukhabad,1422.43,1810.37,1616.4,887.5
2025-03-02,Potato,Farrukhabad,1438.51,1830.83,1634.67,1722.1
2025-03-03,Potato,Farrukhabad,1462.6,1861.48,1662.04,2353.0
2025-03-04,Potato,Farrukhabad,1430.4,1820.5,1625.45,3013.2
2025-03-05,Potato,Farrukhabad,1394.03,1774.23,1584.13,3391.2
2025-03-06,Potato,Farrukhabad,1437.93,1830.09,1634.01,1224.7
2025-03-07,Potato,Farrukhabad,1453.56,1849.98,1651.77,3381.7
2025-03-08,Potato,Farrukhabad,1435.23,1826.65,1630.94,1556.3
2025-03-09,Potato,Farrukhabad,1431.33,1821.69,1626.51,2591.6
2025-03-10,Potato,Farrukhabad,1416.6,1802.94,1609.77,3031.5
2025-03-11,Potato,Farrukhabad,1395.63,1776.25,1585.94,850.4
2025-03-12,Potato,Farrukhabad,1396.96,1777.94,1587.45,1724.9
2025-03-13,Potato,Farrukhabad,1419.27,1806.35,1612.81,1701.9
2025-03-14,Potato,Farrukhabad,1439.94,1832.66,1636.3,1161.2
2025-03-15,Potato,Farrukhabad,1408.5,1792.64,1600.57,2791.4
2025-03-16,Potato,Farrukhabad,1399.47,1781.15,1590.31,539.2
2025-03-17,Potato,Farrukhabad,1395.9,1776.6,1586.25,1225.3
2025-03-18,Potato,Farrukhabad,1379.3,1755.48,1567.39,1634.7
2025-03-19,Potato,Farrukhabad,1340.64,1706.28,1523.46,3168.4
2025-03-20,Potato,Farrukhabad,1376.34,1751.7,1564.02,2074.5
2025-03-21,Potato,Farrukhabad,1356.05,1725.89,1540.97,2197.5
2025-03-22,Potato,Farrukhabad,1321.66,1682.12,1501.89,652.2
2025-03-23,Potato,Farrukhabad,1336.37,1700.83,1518.6,579.3
2025-03-24,Potato,Farrukhabad,1315.71,1674.55,1495.13,1726.6
2025-03-25,Potato,Farrukhabad,1328.29,1690.55,1509.42,1993.3
2025-03-26,Potato,Farrukhabad,1308.05,1664.79,1486.42,2734.6
2025-03-27,Potato,Farrukhabad,1238.09,1575.75,1406.92,3216.0
2025-03-28,Potato,Farrukhabad,1247.76,1588.06,1417.91,1538.3
2025-03-29,Potato,Farrukhabad,1253.1,1594.86,1423.98,3051.1
2025-03-30,Potato,Farrukhabad,1248.26,1588.7,1418.48,1432.5
2025-03-31,Potato,Farrukhabad,1261.33,1605.33,1433.33,2404.4
2025-04-01,Potato,Farrukhabad,1230.86,1566.54,1398.7,2894.4
2025-04-02,Potato,Farrukhabad,1244.94,1584.46,1414.7,2041.5
2025-04-03,Potato,Farrukhabad,1269.24,1615.4,1442.32,1980.6
2025-04-04,Potato,Farrukhabad,1312.01,1669.83,1490.92,1827.7
2025-04-05,Potato,Farrukhabad,1313.34,1671.52,1492.43,2976.2
2025-04-06,Potato,Farrukhabad,1232.64,1568.82,1400.73,3092.8
2025-04-07,Potato,Farrukhabad,1203.72,1532.0,1367.86,3327.1
2025-04-08,Potato,Farrukhabad,1197.61,1524.23,1360.92,489.3
2025-04-09,Potato,Farrukhabad,1225.38,1559.58,1392.48,2468.7
2025-04-10,Potato,Farrukhabad,1222.87,1556.37,1389.62,3209.7
2025-04-11,Potato,Farrukhabad,1226.89,1561.49,1394.19,1002.3
2025-04-12,Potato,Farrukhabad,1248.62,1589.16,1418.89,2543.6
2025-04-13,Potato,Farrukhabad,1279.37,1628.29,1453.83,857.6
2025-04-14,Potato,Farrukhabad,1183.5,1506.28,1344.89,3162.6
2025-04-15,Potato,Farrukhabad,1197.95,1524.67,1361.31,1709.7
2025-04-16,Potato,Farrukhabad,1187.34,1511.16,1349.25,3001.5
2025-04-17,Potato,Farrukhabad,1228.29,1563.27,1395.78,2068.2
2025-04-18,Potato,Farrukhabad,1164.41,1481.97,1323.19,2398.8
2025-04-19,Potato,Farrukhabad,1126.73,1434.03,1280.38,1499.2
2025-04-20,Potato,Farrukhabad,1103.06,1403.9,1253.48,1434.0
2025-04-21,Potato,Farrukhabad,1161.35,1478.09,1319.72,3145.7
2025-04-22,Potato,Farrukhabad,1183.48,1506.24,1344.86,487.3
2025-04-23,Potato,Farrukhabad,1110.23,1413.03,1261.63,2904.3
2025-04-24,Potato,Farrukhabad,1155.47,1470.59,1313.03,892.7
2025-04-25,Potato,Farrukhabad,1162.0,1478.92,1320.46,1689.0
2025-04-26,Potato,Farrukhabad,1127.58,1435.1,1281.34,3315.0
2025-04-27,Potato,Farrukhabad,1125.32,1432.22,1278.77,3193.9
2025-04-28,Potato,Farrukhabad,1104.04,1405.14,1254.59,3367.3
2025-04-29,Potato,Farrukhabad,1102.14,1402.72,1252.43,3355.8
2025-04-30,Potato,Farrukhabad,1092.7,1390.72,1241.71,638.8
2025-05-01,Potato,Farrukhabad,1108.68,1411.04,1259.86,811.7
2025-05-02,Potato,Farrukhabad,1160.83,1477.43,1319.13,670.8
2025-05-03,Potato,Farrukhabad,1239.01,1576.93,1407.97,1744.1
2025-05-04,Potato,Farrukhabad,1218.62,1550.96,1384.79,3083.3
2025-05-05,Potato,Farrukhabad,1204.02,1532.4,1368.21,897.5
2025-05-06,Potato,Farrukhabad,1147.44,1460.38,1303.91,1470.4
2025-05-07,Potato,Farrukhabad,1150.6,1464.4,1307.5,1650.2
2025-05-08,Potato,Farrukhabad,1128.6,1436.4,1282.5,2325.9
2025-05-09,Potato,Farrukhabad,1112.13,1415.43,1263.78,2331.6
2025-05-10,Potato,Farrukhabad,1156.72,1472.2,1314.46,640.6
2025-05-11,Potato,Farrukhabad,1123.46,1429.86,1276.66,1995.9
2025-05-12,Potato,Farrukhabad,1121.88,1427.84,1274.86,1611.8
2025-05-13,Potato,Farrukhabad,1096.48,1395.52,1246.0,2654.4
2025-05-14,Potato,Farrukhabad,1123.34,1429.7,1276.52,2795.9
2025-05-15,Potato,Farrukhabad,1080.36,1375.0,1227.68,3413.8
2025-05-16,Potato,Farrukhabad,1083.83,1379.41,1231.62,3279.1
2025-05-17,Potato,Farrukhabad,1040.35,1324.09,1182.22,895.0
2025-05-18,Potato,Farrukhabad,1045.7,1330.88,1188.29,2410.5
2025-05-19,Potato,Farrukhabad,1037.11,1319.95,1178.53,3314.4
2025-05-20,Potato,Farrukhabad,1001.62,1274.78,1138.2,2546.6
2025-05-21,Potato,Farrukhabad,1026.07,1305.91,1165.99,857.5
2025-05-22,Potato,Farrukhabad,1019.74,1297.84,1158.79,3373.2
2025-05-23,Potato,Farrukhabad,1060.54,1349.78,1205.16,1456.2
2025-05-24,Potato,Farrukhabad,1065.04,1355.5,1210.27,446.1
2025-05-25,Potato,Farrukhabad,1057.65,1346.09,1201.87,849.6
2025-05-26,Potato,Farrukhabad,1045.23,1330.29,1187.76,952.8
2025-05-27,Potato,Farrukhabad,990.11,1260.15,1125.13,553.9
2025-05-28,Potato,Farrukhabad,944.23,1201.75,1072.99,2530.9
2025-05-29,Potato,Farrukhabad,933.4,1187.96,1060.68,506.0
2025-05-30,Potato,Farrukhabad,898.92,1144.08,1021.5,2577.9
2025-05-31,Potato,Farrukhabad,880.74,1120.94,1000.84,859.4
2025-06-01,Potato,Farrukhabad,887.57,1129.63,1008.6,452.4
2025-06-02,Potato,Farrukhabad,845.41,1075.97,960.69,3341.5
2025-06-03,Potato,Farrukhabad,854.7,1087.8,971.25,1442.7
2025-06-04,Potato,Farrukhabad,885.93,1127.55,1006.74,858.0
2025-06-05,Potato,Farrukhabad,886.06,1127.72,1006.89,3183.9
2025-06-06,Potato,Farrukhabad,865.46,1101.5,983.48,501.8
2025-06-07,Potato,Farrukhabad,846.09,1076.85,961.47,2768.4
2025-06-08,Potato,Farrukhabad,853.25,1085.95,969.6,2257.1
2025-06-09,Potato,Farrukhabad,870.37,1107.75,989.06,1173.3
2025-06-10,Potato,Farrukhabad,880.71,1120.91,1000.81,3106.5
2025-06-11,Potato,Farrukhabad,863.97,1099.59,981.78,1953.0
2025-06-12,Potato,Farrukhabad,835.3,1063.1,949.2,2109.5
2025-06-13,Potato,Farrukhabad,830.02,1056.38,943.2,1609.5
2025-06-14,Potato,Farrukhabad,820.52,1044.3,932.41,722.7
2025-06-15,Potato,Farrukhabad,819.64,1043.18,931.41,3449.8
2025-06-16,Potato,Farrukhabad,828.73,1054.75,941.74,1597.0
2025-06-17,Potato,Farrukhabad,816.76,1039.52,928.14,642.7
2025-06-18,Potato,Farrukhabad,799.96,1018.12,909.04,658.7
2025-06-19,Potato,Farrukhabad,788.07,1002.99,895.53,609.3
2025-06-20,Potato,Farrukhabad,801.13,1019.61,910.37,2405.6
2025-06-21,Potato,Farrukhabad,828.73,1054.75,941.74,2432.3
2025-06-22,Potato,Farrukhabad,858.11,1092.15,975.13,1983.4
2025-06-23,Potato,Farrukhabad,902.85,1149.09,1025.97,2649.6
2025-06-24,Potato,Farrukhabad,897.42,1142.16,1019.79,2135.4
2025-06-25,Potato,Farrukhabad,928.84,1182.16,1055.5,424.6
2025-06-26,Potato,Farrukhabad,919.71,1170.53,1045.12,745.8
2025-06-27,Potato,Farrukhabad,923.43,1175.27,1049.35,928.5
2025-06-28,Potato,Farrukhabad,917.06,1167.16,1042.11,1427.4
2025-06-29,Potato,Farrukhabad,880.24,1120.3,1000.27,1786.8
2025-06-30,Potato,Farrukhabad,881.43,1121.83,1001.63,2885.2
2025-07-01,Potato,Farrukhabad,861.19,1096.05,978.62,1243.1
2025-07-02,Potato,Farrukhabad,875.8,1114.66,995.23,2683.9
2025-07-03,Potato,Farrukhabad,862.8,1098.12,980.46,598.8
2025-07-04,Potato,Farrukhabad,873.14,1111.28,992.21,1203.7
2025-07-05,Potato,Farrukhabad,874.67,1113.21,993.94,2611.8
2025-07-06,Potato,Farrukhabad,855.89,1089.31,972.6,2771.0
2025-07-07,Potato,Farrukhabad,818.01,1041.11,929.56,632.8
2025-07-08,Potato,Farrukhabad,807.74,1028.04,917.89,1785.8
2025-07-09,Potato,Farrukhabad,797.61,1015.15,906.38,1382.7
2025-07-10,Potato,Farrukhabad,808.82,1029.4,919.11,2916.3
2025-07-11,Potato,Farrukhabad,821.08,1045.0,933.04,808.5
2025-07-12,Potato,Farrukhabad,816.71,1039.45,928.08,3265.9
2025-07-13,Potato,Farrukhabad,800.59,1018.93,909.76,1212.1
2025-07-14,Potato,Farrukhabad,801.67,1020.31,910.99,1701.4
2025-07-15,Potato,Farrukhabad,823.39,1047.95,935.67,1537.8
2025-07-16,Potato,Farrukhabad,823.38,1047.94,935.66,2635.8
2025-07-17,Potato,Farrukhabad,831.62,1058.42,945.02,1028.8
2025-07-18,Potato,Farrukhabad,860.86,1095.64,978.25,1964.3
2025-07-19,Potato,Farrukhabad,847.78,1079.0,963.39,1681.2
2025-07-20,Potato,Farrukhabad,872.37,1110.29,991.33,2738.8
2025-07-21,Potato,Farrukhabad,871.76,1109.52,990.64,872.6
2025-07-22,Potato,Farrukhabad,891.6,1134.76,1013.18,3314.0
2025-07-23,Potato,Farrukhabad,912.68,1161.6,1037.14,1572.9
2025-07-24,Potato,Farrukhabad,917.53,1167.77,1042.65,3343.3
2025-07-25,Potato,Farrukhabad,899.95,1145.39,1022.67,1624.5
2025-07-26,Potato,Farrukhabad,905.04,1151.88,1028.46,1375.5
2025-07-27,Potato,Farrukhabad,903.45,1149.85,1026.65,2548.9
2025-07-28,Potato,Farrukhabad,892.2,1135.52,1013.86,445.6
2025-07-29,Potato,Farrukhabad,877.26,1116.52,996.89,1488.2
2025-07-30,Potato,Farrukhabad,873.11,1111.23,992.17,546.1
2025-07-31,Potato,Farrukhabad,859.85,1094.35,977.1,2352.8
2025-08-01,Potato,Farrukhabad,871.54,1109.24,990.39,2876.2
2025-08-02,Potato,Farrukhabad,904.43,1151.09,1027.76,743.5
2025-08-03,Potato,Farrukhabad,874.1,1112.5,993.3,763.7
2025-08-04,Potato,Farrukhabad,850.67,1082.67,966.67,1124.6
2025-08-05,Potato,Farrukhabad,850.56,1082.54,966.55,1172.3
2025-08-06,Potato,Farrukhabad,856.57,1090.17,973.37,3118.9
2025-08-07,Potato,Farrukhabad,885.38,1126.84,1006.11,1397.9
2025-08-08,Potato,Farrukhabad,868.73,1105.65,987.19,649.2
2025-08-09,Potato,Farrukhabad,874.79,1113.37,994.08,1658.9
2025-08-10,Potato,Farrukhabad,876.6,1115.68,996.14,3150.3
2025-08-11,Potato,Farrukhabad,883.17,1124.03,1003.6,983.0
2025-08-12,Potato,Farrukhabad,889.87,1132.57,1011.22,644.3
2025-08-13,Potato,Farrukhabad,877.81,1117.21,997.51,1593.9
2025-08-14,Potato,Farrukhabad,864.12,1099.78,981.95,898.8
2025-08-15,Potato,Farrukhabad,890.41,1133.25,1011.83,1541.9
2025-08-16,Potato,Farrukhabad,894.99,1139.07,1017.03,708.3
2025-08-17,Potato,Farrukhabad,902.67,1148.85,1025.76,2988.9
2025-08-18,Potato,Farrukhabad,908.5,1156.28,1032.39,2959.1
2025-08-19,Potato,Farrukhabad,936.76,1192.24,1064.5,1309.2
2025-08-20,Potato,Farrukhabad,965.6,1228.94,1097.27,1692.3
2025-08-21,Potato,Farrukhabad,963.02,1225.66,1094.34,2348.6
2025-08-22,Potato,Farrukhabad,951.88,1211.48,1081.68,1731.7
2025-08-23,Potato,Farrukhabad,987.01,1256.19,1121.6,1108.8
2025-08-24,Potato,Farrukhabad,974.86,1240.74,1107.8,1177.1
2025-08-25,Potato,Farrukhabad,979.14,1246.18,1112.66,1884.4
2025-08-26,Potato,Farrukhabad,1007.09,1281.75,1144.42,1889.5
2025-08-27,Potato,Farrukhabad,1030.07,1310.99,1170.53,433.9
2025-08-28,Potato,Farrukhabad,1053.84,1341.26,1197.55,2300.8
2025-08-29,Potato,Farrukhabad,1078.89,1373.13,1226.01,521.3
2025-08-30,Potato,Farrukhabad,1034.89,1317.13,1176.01,2627.5
2025-08-31,Potato,Farrukhabad,1022.64,1301.54,1162.09,1308.6
2025-09-01,Potato,Farrukhabad,1043.38,1327.94,1185.66,1210.3
2025-09-02,Potato,Farrukhabad,1058.03,1346.59,1202.31,1863.7
2025-09-03,Potato,Farrukhabad,1046.65,1332.09,1189.37,1136.8
2025-09-04,Potato,Farrukhabad,1049.11,1335.23,1192.17,531.2
2025-09-05,Potato,Farrukhabad,1096.31,1395.31,1245.81,2415.4
2025-09-06,Potato,Farrukhabad,1091.27,1388.89,1240.08,2572.3
2025-09-07,Potato,Farrukhabad,1083.23,1378.65,1230.94,3213.0
2025-09-08,Potato,Farrukhabad,1084.32,1380.04,1232.18,2391.0
2025-09-09,Potato,Farrukhabad,1092.11,1389.95,1241.03,1978.9
2025-09-10,Potato,Farrukhabad,1081.56,1376.54,1229.05,2218.1
2025-09-11,Potato,Farrukhabad,1114.17,1418.03,1266.1,723.3
2025-09-12,Potato,Farrukhabad,1143.09,1454.85,1298.97,1425.5
2025-09-13,Potato,Farrukhabad,1119.45,1424.75,1272.1,3267.1
2025-09-14,Potato,Farrukhabad,1169.85,1488.91,1329.38,959.1
2025-09-15,Potato,Farrukhabad,1167.46,1485.86,1326.66,3404.1
2025-09-16,Potato,Farrukhabad,1193.47,1518.97,1356.22,3413.8
2025-09-17,Potato,Farrukhabad,1248.32,1588.78,1418.55,3195.2
2025-09-18,Potato,Farrukhabad,1273.31,1620.57,1446.94,2561.7
2025-09-19,Potato,Farrukhabad,1270.01,1616.37,1443.19,2902.8
2025-09-20,Potato,Farrukhabad,1248.14,1588.54,1418.34,2651.5
2025-09-21,Potato,Farrukhabad,1295.02,1648.2,1471.61,2434.3
2025-09-22,Potato,Farrukhabad,1229.98,1565.44,1397.71,1392.9
2025-09-23,Potato,Farrukhabad,1226.15,1560.55,1393.35,2317.7
2025-09-24,Potato,Farrukhabad,1250.88,1592.02,1421.45,2838.1
2025-09-25,Potato,Farrukhabad,1188.43,1512.55,1350.49,2422.4
2025-09-26,Potato,Farrukhabad,1180.85,1502.91,1341.88,2052.1
2025-09-27,Potato,Farrukhabad,1210.62,1540.78,1375.7,2413.9
2025-09-28,Potato,Farrukhabad,1171.38,1490.84,1331.11,3327.4
2025-09-29,Potato,Farrukhabad,1181.2,1503.34,1342.27,2154.8
2025-09-30,Potato,Farrukhabad,1161.56,1478.34,1319.95,2260.3
2025-10-01,Potato,Farrukhabad,1196.47,1522.79,1359.63,1993.2
2025-10-02,Potato,Farrukhabad,1203.67,1531.95,1367.81,755.9
2025-10-03,Potato,Farrukhabad,1224.07,1557.91,1390.99,2973.7
2025-10-04,Potato,Farrukhabad,1202.38,1530.3,1366.34,2191.7
2025-10-05,Potato,Farrukhabad,1177.2,1498.26,1337.73,2858.1
2025-10-06,Potato,Farrukhabad,1201.46,1529.12,1365.29,1859.8
2025-10-07,Potato,Farrukhabad,1220.3,1553.1,1386.7,3097.0
2025-10-08,Potato,Farrukhabad,1278.29,1626.91,1452.6,2095.4
2025-10-09,Potato,Farrukhabad,1317.18,1676.42,1496.8,1009.1
2025-10-10,Potato,Farrukhabad,1335.96,1700.32,1518.14,1242.2
2025-10-11,Potato,Farrukhabad,1311.29,1668.91,1490.1,722.2
2025-10-12,Potato,Farrukhabad,1346.84,1714.16,1530.5,3090.1
2025-10-13,Potato,Farrukhabad,1285.13,1635.63,1460.38,1028.0
2025-10-14,Potato,Farrukhabad,1266.22,1611.56,1438.89,421.0
2025-10-15,Potato,Farrukhabad,1270.97,1617.59,1444.28,595.2
2025-10-16,Potato,Farrukhabad,1278.01,1626.55,1452.28,2564.8
2025-10-17,Potato,Farrukhabad,1272.95,1620.11,1446.53,530.7
2025-10-18,Potato,Farrukhabad,1301.8,1656.84,1479.32,418.1
2025-10-19,Potato,Farrukhabad,1273.56,1620.9,1447.23,2655.7
2025-10-20,Potato,Farrukhabad,1246.31,1586.21,1416.26,3359.8
2025-10-21,Potato,Farrukhabad,1272.73,1619.83,1446.28,2205.7
2025-10-22,Potato,Farrukhabad,1345.76,1712.78,1529.27,1124.6
2025-10-23,Potato,Farrukhabad,1373.35,1747.91,1560.63,1438.0
2025-10-24,Potato,Farrukhabad,1319.89,1679.87,1499.88,1664.8
2025-10-25,Potato,Farrukhabad,1311.39,1669.05,1490.22,3293.5
2025-10-26,Potato,Farrukhabad,1326.66,1688.48,1507.57,1072.8
2025-10-27,Potato,Farrukhabad,1380.7,1757.26,1568.98,2214.2
2025-10-28,Potato,Farrukhabad,1327.0,1688.9,1507.95,1824.1
2025-10-29,Potato,Farrukhabad,1329.67,1692.31,1510.99,1964.5
2025-10-30,Potato,Farrukhabad,1307.77,1664.43,1486.1,2868.1
2025-10-31,Potato,Farrukhabad,1306.57,1662.91,1484.74,2244.2
2025-11-01,Potato,Farrukhabad,1324.17,1685.31,1504.74,3480.7
2025-11-02,Potato,Farrukhabad,1323.86,1684.92,1504.39,2123.3
2025-11-03,Potato,Farrukhabad,1316.53,1675.59,1496.06,2397.0
2025-11-04,Potato,Farrukhabad,1350.79,1719.19,1534.99,2559.8
2025-11-05,Potato,Farrukhabad,1350.4,1718.7,1534.55,1739.4
2025-11-06,Potato,Farrukhabad,1432.99,1823.81,1628.4,2649.0
2025-11-07,Potato,Farrukhabad,1400.91,1782.97,1591.94,3261.4
2025-11-08,Potato,Farrukhabad,1419.04,1806.06,1612.55,595.3
2025-11-09,Potato,Farrukhabad,1400.09,1781.93,1591.01,2630.9
2025-11-10,Potato,Farrukhabad,1370.24,1743.94,1557.09,1510.8
2025-11-11,Potato,Farrukhabad,1388.61,1767.33,1577.97,2794.0
2025-11-12,Potato,Farrukhabad,1368.2,1741.34,1554.77,1838.5
2025-11-13,Potato,Farrukhabad,1358.7,1729.26,1543.98,1036.8
2025-11-14,Potato,Farrukhabad,1323.12,1683.96,1503.54,2690.3
2025-11-15,Potato,Farrukhabad,1339.85,1705.27,1522.56,2985.1
2025-11-16,Potato,Farrukhabad,1350.09,1718.29,1534.19,2162.8
2025-11-17,Potato,Farrukhabad,1370.5,1744.28,1557.39,2349.5
2025-11-18,Potato,Farrukhabad,1343.14,1709.46,1526.3,1083.6
2025-11-19,Potato,Farrukhabad,1337.15,1701.83,1519.49,2880.8
2025-11-20,Potato,Farrukhabad,1414.27,1799.99,1607.13,2277.9
2025-11-21,Potato,Farrukhabad,1326.06,1687.72,1506.89,1369.2
2025-11-22,Potato,Farrukhabad,1371.46,1745.5,1558.48,3374.1
2025-11-23,Potato,Farrukhabad,1400.91,1782.97,1591.94,2141.6
2025-11-24,Potato,Farrukhabad,1345.99,1713.07,1529.53,2091.5
2025-11-25,Potato,Farrukhabad,1381.95,1758.85,1570.4,2489.4
2025-11-26,Potato,Farrukhabad,1380.95,1757.57,1569.26,443.9
2025-11-27,Potato,Farrukhabad,1399.13,1780.71,1589.92,988.1
2025-11-28,Potato,Farrukhabad,1393.61,1773.69,1583.65,2035.1
2025-11-29,Potato,Farrukhabad,1412.83,1798.15,1605.49,3306.7
2025-11-30,Potato,Farrukhabad,1405.52,1788.84,1597.18,1663.5
2025-12-01,Potato,Farrukhabad,1367.38,1740.3,1553.84,2408.8
2025-12-02,Potato,Farrukhabad,1418.45,1805.29,1611.87,1968.2
2025-12-03,Potato,Farrukhabad,1382.78,1759.9,1571.34,2423.7
2025-12-04,Potato,Farrukhabad,1362.69,1734.33,1548.51,2662.3
2025-12-05,Potato,Farrukhabad,1372.75,1747.13,1559.94,2707.5
2025-12-06,Potato,Farrukhabad,1377.01,1752.55,1564.78,2862.1
2025-12-07,Potato,Farrukhabad,1380.15,1756.55,1568.35,2799.6
2025-12-08,Potato,Farrukhabad,1394.44,1774.74,1584.59,3203.8
2025-12-09,Potato,Farrukhabad,1380.39,1756.87,1568.63,819.4
2025-12-10,Potato,Farrukhabad,1387.66,1766.12,1576.89,1036.7
2025-12-11,Potato,Farrukhabad,1354.16,1723.48,1538.82,3489.4
2025-12-12,Potato,Farrukhabad,1369.61,1743.15,1556.38,2356.1
2025-12-13,Potato,Farrukhabad,1427.55,1816.89,1622.22,3174.7
2025-12-14,Potato,Farrukhabad,1437.03,1828.95,1632.99,1056.4
2025-12-15,Potato,Farrukhabad,1368.73,1742.01,1555.37,977.4
2025-12-16,Potato,Farrukhabad,1368.15,1741.29,1554.72,596.1
2025-12-17,Potato,Farrukhabad,1363.52,1735.4,1549.46,1197.0
2025-12-18,Potato,Farrukhabad,1399.39,1781.05,1590.22,3403.2
2025-12-19,Potato,Farrukhabad,1429.63,1819.53,1624.58,2035.0
2025-12-20,Potato,Farrukhabad,1466.61,1866.59,1666.6,1559.4
2025-12-21,Potato,Farrukhabad,1478.28,1881.44,1679.86,1452.3
2025-12-22,Potato,Farrukhabad,1477.55,1880.51,1679.03,1299.2
2025-12-23,Potato,Farrukhabad,1484.73,1889.65,1687.19,3246.4
2025-12-24,Potato,Farrukhabad,1535.71,1954.53,1745.12,960.1
2025-12-25,Potato,Farrukhabad,1542.93,1963.73,1753.33,1687.0
2025-12-26,Potato,Farrukhabad,1538.79,1958.47,1748.63,3476.8
2025-12-27,Potato,Farrukhabad,1527.5,1944.08,1735.79,1027.6
2025-12-28,Potato,Farrukhabad,1569.45,1997.49,1783.47,2563.7
2025-12-29,Potato,Farrukhabad,1611.2,2050.62,1830.91,1905.0
2025-12-30,Potato,Farrukhabad,1665.3,2119.48,1892.39,2670.6
2025-12-31,Potato,Farrukhabad,1643.52,2091.76,1867.64,1930.6
2026-01-01,Potato,Farrukhabad,1636.75,2083.13,1859.94,1807.4
2026-01-02,Potato,Farrukhabad,1572.43,2001.27,1786.85,2823.4
2026-01-03,Potato,Farrukhabad,1591.22,2025.2,1808.21,2648.9
2026-01-04,Potato,Farrukhabad,1627.48,2071.34,1849.41,1964.9
2026-01-05,Potato,Farrukhabad,1587.09,2019.93,1803.51,1463.4
2026-01-06,Potato,Farrukhabad,1540.88,1961.12,1751.0,1934.9
2026-01-07,Potato,Farrukhabad,1570.41,1998.71,1784.56,1338.4
2026-01-08,Potato,Farrukhabad,1568.5,1996.28,1782.39,2204.1
2026-01-09,Potato,Farrukhabad,1531.82,1949.6,1740.71,2206.0
2026-01-10,Potato,Farrukhabad,1592.62,2026.96,1809.79,2355.3
2026-01-11,Potato,Farrukhabad,1593.94,2028.64,1811.29,3367.4
2026-01-12,Potato,Farrukhabad,1504.84,1915.26,1710.05,782.5
2026-01-13,Potato,Farrukhabad,1516.85,1930.53,1723.69,1347.7
2026-01-14,Potato,Farrukhabad,1521.7,1936.72,1729.21,2966.8
2026-01-15,Potato,Farrukhabad,1490.72,1897.28,1694.0,612.8
2026-01-16,Potato,Farrukhabad,1467.18,1867.32,1667.25,1892.5
2026-01-17,Potato,Farrukhabad,1457.0,1854.36,1655.68,2198.0
2026-01-18,Potato,Farrukhabad,1413.17,1798.59,1605.88,1333.4
2026-01-19,Potato,Farrukhabad,1469.16,1869.84,1669.5,3096.3
2026-01-20,Potato,Farrukhabad,1526.34,1942.62,1734.48,1411.7
2026-01-21,Potato,Farrukhabad,1551.34,1974.44,1762.89,3008.2
2026-01-22,Potato,Farrukhabad,1555.95,1980.29,1768.12,2621.4
2026-01-23,Potato,Farrukhabad,1587.01,2019.83,1803.42,3477.7
2026-01-24,Potato,Farrukhabad,1541.21,1961.55,1751.38,871.5
2026-01-25,Potato,Farrukhabad,1548.6,1970.94,1759.77,2905.2
2026-01-26,Potato,Farrukhabad,1536.41,1955.43,1745.92,1814.8
2026-01-27,Potato,Farrukhabad,1499.91,1908.97,1704.44,687.3
2026-01-28,Potato,Farrukhabad,1587.28,2020.18,1803.73,2179.0
2026-01-29,Potato,Farrukhabad,1645.1,2093.76,1869.43,509.1
2026-01-30,Potato,Farrukhabad,1629.05,2073.33,1851.19,3166.5
2026-01-31,Potato,Farrukhabad,1609.33,2048.23,1828.78,1004.4
2026-02-01,Potato,Farrukhabad,1568.54,1996.32,1782.43,1853.5
2026-02-02,Potato,Farrukhabad,1592.6,2026.94,1809.77,3446.1
2026-02-03,Potato,Farrukhabad,1585.91,2018.43,1802.17,3001.7
2026-02-04,Potato,Farrukhabad,1612.06,2051.72,1831.89,1115.5
2026-02-05,Potato,Farrukhabad,1622.49,2064.99,1843.74,2911.8
2026-02-06,Potato,Farrukhabad,1541.86,1962.36,1752.11,766.0
2026-02-07,Potato,Farrukhabad,1479.83,1883.41,1681.62,1766.2
2026-02-08,Potato,Farrukhabad,1455.04,1851.88,1653.46,3112.9
2026-02-09,Potato,Farrukhabad,1516.92,1930.62,1723.77,1944.1
2026-02-10,Potato,Farrukhabad,1532.72,1950.74,1741.73,1008.5
2026-02-11,Potato,Farrukhabad,1576.48,2006.44,1791.46,2401.0
2026-02-12,Potato,Farrukhabad,1574.92,2004.44,1789.68,841.2
2026-02-13,Potato,Farrukhabad,1537.62,1956.96,1747.29,847.4
2026-02-14,Potato,Farrukhabad,1646.74,2095.84,1871.29,910.0
2026-02-15,Potato,Farrukhabad,1644.96,2093.58,1869.27,3235.9
2026-02-16,Potato,Farrukhabad,1604.78,2042.44,1823.61,1661.4
2026-02-17,Potato,Farrukhabad,1584.24,2016.3,1800.27,2504.7
2026-02-18,Potato,Farrukhabad,1627.14,2070.9,1849.02,2343.7
2026-02-19,Potato,Farrukhabad,1638.32,2085.14,1861.73,2736.0
2026-02-20,Potato,Farrukhabad,1655.66,2107.2,1881.43,1691.8
2026-02-21,Potato,Farrukhabad,1683.48,2142.6,1913.04,2076.3
2026-02-22,Potato,Farrukhabad,1674.02,2130.56,1902.29,619.7
2026-02-23,Potato,Farrukhabad,1672.93,2129.19,1901.06,2385.4
2026-02-24,Potato,Farrukhabad,1637.06,2083.52,1860.29,524.3
2026-02-25,Potato,Farrukhabad,1602.02,2038.94,1820.48,1477.5
2026-02-26,Potato,Farrukhabad,1622.98,2065.6,1844.29,1237.9
2026-02-27,Potato,Farrukhabad,1637.82,2084.5,1861.16,1453.0
2026-02-28,Potato,Farrukhabad,1667.89,2122.77,1895.33,886.4
2026-03-01,Potato,Farrukhabad,1709.84,2176.16,1943.0,579.8
2026-03-02,Potato,Farrukhabad,1603.4,2040.68,1822.04,2089.5
2026-03-03,Potato,Farrukhabad,1543.89,1964.95,1754.42,1212.3
2026-03-04,Potato,Farrukhabad,1481.16,1885.12,1683.14,2252.2
2026-03-05,Potato,Farrukhabad,1525.08,1941.02,1733.05,1557.8
2026-03-06,Potato,Farrukhabad,1566.59,1993.85,1780.22,469.5
2026-03-07,Potato,Farrukhabad,1560.59,1986.21,1773.4,2542.7
2026-03-08,Potato,Farrukhabad,1567.54,1995.04,1781.29,1292.0
2026-03-09,Potato,Farrukhabad,1495.82,1903.78,1699.8,1605.2
2026-03-10,Potato,Farrukhabad,1492.3,1899.28,1695.79,2653.8
2026-03-11,Potato,Farrukhabad,1442.29,1835.65,1638.97,2975.1
2026-03-12,Potato,Farrukhabad,1389.71,1768.73,1579.22,605.2
2026-03-13,Potato,Farrukhabad,1359.18,1729.86,1544.52,1450.5
2026-03-14,Potato,Farrukhabad,1360.52,1731.56,1546.04,1152.8
2026-03-15,Potato,Farrukhabad,1398.15,1779.47,1588.81,586.1
2026-03-16,Potato,Farrukhabad,1425.87,1814.75,1620.31,1429.3
2026-03-17,Potato,Farrukhabad,1441.04,1834.04,1637.54,2548.5
2026-03-18,Potato,Farrukhabad,1374.04,1748.78,1561.41,1175.5
2026-03-19,Potato,Farrukhabad,1342.45,1708.57,1525.51,686.8
2026-03-20,Potato,Farrukhabad,1365.15,1737.47,1551.31,1825.8
2026-03-21,Potato,Farrukhabad,1302.58,1657.82,1480.2,3283.3
2026-03-22,Potato,Farrukhabad,1298.87,1653.11,1475.99,2452.2
2026-03-23,Potato,Farrukhabad,1301.54,1656.5,1479.02,804.5
2026-03-24,Potato,Farrukhabad,1316.04,1674.96,1495.5,3175.8
2026-03-25,Potato,Farrukhabad,1339.44,1704.74,1522.09,2638.8
2026-03-26,Potato,Farrukhabad,1338.86,1704.0,1521.43,3321.5
2026-03-27,Potato,Farrukhabad,1268.34,1614.24,1441.29,722.0
2026-03-28,Potato,Farrukhabad,1225.36,1559.54,1392.45,1565.1
2026-03-29,Potato,Farrukhabad,1236.37,1573.57,1404.97,504.8
2026-03-30,Potato,Farrukhabad,1270.79,1617.37,1444.08,3312.0
2026-03-31,Potato,Farrukhabad,1260.72,1604.56,1432.64,2702.5
2026-04-01,Potato,Farrukhabad,1237.62,1575.16,1406.39,2535.9
2026-04-02,Potato,Farrukhabad,1250.26,1591.24,1420.75,2162.7
2026-04-03,Potato,Farrukhabad,1218.91,1551.33,1385.12,2031.6
2026-04-04,Potato,Farrukhabad,1197.8,1524.48,1361.14,2149.6
2026-04-05,Potato,Farrukhabad,1184.95,1508.11,1346.53,1465.0
2026-04-06,Potato,Farrukhabad,1180.38,1502.3,1341.34,3140.1
2026-04-07,Potato,Farrukhabad,1191.95,1517.03,1354.49,1261.6
2026-04-08,Potato,Farrukhabad,1211.12,1541.42,1376.27,2107.6
2026-04-09,Potato,Farrukhabad,1204.96,1533.58,1369.27,2068.8
2026-04-10,Potato,Farrukhabad,1231.95,1567.93,1399.94,1132.7
2026-04-11,Potato,Farrukhabad,1256.91,1599.71,1428.31,1251.0
2026-04-12,Potato,Farrukhabad,1266.33,1611.69,1439.01,3251.2
2026-04-13,Potato,Farrukhabad,1237.46,1574.96,1406.21,2435.2
2026-04-14,Potato,Farrukhabad,1192.96,1518.32,1355.64,1538.6
2026-04-15,Potato,Farrukhabad,1155.31,1470.39,1312.85,942.2
2026-04-16,Potato,Farrukhabad,1138.0,1448.36,1293.18,1594.9
2026-04-17,Potato,Farrukhabad,1130.26,1438.52,1284.39,1724.2
2026-04-18,Potato,Farrukhabad,1125.83,1432.87,1279.35,2820.4
2026-04-19,Potato,Farrukhabad,1192.38,1517.58,1354.98,3229.6
2026-04-20,Potato,Farrukhabad,1232.69,1568.87,1400.78,2880.6
2026-04-21,Potato,Farrukhabad,1220.45,1553.31,1386.88,2011.1
2026-04-22,Potato,Farrukhabad,1175.41,1495.97,1335.69,1136.0
2026-04-23,Potato,Farrukhabad,1148.0,1461.1,1304.55,2949.0
2026-04-24,Potato,Farrukhabad,1154.79,1469.73,1312.26,1026.2
2026-04-25,Potato,Farrukhabad,1131.12,1439.6,1285.36,1929.4
2026-04-26,Potato,Farrukhabad,1127.27,1434.71,1280.99,1288.9
2026-04-27,Potato,Farrukhabad,1149.64,1463.18,1306.41,1765.1
2026-04-28,Potato,Farrukhabad,1150.73,1464.57,1307.65,1631.4
2026-04-29,Potato,Farrukhabad,1151.0,1464.92,1307.96,1589.0
2026-04-30,Potato,Farrukhabad,1159.79,1476.09,1317.94,3474.3
2026-05-01,Potato,Farrukhabad,1161.05,1477.69,1319.37,1987.9
2026-05-02,Potato,Farrukhabad,1174.5,1494.82,1334.66,1737.7
2026-05-03,Potato,Farrukhabad,1129.46,1437.5,1283.48,2904.1
2026-05-04,Potato,Farrukhabad,1114.16,1418.02,1266.09,3438.6
2026-05-05,Potato,Farrukhabad,1061.15,1350.55,1205.85,846.1
2026-05-06,Potato,Farrukhabad,1018.82,1296.68,1157.75,2032.0
2026-05-07,Potato,Farrukhabad,1003.65,1277.37,1140.51,1336.6
2026-05-08,Potato,Farrukhabad,993.5,1264.46,1128.98,1673.8
2026-05-09,Potato,Farrukhabad,962.82,1225.4,1094.11,2523.1
2026-05-10,Potato,Farrukhabad,958.57,1219.99,1089.28,1718.2
2026-05-11,Potato,Farrukhabad,939.89,1196.23,1068.06,1354.2
2026-05-12,Potato,Farrukhabad,976.03,1242.21,1109.12,3461.0
2026-05-13,Potato,Farrukhabad,962.97,1225.59,1094.28,3103.4
2026-05-14,Potato,Farrukhabad,959.15,1220.73,1089.94,1474.1
2026-05-15,Potato,Farrukhabad,951.6,1211.12,1081.36,1991.3
2026-05-16,Potato,Farrukhabad,971.41,1236.33,1103.87,2796.5
2026-05-17,Potato,Farrukhabad,971.46,1236.4,1103.93,1377.5
2026-05-18,Potato,Farrukhabad,943.81,1201.21,1072.51,2718.4
2026-05-19,Potato,Farrukhabad,916.56,1166.54,1041.55,2558.1
2026-05-20,Potato,Farrukhabad,937.09,1192.67,1064.88,1189.8
2026-05-21,Potato,Farrukhabad,937.53,1193.21,1065.37,2575.4
2026-05-22,Potato,Farrukhabad,958.61,1220.05,1089.33,1703.3
2026-05-23,Potato,Farrukhabad,968.51,1232.65,1100.58,1606.3
2026-05-24,Potato,Farrukhabad,991.1,1261.4,1126.25,833.0
2026-05-25,Potato,Farrukhabad,992.68,1263.4,1128.04,450.5
2026-05-26,Potato,Farrukhabad,974.04,1239.68,1106.86,2514.2
2026-05-27,Potato,Farrukhabad,964.59,1227.65,1096.12,1155.3
2026-05-28,Potato,Farrukhabad,944.87,1202.57,1073.72,3295.0
2026-05-29,Potato,Farrukhabad,914.35,1163.71,1039.03,994.8
2026-05-30,Potato,Farrukhabad,928.95,1182.29,1055.62,537.7
2026-05-31,Potato,Farrukhabad,892.21,1135.55,1013.88,2641.6
2026-06-01,Potato,Farrukhabad,889.56,1132.16,1010.86,1605.1
2026-06-02,Potato,Farrukhabad,896.09,1140.47,1018.28,2751.8
2026-06-03,Potato,Farrukhabad,904.11,1150.69,1027.4,1418.6
2026-06-04,Potato,Farrukhabad,884.35,1125.53,1004.94,1067.3
2026-06-05,Potato,Farrukhabad,856.99,1090.71,973.85,2067.0
2026-06-06,Potato,Farrukhabad,873.36,1111.56,992.46,909.6
2026-06-07,Potato,Farrukhabad,873.19,1111.33,992.26,2657.1
2026-06-08,Potato,Farrukhabad,910.73,1159.11,1034.92,802.9
2026-06-09,Potato,Farrukhabad,881.59,1122.03,1001.81,2446.8
2026-06-10,Potato,Farrukhabad,853.56,1086.36,969.96,3342.0
2026-06-11,Potato,Farrukhabad,834.42,1061.98,948.2,2380.5
2026-06-12,Potato,Farrukhabad,846.16,1076.92,961.54,1873.3
2026-06-13,Potato,Farrukhabad,838.1,1066.68,952.39,3363.2
2026-06-14,Potato,Farrukhabad,832.94,1060.1,946.52,2073.7
2026-06-15,Potato,Farrukhabad,789.87,1005.29,897.58,2102.0
2026-06-16,Potato,Farrukhabad,788.52,1003.58,896.05,573.8
2026-06-17,Potato,Farrukhabad,797.21,1014.63,905.92,1609.5
2026-06-18,Potato,Farrukhabad,756.22,962.46,859.34,2817.0
2026-06-19,Potato,Farrukhabad,779.2,991.72,885.46,1636.1
2026-06-20,Potato,Farrukhabad,796.14,1013.28,904.71,3220.8
2026-06-21,Potato,Farrukhabad,827.98,1053.8,940.89,1832.6
2026-06-22,Potato,Farrukhabad,826.36,1051.72,939.04,2099.5
2026-06-23,Potato,Farrukhabad,817.86,1040.92,929.39,1152.8
2026-06-24,Potato,Farrukhabad,831.76,1058.6,945.18,3090.0
2026-06-25,Potato,Farrukhabad,820.44,1044.2,932.32,1850.6
2026-06-26,Potato,Farrukhabad,823.41,1047.97,935.69,3360.0
2026-06-27,Potato,Farrukhabad,845.54,1076.14,960.84,2569.6
2026-06-28,Potato,Farrukhabad,803.75,1022.95,913.35,2138.9
2026-06-29,Potato,Farrukhabad,785.89,1000.23,893.06,2009.1
2026-06-30,Potato,Farrukhabad,763.63,971.89,867.76,536.1
2026-07-01,Potato,Farrukhabad,746.26,949.78,848.02,1010.9
2026-07-02,Potato,Farrukhabad,762.02,969.84,865.93,1836.4
2026-07-03,Potato,Farrukhabad,747.93,951.91,849.92,2608.3
2026-07-04,Potato,Farrukhabad,763.93,972.27,868.1,2363.4
2026-07-05,Potato,Farrukhabad,752.35,957.53,854.94,799.7
2026-07-06,Potato,Farrukhabad,748.15,952.19,850.17,2479.3
2026-07-07,Potato,Farrukhabad,772.67,983.39,878.03,1779.9
2026-07-08,Potato,Farrukhabad,818.47,1041.69,930.08,1640.7
2026-07-09,Potato,Farrukhabad,804.1,1023.4,913.75,1643.6
2026-07-10,Potato,Farrukhabad,825.59,1050.75,938.17,1999.9
2026-07-11,Potato,Farrukhabad,797.2,1014.62,905.91,3044.2
2026-07-12,Potato,Farrukhabad,847.91,1079.15,963.53,691.8
2026-07-13,Potato,Farrukhabad,846.29,1077.09,961.69,3042.4
2026-07-14,Potato,Farrukhabad,835.91,1063.89,949.9,1677.1
2026-07-15,Potato,Farrukhabad,870.3,1107.66,988.98,3124.1
2026-07-16,Potato,Farrukhabad,863.54,1099.06,981.3,2382.0
2026-07-17,Potato,Farrukhabad,858.07,1092.09,975.08,1729.4
2026-07-18,Potato,Farrukhabad,852.41,1084.89,968.65,1911.9
2026-07-19,Potato,Farrukhabad,835.04,1062.78,948.91,1424.8
2026-07-20,Potato,Farrukhabad,831.13,1057.81,944.47,2309.6
2026-07-21,Potato,Farrukhabad,802.17,1020.95,911.56,649.7
2026-07-22,Potato,Farrukhabad,784.85,998.89,891.87,1645.7
2026-07-23,Potato,Farrukhabad,775.41,986.89,881.15,2923.8
2026-07-24,Potato,Farrukhabad,755.44,961.46,858.45,1213.4
2026-07-25,Potato,Farrukhabad,742.83,945.43,844.13,1230.6
2026-07-26,Potato,Farrukhabad,769.35,979.17,874.26,1802.7
2026-07-27,Potato,Farrukhabad,785.09,999.21,892.15,2241.0
2026-07-28,Potato,Farrukhabad,804.7,1024.16,914.43,2290.0
2026-07-29,Potato,Farrukhabad,785.9,1000.24,893.07,2846.3
2026-07-30,Potato,Farrukhabad,777.61,989.69,883.65,891.4
2026-07-31,Potato,Farrukhabad,787.03,1001.67,894.35,3156.5
2026-08-01,Potato,Farrukhabad,811.6,1032.94,922.27,1296.2
2026-08-02,Potato,Farrukhabad,805.56,1025.26,915.41,422.5
2026-08-03,Potato,Farrukhabad,840.52,1069.76,955.14,1106.3
2026-08-04,Potato,Farrukhabad,836.11,1064.13,950.12,3157.8
2026-08-05,Potato,Farrukhabad,848.99,1080.53,964.76,2116.8
2026-08-06,Potato,Farrukhabad,890.9,1133.88,1012.39,1934.6
2026-08-07,Potato,Farrukhabad,912.07,1160.81,1036.44,2603.9
2026-08-08,Potato,Farrukhabad,936.86,1192.36,1064.61,1847.8
2026-08-09,Potato,Farrukhabad,919.41,1170.15,1044.78,3043.8
2026-08-10,Potato,Farrukhabad,905.48,1152.42,1028.95,430.3
2026-08-11,Potato,Farrukhabad,917.88,1168.2,1043.04,1945.8
2026-08-12,Potato,Farrukhabad,936.19,1191.51,1063.85,679.0
2026-08-13,Potato,Farrukhabad,922.15,1173.65,1047.9,1115.3
2026-08-14,Potato,Farrukhabad,929.17,1182.59,1055.88,667.6
2026-08-15,Potato,Farrukhabad,914.03,1163.31,1038.67,1729.9
2026-08-16,Potato,Farrukhabad,873.7,1111.98,992.84,1943.2
2026-08-17,Potato,Farrukhabad,860.25,1094.87,977.56,3392.9
2026-08-18,Potato,Farrukhabad,909.68,1157.78,1033.73,1689.5
2026-08-19,Potato,Farrukhabad,890.23,1133.01,1011.62,999.7
2026-08-20,Potato,Farrukhabad,915.0,1164.54,1039.77,1961.3
2026-08-21,Potato,Farrukhabad,883.94,1125.02,1004.48,2168.4
2026-08-22,Potato,Farrukhabad,856.28,1089.82,973.05,2342.7
2026-08-23,Potato,Farrukhabad,853.98,1086.88,970.43,1043.1
2026-08-24,Potato,Farrukhabad,856.42,1090.0,973.21,3054.1
2023-01-01,Potato,Azadpur (Delhi),1683.07,2142.09,1912.58,1790.9
2023-01-02,Potato,Azadpur (Delhi),1663.3,2116.92,1890.11,1507.5
2023-01-03,Potato,Azadpur (Delhi),1739.06,2213.34,1976.2,2023.1
2023-01-04,Potato,Azadpur (Delhi),1757.58,2236.92,1997.25,1569.4
2023-01-05,Potato,Azadpur (Delhi),1748.24,2225.04,1986.64,2276.1
2023-01-06,Potato,Azadpur (Delhi),1750.7,2228.16,1989.43,1255.0
2023-01-07,Potato,Azadpur (Delhi),1745.51,2221.55,1983.53,1512.1
2023-01-08,Potato,Azadpur (Delhi),1701.39,2165.41,1933.4,810.1
2023-01-09,Potato,Azadpur (Delhi),1701.48,2165.52,1933.5,3318.1
2023-01-10,Potato,Azadpur (Delhi),1735.32,2208.6,1971.96,1333.3
2023-01-11,Potato,Azadpur (Delhi),1700.12,2163.78,1931.95,716.7
2023-01-12,Potato,Azadpur (Delhi),1688.95,2149.57,1919.26,937.3
2023-01-13,Potato,Azadpur (Delhi),1684.88,2144.4,1914.64,1530.6
2023-01-14,Potato,Azadpur (Delhi),1652.65,2103.37,1878.01,911.2
2023-01-15,Potato,Azadpur (Delhi),1584.11,2016.15,1800.13,613.9
2023-01-16,Potato,Azadpur (Delhi),1513.52,1926.3,1719.91,994.3
2023-01-17,Potato,Azadpur (Delhi),1518.03,1932.03,1725.03,428.8
2023-01-18,Potato,Azadpur (Delhi),1580.73,2011.83,1796.28,1207.6
2023-01-19,Potato,Azadpur (Delhi),1576.93,2007.01,1791.97,3001.5
2023-01-20,Potato,Azadpur (Delhi),1483.82,1888.5,1686.16,2824.3
2023-01-21,Potato,Azadpur (Delhi),1499.41,1908.35,1703.88,3423.8
2023-01-22,Potato,Azadpur (Delhi),1470.28,1871.26,1670.77,411.5
2023-01-23,Potato,Azadpur (Delhi),1446.32,1840.78,1643.55,1009.9
2023-01-24,Potato,Azadpur (Delhi),1478.65,1881.91,1680.28,1184.6
2023-01-25,Potato,Azadpur (Delhi),1515.47,1928.77,1722.12,3215.9
2023-01-26,Potato,Azadpur (Delhi),1565.21,1992.09,1778.65,3187.0
2023-01-27,Potato,Azadpur (Delhi),1556.05,1980.43,1768.24,873.8
2023-01-28,Potato,Azadpur (Delhi),1531.3,1948.92,1740.11,1006.7
2023-01-29,Potato,Azadpur (Delhi),1465.07,1864.63,1664.85,470.0
2023-01-30,Potato,Azadpur (Delhi),1408.61,1792.77,1600.69,3089.0
2023-01-31,Potato,Azadpur (Delhi),1511.17,1923.31,1717.24,800.9
2023-02-01,Potato,Azadpur (Delhi),1444.87,1838.93,1641.9,857.4
2023-02-02,Potato,Azadpur (Delhi),1535.57,1954.37,1744.97,2387.9
2023-02-03,Potato,Azadpur (Delhi),1572.52,2001.4,1786.96,2364.7
2023-02-04,Potato,Azadpur (Delhi),1586.86,2019.64,1803.25,2136.7
2023-02-05,Potato,Azadpur (Delhi),1676.8,2134.1,1905.45,2166.9
2023-02-06,Potato,Azadpur (Delhi),1634.56,2080.34,1857.45,2934.4
2023-02-07,Potato,Azadpur (Delhi),1697.78,2160.8,1929.29,1988.7
2023-02-08,Potato,Azadpur (Delhi),1726.8,2197.74,1962.27,2133.8
2023-02-09,Potato,Azadpur (Delhi),1607.8,2046.3,1827.05,3208.6
2023-02-10,Potato,Azadpur (Delhi),1624.98,2068.16,1846.57,2983.8
2023-02-11,Potato,Azadpur (Delhi),1568.1,1995.76,1781.93,2297.4
2023-02-12,Potato,Azadpur (Delhi),1593.48,2028.06,1810.77,2788.2
2023-02-13,Potato,Azadpur (Delhi),1563.59,1990.03,1776.81,1683.7
2023-02-14,Potato,Azadpur (Delhi),1570.48,1998.8,1784.64,2748.4
2023-02-15,Potato,Azadpur (Delhi),1582.85,2014.53,1798.69,425.2
2023-02-16,Potato,Azadpur (Delhi),1515.94,1929.38,1722.66,1337.8
2023-02-17,Potato,Azadpur (Delhi),1529.27,1946.35,1737.81,1909.5
2023-02-18,Potato,Azadpur (Delhi),1506.04,1916.78,1711.41,1486.6
2023-02-19,Potato,Azadpur (Delhi),1537.5,1956.82,1747.16,1229.9
2023-02-20,Potato,Azadpur (Delhi),1594.38,2029.2,1811.79,2098.8
2023-02-21,Potato,Azadpur (Delhi),1705.94,2171.2,1938.57,3482.0
2023-02-22,Potato,Azadpur (Delhi),1710.08,2176.46,1943.27,2055.6
2023-02-23,Potato,Azadpur (Delhi),1768.02,2250.2,2009.11,3372.3
2023-02-24,Potato,Azadpur (Delhi),1745.07,2220.99,1983.03,1798.5
2023-02-25,Potato,Azadpur (Delhi),1680.57,2138.91,1909.74,818.4
2023-02-26,Potato,Azadpur (Delhi),1698.98,2162.34,1930.66,585.9
2023-02-27,Potato,Azadpur (Delhi),1676.01,2133.11,1904.56,2478.0
2023-02-28,Potato,Azadpur (Delhi),1653.32,2104.22,1878.77,3345.0
2023-03-01,Potato,Azadpur (Delhi),1675.12,2131.98,1903.55,1679.1
2023-03-02,Potato,Azadpur (Delhi),1629.03,2073.31,1851.17,3296.2
2023-03-03,Potato,Azadpur (Delhi),1600.35,2036.81,1818.58,409.7
2023-03-04,Potato,Azadpur (Delhi),1550.65,1973.55,1762.1,2393.0
2023-03-05,Potato,Azadpur (Delhi),1539.22,1959.0,1749.11,1476.2
2023-03-06,Potato,Azadpur (Delhi),1563.84,1990.34,1777.09,1458.0
2023-03-07,Potato,Azadpur (Delhi),1571.34,1999.88,1785.61,2598.8
2023-03-08,Potato,Azadpur (Delhi),1517.38,1931.2,1724.29,3018.8
2023-03-09,Potato,Azadpur (Delhi),1500.99,1910.35,1705.67,1008.6
2023-03-10,Potato,Azadpur (Delhi),1477.2,1880.08,1678.64,601.1
2023-03-11,Potato,Azadpur (Delhi),1491.26,1897.96,1694.61,2313.3
2023-03-12,Potato,Azadpur (Delhi),1402.71,1785.27,1593.99,612.2
2023-03-13,Potato,Azadpur (Delhi),1451.74,1847.66,1649.7,476.0
2023-03-14,Potato,Azadpur (Delhi),1493.07,1900.27,1696.67,1677.5
2023-03-15,Potato,Azadpur (Delhi),1456.08,1853.2,1654.64,2085.5
2023-03-16,Potato,Azadpur (Delhi),1499.19,1908.07,1703.63,2462.6
2023-03-17,Potato,Azadpur (Delhi),1419.46,1806.58,1613.02,2636.3
2023-03-18,Potato,Azadpur (Delhi),1410.22,1794.82,1602.52,2169.5
2023-03-19,Potato,Azadpur (Delhi),1481.2,1885.16,1683.18,2122.7
2023-03-20,Potato,Azadpur (Delhi),1448.22,1843.2,1645.71,1484.5
2023-03-21,Potato,Azadpur (Delhi),1440.3,1833.1,1636.7,1213.6
2023-03-22,Potato,Azadpur (Delhi),1368.91,1742.25,1555.58,1819.7
2023-03-23,Potato,Azadpur (Delhi),1423.66,1811.92,1617.79,819.6
2023-03-24,Potato,Azadpur (Delhi),1402.98,1785.62,1594.3,790.5
2023-03-25,Potato,Azadpur (Delhi),1442.62,1836.06,1639.34,2965.0
2023-03-26,Potato,Azadpur (Delhi),1390.3,1769.48,1579.89,1655.7
2023-03-27,Potato,Azadpur (Delhi),1355.9,1725.68,1540.79,2786.4
2023-03-28,Potato,Azadpur (Delhi),1340.72,1706.36,1523.54,3307.8
2023-03-29,Potato,Azadpur (Delhi),1269.72,1616.0,1442.86,3173.5
2023-03-30,Potato,Azadpur (Delhi),1284.25,1634.49,1459.37,2212.0
2023-03-31,Potato,Azadpur (Delhi),1264.08,1608.82,1436.45,1936.6
2023-04-01,Potato,Azadpur (Delhi),1303.34,1658.8,1481.07,1920.5
2023-04-02,Potato,Azadpur (Delhi),1272.43,1619.45,1445.94,2874.5
2023-04-03,Potato,Azadpur (Delhi),1260.42,1604.16,1432.29,2496.4
2023-04-04,Potato,Azadpur (Delhi),1224.56,1558.52,1391.54,2999.0
2023-04-05,Potato,Azadpur (Delhi),1282.52,1632.3,1457.41,2205.1
2023-04-06,Potato,Azadpur (Delhi),1287.04,1638.06,1462.55,3339.8
2023-04-07,Potato,Azadpur (Delhi),1262.11,1606.33,1434.22,1930.5
2023-04-08,Potato,Azadpur (Delhi),1278.06,1626.62,1452.34,1949.1
2023-04-09,Potato,Azadpur (Delhi),1314.1,1672.5,1493.3,3494.8
2023-04-10,Potato,Azadpur (Delhi),1241.54,1580.14,1410.84,1467.0
2023-04-11,Potato,Azadpur (Delhi),1203.3,1531.48,1367.39,1348.2
2023-04-12,Potato,Azadpur (Delhi),1194.36,1520.1,1357.23,954.7
2023-04-13,Potato,Azadpur (Delhi),1160.36,1476.82,1318.59,2991.2
2023-04-14,Potato,Azadpur (Delhi),1150.8,1464.66,1307.73,641.1
2023-04-15,Potato,Azadpur (Delhi),1154.4,1469.24,1311.82,2868.9
2023-04-16,Potato,Azadpur (Delhi),1108.29,1410.55,1259.42,427.0
2023-04-17,Potato,Azadpur (Delhi),1139.17,1449.85,1294.51,1130.0
2023-04-18,Potato,Azadpur (Delhi),1161.83,1478.69,1320.26,1010.8
2023-04-19,Potato,Azadpur (Delhi),1099.89,1399.87,1249.88,3442.1
2023-04-20,Potato,Azadpur (Delhi),1052.95,1340.11,1196.53,1447.9
2023-04-21,Potato,Azadpur (Delhi),1089.54,1386.68,1238.11,2641.8
2023-04-22,Potato,Azadpur (Delhi),1011.45,1287.29,1149.37,1221.7
2023-04-23,Potato,Azadpur (Delhi),1003.05,1276.61,1139.83,1749.2
2023-04-24,Potato,Azadpur (Delhi),997.51,1269.55,1133.53,711.1
2023-04-25,Potato,Azadpur (Delhi),980.1,1247.4,1113.75,2372.9
2023-04-26,Potato,Azadpur (Delhi),1001.87,1275.11,1138.49,1595.9
2023-04-27,Potato,Azadpur (Delhi),997.66,1269.76,1133.71,2672.7
2023-04-28,Potato,Azadpur (Delhi),987.72,1257.1,1122.41,1907.8
2023-04-29,Potato,Azadpur (Delhi),1007.64,1282.44,1145.04,2818.7
2023-04-30,Potato,Azadpur (Delhi),1015.45,1292.39,1153.92,2082.8
2023-05-01,Potato,Azadpur (Delhi),1034.78,1317.0,1175.89,1343.8
2023-05-02,Potato,Azadpur (Delhi),1014.06,1290.62,1152.34,570.6
2023-05-03,Potato,Azadpur (Delhi),1088.45,1385.31,1236.88,1794.1
2023-05-04,Potato,Azadpur (Delhi),1143.9,1455.88,1299.89,3411.1
2023-05-05,Potato,Azadpur (Delhi),1146.14,1458.72,1302.43,979.6
2023-05-06,Potato,Azadpur (Delhi),1189.3,1513.66,1351.48,3034.5
2023-05-07,Potato,Azadpur (Delhi),1161.67,1478.49,1320.08,2714.9
2023-05-08,Potato,Azadpur (Delhi),1164.74,1482.4,1323.57,1994.6
2023-05-09,Potato,Azadpur (Delhi),1130.38,1438.66,1284.52,709.8
2023-05-10,Potato,Azadpur (Delhi),1110.13,1412.89,1261.51,3166.7
2023-05-11,Potato,Azadpur (Delhi),1090.71,1388.17,1239.44,792.9
2023-05-12,Potato,Azadpur (Delhi),1098.13,1397.63,1247.88,2853.5
2023-05-13,Potato,Azadpur (Delhi),1113.3,1416.92,1265.11,1940.3
2023-05-14,Potato,Azadpur (Delhi),1107.18,1409.14,1258.16,864.6
2023-05-15,Potato,Azadpur (Delhi),1069.36,1361.0,1215.18,696.1
2023-05-16,Potato,Azadpur (Delhi),1119.91,1425.33,1272.62,2635.9
2023-05-17,Potato,Azadpur (Delhi),1132.06,1440.8,1286.43,902.6
2023-05-18,Potato,Azadpur (Delhi),1103.85,1404.91,1254.38,2050.9
2023-05-19,Potato,Azadpur (Delhi),1066.47,1357.33,1211.9,1616.9
2023-05-20,Potato,Azadpur (Delhi),1084.51,1380.29,1232.4,614.9
2023-05-21,Potato,Azadpur (Delhi),1073.96,1366.86,1220.41,717.2
2023-05-22,Potato,Azadpur (Delhi),1107.65,1409.73,1258.69,1121.5
2023-05-23,Potato,Azadpur (Delhi),1129.78,1437.9,1283.84,1291.2
2023-05-24,Potato,Azadpur (Delhi),1182.94,1505.56,1344.25,2774.7
2023-05-25,Potato,Azadpur (Delhi),1192.02,1517.12,1354.57,2839.6
2023-05-26,Potato,Azadpur (Delhi),1154.08,1468.84,1311.46,3313.7
2023-05-27,Potato,Azadpur (Delhi),1129.88,1438.02,1283.95,2215.6
2023-05-28,Potato,Azadpur (Delhi),1076.09,1369.57,1222.83,1058.6
2023-05-29,Potato,Azadpur (Delhi),1101.12,1401.42,1251.27,3235.9
2023-05-30,Potato,Azadpur (Delhi),1100.55,1400.71,1250.63,1265.6
2023-05-31,Potato,Azadpur (Delhi),1064.26,1354.52,1209.39,3343.1
2023-06-01,Potato,Azadpur (Delhi),1083.85,1379.45,1231.65,1280.3
2023-06-02,Potato,Azadpur (Delhi),1101.49,1401.89,1251.69,1978.8
2023-06-03,Potato,Azadpur (Delhi),1078.7,1372.88,1225.79,2033.6
2023-06-04,Potato,Azadpur (Delhi),1086.18,1382.42,1234.3,1814.8
2023-06-05,Potato,Azadpur (Delhi),1073.42,1366.18,1219.8,1356.2
2023-06-06,Potato,Azadpur (Delhi),1049.14,1335.26,1192.2,598.3
2023-06-07,Potato,Azadpur (Delhi),1030.8,1311.92,1171.36,2736.8
2023-06-08,Potato,Azadpur (Delhi),970.7,1235.44,1103.07,2908.1
2023-06-09,Potato,Azadpur (Delhi),997.45,1269.49,1133.47,1351.6
2023-06-10,Potato,Azadpur (Delhi),987.34,1256.62,1121.98,3401.1
2023-06-11,Potato,Azadpur (Delhi),996.33,1268.05,1132.19,1479.6
2023-06-12,Potato,Azadpur (Delhi),979.03,1246.03,1112.53,3097.7
2023-06-13,Potato,Azadpur (Delhi),998.73,1271.11,1134.92,1559.7
2023-06-14,Potato,Azadpur (Delhi),978.35,1245.17,1111.76,678.2
2023-06-15,Potato,Azadpur (Delhi),993.99,1265.07,1129.53,2399.4
2023-06-16,Potato,Azadpur (Delhi),967.62,1231.52,1099.57,865.2
2023-06-17,Potato,Azadpur (Delhi),965.6,1228.94,1097.27,1718.5
2023-06-18,Potato,Azadpur (Delhi),990.5,1260.64,1125.57,1383.5
2023-06-19,Potato,Azadpur (Delhi),958.26,1219.6,1088.93,1918.9
2023-06-20,Potato,Azadpur (Delhi),927.71,1180.73,1054.22,2867.3
2023-06-21,Potato,Azadpur (Delhi),922.45,1174.03,1048.24,1102.1
2023-06-22,Potato,Azadpur (Delhi),916.01,1165.83,1040.92,2050.3
2023-06-23,Potato,Azadpur (Delhi),880.14,1120.18,1000.16,2152.0
2023-06-24,Potato,Azadpur (Delhi),865.78,1101.9,983.84,2961.0
2023-06-25,Potato,Azadpur (Delhi),902.13,1148.17,1025.15,1701.5
2023-06-26,Potato,Azadpur (Delhi),901.37,1147.19,1024.28,1610.6
2023-06-27,Potato,Azadpur (Delhi),917.23,1167.39,1042.31,1934.4
2023-06-28,Potato,Azadpur (Delhi),936.42,1191.8,1064.11,2113.2
2023-06-29,Potato,Azadpur (Delhi),940.5,1197.0,1068.75,546.0
2023-06-30,Potato,Azadpur (Delhi),914.72,1164.18,1039.45,1835.5
2023-07-01,Potato,Azadpur (Delhi),970.62,1235.34,1102.98,442.1
2023-07-02,Potato,Azadpur (Delhi),946.61,1204.77,1075.69,1958.3
2023-07-03,Potato,Azadpur (Delhi),957.63,1218.81,1088.22,3421.5
2023-07-04,Potato,Azadpur (Delhi),961.4,1223.6,1092.5,2349.0
2023-07-05,Potato,Azadpur (Delhi),950.16,1209.3,1079.73,617.2
2023-07-06,Potato,Azadpur (Delhi),945.3,1203.12,1074.21,2349.4
2023-07-07,Potato,Azadpur (Delhi),953.17,1213.13,1083.15,741.8
2023-07-08,Potato,Azadpur (Delhi),939.16,1195.3,1067.23,2252.0
2023-07-09,Potato,Azadpur (Delhi),894.6,1138.58,1016.59,2855.4
2023-07-10,Potato,Azadpur (Delhi),864.03,1099.67,981.85,467.5
2023-07-11,Potato,Azadpur (Delhi),903.5,1149.92,1026.71,1721.4
2023-07-12,Potato,Azadpur (Delhi),924.4,1176.52,1050.46,1903.0
2023-07-13,Potato,Azadpur (Delhi),920.37,1171.37,1045.87,2748.3
2023-07-14,Potato,Azadpur (Delhi),875.9,1114.78,995.34,1505.3
2023-07-15,Potato,Azadpur (Delhi),914.77,1164.25,1039.51,3396.0
2023-07-16,Potato,Azadpur (Delhi),913.26,1162.32,1037.79,791.3
2023-07-17,Potato,Azadpur (Delhi),922.0,1173.46,1047.73,3285.4
2023-07-18,Potato,Azadpur (Delhi),904.17,1150.77,1027.47,3235.5
2023-07-19,Potato,Azadpur (Delhi),925.65,1178.09,1051.87,628.1
2023-07-20,Potato,Azadpur (Delhi),956.89,1217.85,1087.37,3348.7
2023-07-21,Potato,Azadpur (Delhi),949.52,1208.48,1079.0,1526.1
2023-07-22,Potato,Azadpur (Delhi),928.36,1181.56,1054.96,3164.3
2023-07-23,Potato,Azadpur (Delhi),946.74,1204.94,1075.84,1165.6
2023-07-24,Potato,Azadpur (Delhi),963.84,1226.7,1095.27,1166.2
2023-07-25,Potato,Azadpur (Delhi),1001.8,1275.02,1138.41,3183.4
2023-07-26,Potato,Azadpur (Delhi),993.57,1264.55,1129.06,1675.3
2023-07-27,Potato,Azadpur (Delhi),977.58,1244.2,1110.89,2694.7
2023-07-28,Potato,Azadpur (Delhi),994.36,1265.54,1129.95,3301.8
2023-07-29,Potato,Azadpur (Delhi),979.66,1246.84,1113.25,644.8
2023-07-30,Potato,Azadpur (Delhi),954.88,1215.3,1085.09,1910.4
2023-07-31,Potato,Azadpur (Delhi),958.28,1219.62,1088.95,915.9
2023-08-01,Potato,Azadpur (Delhi),927.26,1180.14,1053.7,2908.1
2023-08-02,Potato,Azadpur (Delhi),887.74,1129.86,1008.8,2892.7
2023-08-03,Potato,Azadpur (Delhi),890.92,1133.9,1012.41,415.3
2023-08-04,Potato,Azadpur (Delhi),908.02,1155.66,1031.84,3104.8
2023-08-05,Potato,Azadpur (Delhi),927.8,1180.84,1054.32,3152.3
2023-08-06,Potato,Azadpur (Delhi),892.26,1135.6,1013.93,2130.0
2023-08-07,Potato,Azadpur (Delhi),939.1,1195.22,1067.16,2071.7
2023-08-08,Potato,Azadpur (Delhi),899.16,1144.38,1021.77,3235.8
2023-08-09,Potato,Azadpur (Delhi),929.07,1182.45,1055.76,2324.4
2023-08-10,Potato,Azadpur (Delhi),949.68,1208.68,1079.18,1499.0
2023-08-11,Potato,Azadpur (Delhi),975.32,1241.32,1108.32,3488.1
2023-08-12,Potato,Azadpur (Delhi),998.77,1271.17,1134.97,889.2
2023-08-13,Potato,Azadpur (Delhi),982.09,1249.93,1116.01,3410.7
2023-08-14,Potato,Azadpur (Delhi),929.32,1182.76,1056.04,961.4
2023-08-15,Potato,Azadpur (Delhi),901.63,1147.53,1024.58,2944.6
2023-08-16,Potato,Azadpur (Delhi),945.67,1203.59,1074.63,1787.1
2023-08-17,Potato,Azadpur (Delhi),964.28,1227.26,1095.77,1314.2
2023-08-18,Potato,Azadpur (Delhi),997.59,1269.65,1133.62,2497.6
2023-08-19,Potato,Azadpur (Delhi),973.62,1239.16,1106.39,1826.8
2023-08-20,Potato,Azadpur (Delhi),967.13,1230.89,1099.01,2948.2
2023-08-21,Potato,Azadpur (Delhi),949.05,1207.89,1078.47,1515.9
2023-08-22,Potato,Azadpur (Delhi),903.13,1149.43,1026.28,2829.4
2023-08-23,Potato,Azadpur (Delhi),903.14,1149.44,1026.29,3060.6
2023-08-24,Potato,Azadpur (Delhi),896.84,1141.44,1019.14,2957.4
2023-08-25,Potato,Azadpur (Delhi),913.31,1162.39,1037.85,1198.5
2023-08-26,Potato,Azadpur (Delhi),936.52,1191.94,1064.23,1674.4
2023-08-27,Potato,Azadpur (Delhi),906.18,1153.32,1029.75,3425.3
2023-08-28,Potato,Azadpur (Delhi),948.8,1207.56,1078.18,3014.9
2023-08-29,Potato,Azadpur (Delhi),936.21,1191.55,1063.88,2341.0
2023-08-30,Potato,Azadpur (Delhi),966.39,1229.95,1098.17,1812.9
2023-08-31,Potato,Azadpur (Delhi),1009.28,1284.54,1146.91,3315.0
2023-09-01,Potato,Azadpur (Delhi),1031.81,1313.21,1172.51,1023.6
2023-09-02,Potato,Azadpur (Delhi),1047.92,1333.72,1190.82,466.9
2023-09-03,Potato,Azadpur (Delhi),1091.25,1388.87,1240.06,1853.6
2023-09-04,Potato,Azadpur (Delhi),1150.71,1464.55,1307.63,1526.5
2023-09-05,Potato,Azadpur (Delhi),1161.56,1478.36,1319.96,3212.7
2023-09-06,Potato,Azadpur (Delhi),1220.32,1553.14,1386.73,1533.8
2023-09-07,Potato,Azadpur (Delhi),1196.76,1523.14,1359.95,3256.5
2023-09-08,Potato,Azadpur (Delhi),1175.0,1495.46,1335.23,2745.9
2023-09-09,Potato,Azadpur (Delhi),1181.16,1503.3,1342.23,3374.8
2023-09-10,Potato,Azadpur (Delhi),1212.37,1543.01,1377.69,1530.8
2023-09-11,Potato,Azadpur (Delhi),1233.35,1569.71,1401.53,2949.9
2023-09-12,Potato,Azadpur (Delhi),1258.36,1601.56,1429.96,3213.6
2023-09-13,Potato,Azadpur (Delhi),1247.66,1587.92,1417.79,2725.7
2023-09-14,Potato,Azadpur (Delhi),1293.29,1646.01,1469.65,1736.7
2023-09-15,Potato,Azadpur (Delhi),1253.71,1595.63,1424.67,1645.8
2023-09-16,Potato,Azadpur (Delhi),1258.11,1601.23,1429.67,1173.1
2023-09-17,Potato,Azadpur (Delhi),1283.15,1633.11,1458.13,2375.9
2023-09-18,Potato,Azadpur (Delhi),1295.39,1648.67,1472.03,2368.2
2023-09-19,Potato,Azadpur (Delhi),1262.1,1606.3,1434.2,1170.7
2023-09-20,Potato,Azadpur (Delhi),1252.54,1594.14,1423.34,2707.6
2023-09-21,Potato,Azadpur (Delhi),1236.91,1574.25,1405.58,2772.1
2023-09-22,Potato,Azadpur (Delhi),1201.75,1529.49,1365.62,1580.4
2023-09-23,Potato,Azadpur (Delhi),1232.56,1568.72,1400.64,1343.0
2023-09-24,Potato,Azadpur (Delhi),1274.78,1622.44,1448.61,3052.6
2023-09-25,Potato,Azadpur (Delhi),1319.33,1679.15,1499.24,2546.1
2023-09-26,Potato,Azadpur (Delhi),1308.87,1665.83,1487.35,2986.9
2023-09-27,Potato,Azadpur (Delhi),1333.51,1697.19,1515.35,531.7
2023-09-28,Potato,Azadpur (Delhi),1343.94,1710.46,1527.2,1940.1
2023-09-29,Potato,Azadpur (Delhi),1377.39,1753.05,1565.22,2339.6
2023-09-30,Potato,Azadpur (Delhi),1402.22,1784.64,1593.43,3275.8
2023-10-01,Potato,Azadpur (Delhi),1414.14,1799.82,1606.98,1377.6
2023-10-02,Potato,Azadpur (Delhi),1429.87,1819.83,1624.85,1859.6
2023-10-03,Potato,Azadpur (Delhi),1520.44,1935.1,1727.77,1992.1
2023-10-04,Potato,Azadpur (Delhi),1482.78,1887.18,1684.98,1644.4
2023-10-05,Potato,Azadpur (Delhi),1538.4,1957.96,1748.18,655.3
2023-10-06,Potato,Azadpur (Delhi),1600.46,2036.94,1818.7,2966.5
2023-10-07,Potato,Azadpur (Delhi),1568.9,1996.78,1782.84,1801.4
2023-10-08,Potato,Azadpur (Delhi),1584.44,2016.56,1800.5,1316.1
2023-10-09,Potato,Azadpur (Delhi),1568.13,1995.81,1781.97,3168.4
2023-10-10,Potato,Azadpur (Delhi),1601.83,2038.69,1820.26,1229.2
2023-10-11,Potato,Azadpur (Delhi),1603.17,2040.39,1821.78,2827.7
2023-10-12,Potato,Azadpur (Delhi),1570.0,1998.18,1784.09,2918.5
2023-10-13,Potato,Azadpur (Delhi),1483.11,1887.59,1685.35,2808.7
2023-10-14,Potato,Azadpur (Delhi),1393.01,1772.93,1582.97,2064.1
2023-10-15,Potato,Azadpur (Delhi),1459.36,1857.36,1658.36,2937.4
2023-10-16,Potato,Azadpur (Delhi),1485.31,1890.39,1687.85,2521.1
2023-10-17,Potato,Azadpur (Delhi),1490.26,1896.7,1693.48,3280.6
2023-10-18,Potato,Azadpur (Delhi),1464.8,1864.28,1664.54,2557.1
2023-10-19,Potato,Azadpur (Delhi),1473.52,1875.38,1674.45,1767.7
2023-10-20,Potato,Azadpur (Delhi),1472.35,1873.91,1673.13,3466.3
2023-10-21,Potato,Azadpur (Delhi),1446.27,1840.71,1643.49,951.0
2023-10-22,Potato,Azadpur (Delhi),1459.21,1857.17,1658.19,1102.8
2023-10-23,Potato,Azadpur (Delhi),1454.74,1851.48,1653.11,1019.0
2023-10-24,Potato,Azadpur (Delhi),1547.13,1969.07,1758.1,1469.9
2023-10-25,Potato,Azadpur (Delhi),1563.72,1990.18,1776.95,2089.9
2023-10-26,Potato,Azadpur (Delhi),1641.33,2088.97,1865.15,2851.3
2023-10-27,Potato,Azadpur (Delhi),1628.06,2072.08,1850.07,554.3
2023-10-28,Potato,Azadpur (Delhi),1577.86,2008.18,1793.02,2769.4
2023-10-29,Potato,Azadpur (Delhi),1580.4,2011.42,1795.91,3228.0
2023-10-30,Potato,Azadpur (Delhi),1518.0,1932.0,1725.0,421.7
2023-10-31,Potato,Azadpur (Delhi),1538.28,1957.82,1748.05,1586.3
2023-11-01,Potato,Azadpur (Delhi),1560.67,1986.31,1773.49,1648.2
2023-11-02,Potato,Azadpur (Delhi),1499.7,1908.72,1704.21,1931.8
2023-11-03,Potato,Azadpur (Delhi),1505.94,1916.66,1711.3,2824.6
2023-11-04,Potato,Azadpur (Delhi),1456.25,1853.41,1654.83,2174.8
2023-11-05,Potato,Azadpur (Delhi),1492.75,1899.87,1696.31,2417.6
2023-11-06,Potato,Azadpur (Delhi),1576.41,2006.33,1791.37,1126.8
2023-11-07,Potato,Azadpur (Delhi),1580.3,2011.28,1795.79,789.8
2023-11-08,Potato,Azadpur (Delhi),1660.9,2113.88,1887.39,3383.6
2023-11-09,Potato,Azadpur (Delhi),1691.18,2152.4,1921.79,1559.5
2023-11-10,Potato,Azadpur (Delhi),1737.96,2211.94,1974.95,2486.9
2023-11-11,Potato,Azadpur (Delhi),1740.73,2215.47,1978.1,613.6
2023-11-12,Potato,Azadpur (Delhi),1820.41,2316.89,2068.65,3065.4
2023-11-13,Potato,Azadpur (Delhi),1871.14,2381.44,2126.29,848.8
2023-11-14,Potato,Azadpur (Delhi),1878.14,2390.36,2134.25,2742.3
2023-11-15,Potato,Azadpur (Delhi),1849.68,2354.14,2101.91,3195.5
2023-11-16,Potato,Azadpur (Delhi),1919.65,2443.19,2181.42,1227.7
2023-11-17,Potato,Azadpur (Delhi),1837.26,2338.34,2087.8,930.4
2023-11-18,Potato,Azadpur (Delhi),1832.93,2332.81,2082.87,3436.1
2023-11-19,Potato,Azadpur (Delhi),1842.94,2345.56,2094.25,3305.1
2023-11-20,Potato,Azadpur (Delhi),1823.22,2320.46,2071.84,1821.5
2023-11-21,Potato,Azadpur (Delhi),1747.87,2224.57,1986.22,2168.0
2023-11-22,Potato,Azadpur (Delhi),1704.88,2169.84,1937.36,1722.1
2023-11-23,Potato,Azadpur (Delhi),1595.79,2031.01,1813.4,2930.7
2023-11-24,Potato,Azadpur (Delhi),1594.21,2028.99,1811.6,597.6
2023-11-25,Potato,Azadpur (Delhi),1575.04,2004.6,1789.82,3126.7
2023-11-26,Potato,Azadpur (Delhi),1593.87,2028.57,1811.22,2411.1
2023-11-27,Potato,Azadpur (Delhi),1678.75,2136.59,1907.67,2403.8
2023-11-28,Potato,Azadpur (Delhi),1653.53,2104.49,1879.01,2331.7
2023-11-29,Potato,Azadpur (Delhi),1608.97,2047.79,1828.38,1655.7
2023-11-30,Potato,Azadpur (Delhi),1479.56,1883.08,1681.32,3021.4
2023-12-01,Potato,Azadpur (Delhi),1486.22,1891.56,1688.89,2797.7
2023-12-02,Potato,Azadpur (Delhi),1544.06,1965.16,1754.61,2161.4
2023-12-03,Potato,Azadpur (Delhi),1558.57,1983.63,1771.1,480.8
2023-12-04,Potato,Azadpur (Delhi),1585.71,2018.17,1801.94,1136.8
2023-12-05,Potato,Azadpur (Delhi),1527.45,1944.03,1735.74,2710.8
2023-12-06,Potato,Azadpur (Delhi),1510.18,1922.04,1716.11,2267.1
2023-12-07,Potato,Azadpur (Delhi),1478.29,1881.45,1679.87,807.4
2023-12-08,Potato,Azadpur (Delhi),1452.26,1848.32,1650.29,2596.7
2023-12-09,Potato,Azadpur (Delhi),1461.43,1860.01,1660.72,1209.6
2023-12-10,Potato,Azadpur (Delhi),1535.09,1953.75,1744.42,1739.3
2023-12-11,Potato,Azadpur (Delhi),1526.3,1942.56,1734.43,1406.5
2023-12-12,Potato,Azadpur (Delhi),1558.54,1983.6,1771.07,2777.8
2023-12-13,Potato,Azadpur (Delhi),1539.02,1958.76,1748.89,2298.1
2023-12-14,Potato,Azadpur (Delhi),1586.32,2018.96,1802.64,2530.5
2023-12-15,Potato,Azadpur (Delhi),1550.83,1973.79,1762.31,856.7
2023-12-16,Potato,Azadpur (Delhi),1505.68,1916.32,1711.0,638.0
2023-12-17,Potato,Azadpur (Delhi),1562.0,1988.0,1775.0,809.3
2023-12-18,Potato,Azadpur (Delhi),1615.86,2056.56,1836.21,513.6
2023-12-19,Potato,Azadpur (Delhi),1661.9,2115.14,1888.52,1662.6
2023-12-20,Potato,Azadpur (Delhi),1675.24,2132.12,1903.68,430.9
2023-12-21,Potato,Azadpur (Delhi),1686.18,2146.04,1916.11,2802.4
2023-12-22,Potato,Azadpur (Delhi),1661.56,2114.72,1888.14,1766.6
2023-12-23,Potato,Azadpur (Delhi),1750.27,2227.61,1988.94,2111.9
2023-12-24,Potato,Azadpur (Delhi),1717.6,2186.04,1951.82,2597.2
2023-12-25,Potato,Azadpur (Delhi),1689.11,2149.77,1919.44,1944.7
2023-12-26,Potato,Azadpur (Delhi),1683.82,2143.04,1913.43,585.0
2023-12-27,Potato,Azadpur (Delhi),1675.85,2132.89,1904.37,1938.6
2023-12-28,Potato,Azadpur (Delhi),1743.09,2218.47,1980.78,1953.0
2023-12-29,Potato,Azadpur (Delhi),1743.24,2218.66,1980.95,752.6
2023-12-30,Potato,Azadpur (Delhi),1725.9,2196.6,1961.25,1090.6
2023-12-31,Potato,Azadpur (Delhi),1788.1,2275.76,2031.93,2816.3
2024-01-01,Potato,Azadpur (Delhi),1740.64,2215.36,1978.0,3011.2
2024-01-02,Potato,Azadpur (Delhi),1851.54,2356.5,2104.02,2536.0
2024-01-03,Potato,Azadpur (Delhi),1785.55,2272.51,2029.03,3059.6
2024-01-04,Potato,Azadpur (Delhi),1757.18,2236.42,1996.8,402.1
2024-01-05,Potato,Azadpur (Delhi),1748.54,2225.42,1986.98,3294.2
2024-01-06,Potato,Azadpur (Delhi),1692.59,2154.21,1923.4,1023.8
2024-01-07,Potato,Azadpur (Delhi),1743.79,2219.37,1981.58,1010.3
2024-01-08,Potato,Azadpur (Delhi),1779.69,2265.05,2022.37,3443.0
2024-01-09,Potato,Azadpur (Delhi),1785.66,2272.66,2029.16,834.2
2024-01-10,Potato,Azadpur (Delhi),1825.16,2322.92,2074.04,3064.5
2024-01-11,Potato,Azadpur (Delhi),1857.84,2364.52,2111.18,2119.3
2024-01-12,Potato,Azadpur (Delhi),1817.33,2312.97,2065.15,1753.4
2024-01-13,Potato,Azadpur (Delhi),1768.47,2250.77,2009.62,2758.2
2024-01-14,Potato,Azadpur (Delhi),1768.35,2250.63,2009.49,690.4
2024-01-15,Potato,Azadpur (Delhi),1775.35,2259.53,2017.44,1953.0
2024-01-16,Potato,Azadpur (Delhi),1681.34,2139.88,1910.61,2110.5
2024-01-17,Potato,Azadpur (Delhi),1686.04,2145.88,1915.96,952.0
2024-01-18,Potato,Azadpur (Delhi),1697.9,2160.96,1929.43,2604.1
2024-01-19,Potato,Azadpur (Delhi),1748.4,2225.24,1986.82,2533.9
2024-01-20,Potato,Azadpur (Delhi),1708.02,2173.84,1940.93,1443.7
2024-01-21,Potato,Azadpur (Delhi),1779.46,2264.76,2022.11,1320.2
2024-01-22,Potato,Azadpur (Delhi),1860.53,2367.95,2114.24,1818.2
2024-01-23,Potato,Azadpur (Delhi),1905.25,2424.87,2165.06,3340.1
2024-01-24,Potato,Azadpur (Delhi),1896.0,2413.1,2154.55,1601.9
2024-01-25,Potato,Azadpur (Delhi),1898.32,2416.04,2157.18,1932.6
2024-01-26,Potato,Azadpur (Delhi),1921.9,2446.06,2183.98,1839.1
2024-01-27,Potato,Azadpur (Delhi),1919.87,2443.47,2181.67,1125.6
2024-01-28,Potato,Azadpur (Delhi),1866.75,2375.87,2121.31,2965.1
2024-01-29,Potato,Azadpur (Delhi),1887.59,2402.39,2144.99,910.9
2024-01-30,Potato,Azadpur (Delhi),1849.99,2354.53,2102.26,2627.6
2024-01-31,Potato,Azadpur (Delhi),1872.92,2383.72,2128.32,3158.4
2024-02-01,Potato,Azadpur (Delhi),1900.63,2418.99,2159.81,2952.8
2024-02-02,Potato,Azadpur (Delhi),1908.7,2429.26,2168.98,1973.4
2024-02-03,Potato,Azadpur (Delhi),1831.59,2331.11,2081.35,1315.5
2024-02-04,Potato,Azadpur (Delhi),1795.29,2284.91,2040.1,3051.0
2024-02-05,Potato,Azadpur (Delhi),1793.94,2283.2,2038.57,3327.3
2024-02-06,Potato,Azadpur (Delhi),1742.87,2218.19,1980.53,454.4
2024-02-07,Potato,Azadpur (Delhi),1830.21,2329.35,2079.78,2342.2
2024-02-08,Potato,Azadpur (Delhi),1867.76,2377.14,2122.45,3363.8
2024-02-09,Potato,Azadpur (Delhi),1887.68,2402.5,2145.09,688.3
2024-02-10,Potato,Azadpur (Delhi),1883.31,2396.95,2140.13,1681.4
2024-02-11,Potato,Azadpur (Delhi),1800.84,2291.98,2046.41,1892.5
2024-02-12,Potato,Azadpur (Delhi),1763.82,2244.86,2004.34,1931.6
2024-02-13,Potato,Azadpur (Delhi),1694.89,2157.13,1926.01,913.8
2024-02-14,Potato,Azadpur (Delhi),1689.81,2150.67,1920.24,918.4
2024-02-15,Potato,Azadpur (Delhi),1721.49,2190.99,1956.24,851.6
2024-02-16,Potato,Azadpur (Delhi),1753.31,2231.49,1992.4,1345.8
2024-02-17,Potato,Azadpur (Delhi),1817.05,2312.61,2064.83,1056.5
2024-02-18,Potato,Azadpur (Delhi),1794.92,2284.44,2039.68,2508.6
2024-02-19,Potato,Azadpur (Delhi),1865.94,2374.84,2120.39,1908.9
2024-02-20,Potato,Azadpur (Delhi),1847.25,2351.05,2099.15,1262.3
2024-02-21,Potato,Azadpur (Delhi),1827.32,2325.68,2076.5,2846.0
2024-02-22,Potato,Azadpur (Delhi),1778.66,2263.76,2021.21,2172.6
2024-02-23,Potato,Azadpur (Delhi),1790.42,2278.72,2034.57,2528.9
2024-02-24,Potato,Azadpur (Delhi),1770.57,2253.45,2012.01,2308.5
2024-02-25,Potato,Azadpur (Delhi),1754.72,2233.28,1994.0,3312.6
2024-02-26,Potato,Azadpur (Delhi),1699.5,2163.0,1931.25,446.7
2024-02-27,Potato,Azadpur (Delhi),1650.48,2100.6,1875.54,3201.6
2024-02-28,Potato,Azadpur (Delhi),1704.41,2169.25,1936.83,2203.1
2024-02-29,Potato,Azadpur (Delhi),1765.9,2247.52,2006.71,1568.1
2024-03-01,Potato,Azadpur (Delhi),1679.0,2136.92,1907.96,923.5
2024-03-02,Potato,Azadpur (Delhi),1637.6,2084.22,1860.91,3292.8
2024-03-03,Potato,Azadpur (Delhi),1623.71,2066.55,1845.13,3177.6
2024-03-04,Potato,Azadpur (Delhi),1628.75,2072.95,1850.85,3139.1
2024-03-05,Potato,Azadpur (Delhi),1653.85,2104.91,1879.38,3181.1
2024-03-06,Potato,Azadpur (Delhi),1561.6,1987.48,1774.54,1138.3
2024-03-07,Potato,Azadpur (Delhi),1562.48,1988.6,1775.54,1056.9
2024-03-08,Potato,Azadpur (Delhi),1617.69,2058.87,1838.28,1228.2
2024-03-09,Potato,Azadpur (Delhi),1651.25,2101.59,1876.42,829.3
2024-03-10,Potato,Azadpur (Delhi),1674.81,2131.57,1903.19,3352.3
2024-03-11,Potato,Azadpur (Delhi),1643.31,2091.49,1867.4,662.1
2024-03-12,Potato,Azadpur (Delhi),1587.63,2020.61,1804.12,1737.8
2024-03-13,Potato,Azadpur (Delhi),1596.49,2031.89,1814.19,1842.6
2024-03-14,Potato,Azadpur (Delhi),1584.86,2017.1,1800.98,2068.4
2024-03-15,Potato,Azadpur (Delhi),1576.78,2006.82,1791.8,840.1
2024-03-16,Potato,Azadpur (Delhi),1575.03,2004.59,1789.81,2747.4
2024-03-17,Potato,Azadpur (Delhi),1557.15,1981.83,1769.49,1094.2
2024-03-18,Potato,Azadpur (Delhi),1723.94,2194.1,1959.02,3468.7
2024-03-19,Potato,Azadpur (Delhi),1651.48,2101.88,1876.68,2389.4
2024-03-20,Potato,Azadpur (Delhi),1612.45,2052.21,1832.33,2597.8
2024-03-21,Potato,Azadpur (Delhi),1610.93,2050.27,1830.6,1846.7
2024-03-22,Potato,Azadpur (Delhi),1570.09,1998.29,1784.19,1027.4
2024-03-23,Potato,Azadpur (Delhi),1464.87,1864.39,1664.63,2871.7
2024-03-24,Potato,Azadpur (Delhi),1461.33,1859.87,1660.6,435.5
2024-03-25,Potato,Azadpur (Delhi),1465.83,1865.61,1665.72,2357.9
2024-03-26,Potato,Azadpur (Delhi),1447.38,1842.12,1644.75,3313.7
2024-03-27,Potato,Azadpur (Delhi),1447.01,1841.65,1644.33,2071.9
2024-03-28,Potato,Azadpur (Delhi),1438.67,1831.03,1634.85,1260.1
2024-03-29,Potato,Azadpur (Delhi),1448.73,1843.83,1646.28,2676.6
2024-03-30,Potato,Azadpur (Delhi),1478.87,1882.19,1680.53,605.6
2024-03-31,Potato,Azadpur (Delhi),1503.25,1913.23,1708.24,2138.4
2024-04-01,Potato,Azadpur (Delhi),1483.08,1887.56,1685.32,2600.8
2024-04-02,Potato,Azadpur (Delhi),1454.86,1851.64,1653.25,1247.0
2024-04-03,Potato,Azadpur (Delhi),1502.36,1912.1,1707.23,3412.5
2024-04-04,Potato,Azadpur (Delhi),1495.26,1903.06,1699.16,2268.5
2024-04-05,Potato,Azadpur (Delhi),1452.64,1848.82,1650.73,1310.8
2024-04-06,Potato,Azadpur (Delhi),1414.49,1800.27,1607.38,2421.2
2024-04-07,Potato,Azadpur (Delhi),1385.75,1763.69,1574.72,1981.3
2024-04-08,Potato,Azadpur (Delhi),1383.48,1760.8,1572.14,2416.9
2024-04-09,Potato,Azadpur (Delhi),1343.5,1709.92,1526.71,2657.9
2024-04-10,Potato,Azadpur (Delhi),1313.21,1671.35,1492.28,539.7
2024-04-11,Potato,Azadpur (Delhi),1332.65,1696.11,1514.38,1653.5
2024-04-12,Potato,Azadpur (Delhi),1285.44,1636.02,1460.73,1241.3
2024-04-13,Potato,Azadpur (Delhi),1289.9,1641.68,1465.79,2976.3
2024-04-14,Potato,Azadpur (Delhi),1272.66,1619.74,1446.2,3117.4
2024-04-15,Potato,Azadpur (Delhi),1269.77,1616.07,1442.92,1171.7
2024-04-16,Potato,Azadpur (Delhi),1194.92,1520.8,1357.86,2332.9
2024-04-17,Potato,Azadpur (Delhi),1166.2,1484.26,1325.23,2635.2
2024-04-18,Potato,Azadpur (Delhi),1145.65,1458.09,1301.87,3115.4
2024-04-19,Potato,Azadpur (Delhi),1187.45,1511.31,1349.38,2083.7
2024-04-20,Potato,Azadpur (Delhi),1212.3,1542.92,1377.61,844.2
2024-04-21,Potato,Azadpur (Delhi),1203.54,1531.78,1367.66,1754.0
2024-04-22,Potato,Azadpur (Delhi),1159.36,1475.56,1317.46,1205.0
2024-04-23,Potato,Azadpur (Delhi),1143.2,1454.98,1299.09,2813.8
2024-04-24,Potato,Azadpur (Delhi),1137.09,1447.21,1292.15,2949.7
2024-04-25,Potato,Azadpur (Delhi),1134.4,1443.78,1289.09,2999.1
2024-04-26,Potato,Azadpur (Delhi),1099.21,1398.99,1249.1,2030.3
2024-04-27,Potato,Azadpur (Delhi),1112.69,1416.15,1264.42,697.8
2024-04-28,Potato,Azadpur (Delhi),1164.83,1482.51,1323.67,2210.1
2024-04-29,Potato,Azadpur (Delhi),1140.34,1451.34,1295.84,1287.4
2024-04-30,Potato,Azadpur (Delhi),1124.0,1430.54,1277.27,2437.2
2024-05-01,Potato,Azadpur (Delhi),1090.85,1388.35,1239.6,1907.5
2024-05-02,Potato,Azadpur (Delhi),1086.74,1383.12,1234.93,1850.4
2024-05-03,Potato,Azadpur (Delhi),1045.51,1330.65,1188.08,3126.4
2024-05-04,Potato,Azadpur (Delhi),1043.6,1328.22,1185.91,2345.9
2024-05-05,Potato,Azadpur (Delhi),1053.77,1341.17,1197.47,1949.5
2024-05-06,Potato,Azadpur (Delhi),1071.88,1364.2,1218.04,2245.5
2024-05-07,Potato,Azadpur (Delhi),1091.75,1389.49,1240.62,1009.4
2024-05-08,Potato,Azadpur (Delhi),1107.71,1409.81,1258.76,3056.9
2024-05-09,Potato,Azadpur (Delhi),1086.96,1383.4,1235.18,2802.9
2024-05-10,Potato,Azadpur (Delhi),1068.49,1359.89,1214.19,2594.1
2024-05-11,Potato,Azadpur (Delhi),1053.6,1340.94,1197.27,499.6
2024-05-12,Potato,Azadpur (Delhi),1082.36,1377.56,1229.96,1594.6
2024-05-13,Potato,Azadpur (Delhi),1135.78,1445.54,1290.66,1430.9
2024-05-14,Potato,Azadpur (Delhi),1126.8,1434.12,1280.46,2387.5
2024-05-15,Potato,Azadpur (Delhi),1159.34,1475.52,1317.43,3082.2
2024-05-16,Potato,Azadpur (Delhi),1186.69,1510.33,1348.51,796.1
2024-05-17,Potato,Azadpur (Delhi),1143.15,1454.91,1299.03,3451.5
2024-05-18,Potato,Azadpur (Delhi),1158.24,1474.12,1316.18,1004.2
2024-05-19,Potato,Azadpur (Delhi),1225.42,1559.62,1392.52,3425.1
2024-05-20,Potato,Azadpur (Delhi),1233.87,1570.39,1402.13,2072.1
2024-05-21,Potato,Azadpur (Delhi),1189.83,1514.33,1352.08,1063.9
2024-05-22,Potato,Azadpur (Delhi),1226.69,1561.25,1393.97,3289.7
2024-05-23,Potato,Azadpur (Delhi),1173.54,1493.6,1333.57,2726.5
2024-05-24,Potato,Azadpur (Delhi),1131.17,1439.67,1285.42,2643.0
2024-05-25,Potato,Azadpur (Delhi),1120.45,1426.03,1273.24,1938.6
2024-05-26,Potato,Azadpur (Delhi),1116.19,1420.61,1268.4,587.5
2024-05-27,Potato,Azadpur (Delhi),1107.43,1409.45,1258.44,491.7
2024-05-28,Potato,Azadpur (Delhi),1086.99,1383.45,1235.22,3463.7
2024-05-29,Potato,Azadpur (Delhi),1051.54,1338.32,1194.93,714.0
2024-05-30,Potato,Azadpur (Delhi),1088.78,1385.72,1237.25,3141.1
2024-05-31,Potato,Azadpur (Delhi),1075.57,1368.91,1222.24,2982.2
2024-06-01,Potato,Azadpur (Delhi),1091.38,1389.02,1240.2,2880.7
2024-06-02,Potato,Azadpur (Delhi),1131.72,1440.36,1286.04,2312.0
2024-06-03,Potato,Azadpur (Delhi),1103.4,1404.32,1253.86,2241.2
2024-06-04,Potato,Azadpur (Delhi),1084.32,1380.04,1232.18,1197.7
2024-06-05,Potato,Azadpur (Delhi),1103.59,1404.57,1254.08,2309.3
2024-06-06,Potato,Azadpur (Delhi),1101.58,1402.0,1251.79,2738.6
2024-06-07,Potato,Azadpur (Delhi),1126.43,1433.63,1280.03,3460.3
2024-06-08,Potato,Azadpur (Delhi),1141.2,1452.44,1296.82,1995.4
2024-06-09,Potato,Azadpur (Delhi),1125.46,1432.4,1278.93,2467.4
2024-06-10,Potato,Azadpur (Delhi),1149.65,1463.19,1306.42,1742.6
2024-06-11,Potato,Azadpur (Delhi),1198.86,1525.82,1362.34,1994.3
2024-06-12,Potato,Azadpur (Delhi),1140.41,1451.43,1295.92,3379.1
2024-06-13,Potato,Azadpur (Delhi),1187.94,1511.92,1349.93,1295.8
2024-06-14,Potato,Azadpur (Delhi),1186.5,1510.1,1348.3,1881.3
2024-06-15,Potato,Azadpur (Delhi),1218.76,1551.16,1384.96,2201.4
2024-06-16,Potato,Azadpur (Delhi),1213.85,1544.89,1379.37,2464.2
2024-06-17,Potato,Azadpur (Delhi),1243.25,1582.31,1412.78,2779.2
2024-06-18,Potato,Azadpur (Delhi),1178.03,1499.31,1338.67,1629.2
2024-06-19,Potato,Azadpur (Delhi),1182.58,1505.1,1343.84,831.5
2024-06-20,Potato,Azadpur (Delhi),1215.7,1547.26,1381.48,1161.2
2024-06-21,Potato,Azadpur (Delhi),1212.47,1543.15,1377.81,973.5
2024-06-22,Potato,Azadpur (Delhi),1203.24,1531.4,1367.32,2583.8
2024-06-23,Potato,Azadpur (Delhi),1189.91,1514.43,1352.17,3243.3
2024-06-24,Potato,Azadpur (Delhi),1177.88,1499.12,1338.5,457.8
2024-06-25,Potato,Azadpur (Delhi),1189.84,1514.34,1352.09,2271.0
2024-06-26,Potato,Azadpur (Delhi),1160.39,1476.87,1318.63,2478.2
2024-06-27,Potato,Azadpur (Delhi),1169.52,1488.48,1329.0,2638.0
2024-06-28,Potato,Azadpur (Delhi),1173.57,1493.63,1333.6,3197.6
2024-06-29,Potato,Azadpur (Delhi),1192.73,1518.01,1355.37,1498.4
2024-06-30,Potato,Azadpur (Delhi),1208.44,1538.02,1373.23,1236.4
2024-07-01,Potato,Azadpur (Delhi),1145.57,1457.99,1301.78,3025.6
2024-07-02,Potato,Azadpur (Delhi),1113.95,1417.75,1265.85,1447.2
2024-07-03,Potato,Azadpur (Delhi),1085.2,1381.16,1233.18,863.4
2024-07-04,Potato,Azadpur (Delhi),1045.29,1330.37,1187.83,1305.5
2024-07-05,Potato,Azadpur (Delhi),1030.08,1311.02,1170.55,1271.8
2024-07-06,Potato,Azadpur (Delhi),997.69,1269.79,1133.74,2276.7
2024-07-07,Potato,Azadpur (Delhi),996.65,1268.47,1132.56,3459.3
2024-07-08,Potato,Azadpur (Delhi),973.13,1238.53,1105.83,961.1
2024-07-09,Potato,Azadpur (Delhi),964.67,1227.77,1096.22,2014.2
2024-07-10,Potato,Azadpur (Delhi),957.7,1218.88,1088.29,638.6
2024-07-11,Potato,Azadpur (Delhi),961.3,1223.48,1092.39,2228.1
2024-07-12,Potato,Azadpur (Delhi),961.66,1223.92,1092.79,2552.4
2024-07-13,Potato,Azadpur (Delhi),931.22,1185.18,1058.2,1294.7
2024-07-14,Potato,Azadpur (Delhi),949.58,1208.56,1079.07,770.8
2024-07-15,Potato,Azadpur (Delhi),935.77,1190.99,1063.38,2995.6
2024-07-16,Potato,Azadpur (Delhi),912.55,1161.43,1036.99,1975.8
2024-07-17,Potato,Azadpur (Delhi),945.44,1203.28,1074.36,2300.0
2024-07-18,Potato,Azadpur (Delhi),910.51,1158.83,1034.67,1674.9
2024-07-19,Potato,Azadpur (Delhi),924.96,1177.22,1051.09,1793.5
2024-07-20,Potato,Azadpur (Delhi),950.51,1209.75,1080.13,690.5
2024-07-21,Potato,Azadpur (Delhi),971.44,1236.38,1103.91,2858.3
2024-07-22,Potato,Azadpur (Delhi),917.88,1168.22,1043.05,2251.7
2024-07-23,Potato,Azadpur (Delhi),931.17,1185.13,1058.15,3281.1
2024-07-24,Potato,Azadpur (Delhi),931.34,1185.34,1058.34,635.9
2024-07-25,Potato,Azadpur (Delhi),975.83,1241.97,1108.9,2803.5
2024-07-26,Potato,Azadpur (Delhi),973.48,1238.98,1106.23,1143.0
2024-07-27,Potato,Azadpur (Delhi),997.52,1269.58,1133.55,1807.4
2024-07-28,Potato,Azadpur (Delhi),973.31,1238.75,1106.03,3292.3
2024-07-29,Potato,Azadpur (Delhi),1026.49,1306.45,1166.47,631.1
2024-07-30,Potato,Azadpur (Delhi),1032.45,1314.03,1173.24,3337.3
2024-07-31,Potato,Azadpur (Delhi),1033.67,1315.59,1174.63,716.0
2024-08-01,Potato,Azadpur (Delhi),1019.37,1297.37,1158.37,3053.4
2024-08-02,Potato,Azadpur (Delhi),1019.93,1298.09,1159.01,1139.0
2024-08-03,Potato,Azadpur (Delhi),1016.77,1294.07,1155.42,1401.6
2024-08-04,Potato,Azadpur (Delhi),1006.32,1280.76,1143.54,2428.1
2024-08-05,Potato,Azadpur (Delhi),1018.02,1295.66,1156.84,1446.0
2024-08-06,Potato,Azadpur (Delhi),1001.68,1274.86,1138.27,1848.5
2024-08-07,Potato,Azadpur (Delhi),984.29,1252.73,1118.51,620.4
2024-08-08,Potato,Azadpur (Delhi),952.71,1212.55,1082.63,3265.8
2024-08-09,Potato,Azadpur (Delhi),983.66,1251.94,1117.8,1077.5
2024-08-10,Potato,Azadpur (Delhi),1004.92,1278.98,1141.95,2519.1
2024-08-11,Potato,Azadpur (Delhi),961.59,1223.85,1092.72,1168.7
2024-08-12,Potato,Azadpur (Delhi),972.72,1238.0,1105.36,2917.7
2024-08-13,Potato,Azadpur (Delhi),988.34,1257.88,1123.11,1021.8
2024-08-14,Potato,Azadpur (Delhi),984.17,1252.59,1118.38,3342.4
2024-08-15,Potato,Azadpur (Delhi),974.89,1240.77,1107.83,1225.9
2024-08-16,Potato,Azadpur (Delhi),986.65,1255.73,1121.19,3381.2
2024-08-17,Potato,Azadpur (Delhi),973.92,1239.54,1106.73,3458.1
2024-08-18,Potato,Azadpur (Delhi),1010.42,1286.0,1148.21,2113.1
2024-08-19,Potato,Azadpur (Delhi),1034.26,1316.32,1175.29,2663.3
2024-08-20,Potato,Azadpur (Delhi),1063.01,1352.93,1207.97,1419.5
2024-08-21,Potato,Azadpur (Delhi),1045.65,1330.83,1188.24,3386.3
2024-08-22,Potato,Azadpur (Delhi),1017.3,1294.74,1156.02,1372.7
2024-08-23,Potato,Azadpur (Delhi),1021.97,1300.69,1161.33,751.2
2024-08-24,Potato,Azadpur (Delhi),1015.54,1292.5,1154.02,554.3
2024-08-25,Potato,Azadpur (Delhi),1016.33,1293.51,1154.92,842.3
2024-08-26,Potato,Azadpur (Delhi),1048.62,1334.6,1191.61,2583.9
2024-08-27,Potato,Azadpur (Delhi),1030.78,1311.9,1171.34,1320.6
2024-08-28,Potato,Azadpur (Delhi),1082.45,1377.67,1230.06,521.1
2024-08-29,Potato,Azadpur (Delhi),1098.61,1398.23,1248.42,2468.5
2024-08-30,Potato,Azadpur (Delhi),1100.11,1400.15,1250.13,1794.5
2024-08-31,Potato,Azadpur (Delhi),1100.18,1400.24,1250.21,1440.2
2024-09-01,Potato,Azadpur (Delhi),1124.78,1431.54,1278.16,1612.6
2024-09-02,Potato,Azadpur (Delhi),1121.74,1427.66,1274.7,3266.8
2024-09-03,Potato,Azadpur (Delhi),1122.22,1428.28,1275.25,1563.3
2024-09-04,Potato,Azadpur (Delhi),1121.01,1426.75,1273.88,2643.3
2024-09-05,Potato,Azadpur (Delhi),1120.42,1426.0,1273.21,1751.4
2024-09-06,Potato,Azadpur (Delhi),1117.28,1422.0,1269.64,3213.1
2024-09-07,Potato,Azadpur (Delhi),1151.37,1465.37,1308.37,1323.0
2024-09-08,Potato,Azadpur (Delhi),1129.96,1438.14,1284.05,1656.1
2024-09-09,Potato,Azadpur (Delhi),1161.34,1478.06,1319.7,2078.9
2024-09-10,Potato,Azadpur (Delhi),1166.54,1484.68,1325.61,2619.2
2024-09-11,Potato,Azadpur (Delhi),1250.05,1590.97,1420.51,3293.6
2024-09-12,Potato,Azadpur (Delhi),1242.53,1581.41,1411.97,1467.7
2024-09-13,Potato,Azadpur (Delhi),1196.24,1522.48,1359.36,3126.5
2024-09-14,Potato,Azadpur (Delhi),1176.29,1497.09,1336.69,913.6
2024-09-15,Potato,Azadpur (Delhi),1193.22,1518.64,1355.93,2946.1
2024-09-16,Potato,Azadpur (Delhi),1143.52,1455.38,1299.45,3298.5
2024-09-17,Potato,Azadpur (Delhi),1102.65,1403.37,1253.01,1887.4
2024-09-18,Potato,Azadpur (Delhi),1074.1,1367.04,1220.57,2495.3
2024-09-19,Potato,Azadpur (Delhi),1119.92,1425.36,1272.64,2712.6
2024-09-20,Potato,Azadpur (Delhi),1152.67,1467.03,1309.85,3481.0
2024-09-21,Potato,Azadpur (Delhi),1201.5,1529.18,1365.34,1466.2
2024-09-22,Potato,Azadpur (Delhi),1200.67,1528.13,1364.4,860.4
2024-09-23,Potato,Azadpur (Delhi),1161.86,1478.72,1320.29,1630.9
2024-09-24,Potato,Azadpur (Delhi),1193.71,1519.27,1356.49,1488.5
2024-09-25,Potato,Azadpur (Delhi),1203.81,1532.13,1367.97,612.5
2024-09-26,Potato,Azadpur (Delhi),1207.08,1536.28,1371.68,1134.1
2024-09-27,Potato,Azadpur (Delhi),1199.49,1526.63,1363.06,490.5
2024-09-28,Potato,Azadpur (Delhi),1219.3,1551.84,1385.57,2107.0
2024-09-29,Potato,Azadpur (Delhi),1213.77,1544.79,1379.28,783.6
2024-09-30,Potato,Azadpur (Delhi),1193.3,1518.74,1356.02,1251.0
2024-10-01,Potato,Azadpur (Delhi),1195.62,1521.7,1358.66,2107.0
2024-10-02,Potato,Azadpur (Delhi),1229.58,1564.92,1397.25,2135.6
2024-10-03,Potato,Azadpur (Delhi),1258.61,1601.87,1430.24,487.1
2024-10-04,Potato,Azadpur (Delhi),1318.28,1677.82,1498.05,2400.5
2024-10-05,Potato,Azadpur (Delhi),1393.39,1773.41,1583.4,3416.9
2024-10-06,Potato,Azadpur (Delhi),1382.33,1759.33,1570.83,1340.8
2024-10-07,Potato,Azadpur (Delhi),1390.12,1769.24,1579.68,2698.5
2024-10-08,Potato,Azadpur (Delhi),1451.96,1847.96,1649.96,949.5
2024-10-09,Potato,Azadpur (Delhi),1419.01,1806.01,1612.51,2636.2
2024-10-10,Potato,Azadpur (Delhi),1456.99,1854.35,1655.67,1623.1
2024-10-11,Potato,Azadpur (Delhi),1448.86,1844.0,1646.43,1126.6
2024-10-12,Potato,Azadpur (Delhi),1493.7,1901.08,1697.39,2040.1
2024-10-13,Potato,Azadpur (Delhi),1495.05,1902.79,1698.92,1239.2
2024-10-14,Potato,Azadpur (Delhi),1520.15,1934.73,1727.44,2366.5
2024-10-15,Potato,Azadpur (Delhi),1576.68,2006.68,1791.68,3318.6
2024-10-16,Potato,Azadpur (Delhi),1635.63,2081.71,1858.67,1321.5
2024-10-17,Potato,Azadpur (Delhi),1679.16,2137.12,1908.14,2964.3
2024-10-18,Potato,Azadpur (Delhi),1655.48,2106.98,1881.23,3200.1
2024-10-19,Potato,Azadpur (Delhi),1720.84,2190.16,1955.5,1679.7
2024-10-20,Potato,Azadpur (Delhi),1698.26,2161.42,1929.84,2324.1
2024-10-21,Potato,Azadpur (Delhi),1779.02,2264.2,2021.61,3314.8
2024-10-22,Potato,Azadpur (Delhi),1772.86,2256.36,2014.61,2871.8
2024-10-23,Potato,Azadpur (Delhi),1881.21,2394.27,2137.74,1666.5
2024-10-24,Potato,Azadpur (Delhi),1955.31,2488.57,2221.94,1818.8
2024-10-25,Potato,Azadpur (Delhi),1916.82,2439.6,2178.21,671.3
2024-10-26,Potato,Azadpur (Delhi),1922.47,2446.79,2184.63,3155.6
2024-10-27,Potato,Azadpur (Delhi),1805.99,2298.53,2052.26,751.9
2024-10-28,Potato,Azadpur (Delhi),1795.61,2285.33,2040.47,1802.5
2024-10-29,Potato,Azadpur (Delhi),1778.15,2263.11,2020.63,3300.6
2024-10-30,Potato,Azadpur (Delhi),1869.88,2379.84,2124.86,2350.9
2024-10-31,Potato,Azadpur (Delhi),1903.34,2422.44,2162.89,881.1
2024-11-01,Potato,Azadpur (Delhi),1996.84,2541.44,2269.14,2606.4
2024-11-02,Potato,Azadpur (Delhi),1937.06,2465.36,2201.21,3193.4
2024-11-03,Potato,Azadpur (Delhi),1887.21,2401.91,2144.56,956.3
2024-11-04,Potato,Azadpur (Delhi),1958.81,2493.03,2225.92,2674.5
2024-11-05,Potato,Azadpur (Delhi),1936.79,2465.01,2200.9,2856.9
2024-11-06,Potato,Azadpur (Delhi),1886.07,2400.45,2143.26,724.4
2024-11-07,Potato,Azadpur (Delhi),1914.18,2436.22,2175.2,477.4
2024-11-08,Potato,Azadpur (Delhi),2030.51,2584.29,2307.4,1278.7
2024-11-09,Potato,Azadpur (Delhi),2141.92,2726.08,2434.0,2217.4
2024-11-10,Potato,Azadpur (Delhi),2060.34,2622.24,2341.29,1861.3
2024-11-11,Potato,Azadpur (Delhi),1966.45,2502.75,2234.6,2075.4
2024-11-12,Potato,Azadpur (Delhi),1967.27,2503.79,2235.53,2085.0
2024-11-13,Potato,Azadpur (Delhi),1893.51,2409.93,2151.72,2816.3
2024-11-14,Potato,Azadpur (Delhi),1924.67,2449.59,2187.13,1822.5
2024-11-15,Potato,Azadpur (Delhi),1966.76,2503.14,2234.95,2985.8
2024-11-16,Potato,Azadpur (Delhi),1993.58,2537.28,2265.43,2067.6
2024-11-17,Potato,Azadpur (Delhi),1981.29,2521.65,2251.47,554.8
2024-11-18,Potato,Azadpur (Delhi),1890.25,2405.77,2148.01,2630.0
2024-11-19,Potato,Azadpur (Delhi),1922.13,2446.35,2184.24,1397.5
2024-11-20,Potato,Azadpur (Delhi),1910.24,2431.22,2170.73,450.9
2024-11-21,Potato,Azadpur (Delhi),1934.38,2461.94,2198.16,3079.8
2024-11-22,Potato,Azadpur (Delhi),2072.17,2637.31,2354.74,816.1
2024-11-23,Potato,Azadpur (Delhi),2151.9,2738.78,2445.34,2393.6
2024-11-24,Potato,Azadpur (Delhi),2173.12,2765.78,2469.45,1414.0
2024-11-25,Potato,Azadpur (Delhi),2163.04,2752.96,2458.0,1937.9
2024-11-26,Potato,Azadpur (Delhi),2230.03,2838.23,2534.13,943.5
2024-11-27,Potato,Azadpur (Delhi),2280.17,2902.03,2591.1,3238.7
2024-11-28,Potato,Azadpur (Delhi),2306.8,2935.92,2621.36,1870.8
2024-11-29,Potato,Azadpur (Delhi),2229.54,2837.6,2533.57,3193.0
2024-11-30,Potato,Azadpur (Delhi),2155.72,2743.64,2449.68,1777.2
2024-12-01,Potato,Azadpur (Delhi),2113.34,2689.7,2401.52,1912.3
2024-12-02,Potato,Azadpur (Delhi),1998.87,2544.01,2271.44,977.4
2024-12-03,Potato,Azadpur (Delhi),1983.97,2525.05,2254.51,2012.4
2024-12-04,Potato,Azadpur (Delhi),1975.98,2514.88,2245.43,1226.5
2024-12-05,Potato,Azadpur (Delhi),1998.08,2543.02,2270.55,1564.6
2024-12-06,Potato,Azadpur (Delhi),1964.6,2500.4,2232.5,3096.3
2024-12-07,Potato,Azadpur (Delhi),1966.47,2502.79,2234.63,1834.3
2024-12-08,Potato,Azadpur (Delhi),2068.79,2633.01,2350.9,432.8
2024-12-09,Potato,Azadpur (Delhi),2042.12,2599.06,2320.59,739.2
2024-12-10,Potato,Azadpur (Delhi),2152.8,2739.92,2446.36,2096.2
2024-12-11,Potato,Azadpur (Delhi),2206.43,2808.19,2507.31,1193.5
2024-12-12,Potato,Azadpur (Delhi),2273.77,2893.89,2583.83,1840.7
2024-12-13,Potato,Azadpur (Delhi),2329.98,2965.44,2647.71,2736.8
2024-12-14,Potato,Azadpur (Delhi),2329.18,2964.42,2646.8,3178.1
2024-12-15,Potato,Azadpur (Delhi),2252.98,2867.44,2560.21,3220.6
2024-12-16,Potato,Azadpur (Delhi),2325.51,2959.75,2642.63,457.9
2024-12-17,Potato,Azadpur (Delhi),2327.16,2961.84,2644.5,1119.2
2024-12-18,Potato,Azadpur (Delhi),2311.67,2942.13,2626.9,1152.9
2024-12-19,Potato,Azadpur (Delhi),2291.54,2916.5,2604.02,2854.7
2024-12-20,Potato,Azadpur (Delhi),2267.49,2885.89,2576.69,2456.3
2024-12-21,Potato,Azadpur (Delhi),2217.48,2822.24,2519.86,2864.6
2024-12-22,Potato,Azadpur (Delhi),2242.68,2854.32,2548.5,2133.2
2024-12-23,Potato,Azadpur (Delhi),2196.08,2795.0,2495.54,1341.2
2024-12-24,Potato,Azadpur (Delhi),2080.06,2647.36,2363.71,2047.8
2024-12-25,Potato,Azadpur (Delhi),1975.61,2514.41,2245.01,1571.7
2024-12-26,Potato,Azadpur (Delhi),2017.46,2567.68,2292.57,3497.4
2024-12-27,Potato,Azadpur (Delhi),1989.74,2532.4,2261.07,727.7
2024-12-28,Potato,Azadpur (Delhi),2003.84,2550.34,2277.09,926.1
2024-12-29,Potato,Azadpur (Delhi),1992.42,2535.8,2264.11,1178.0
2024-12-30,Potato,Azadpur (Delhi),2023.54,2575.42,2299.48,3423.1
2024-12-31,Potato,Azadpur (Delhi),1936.34,2464.44,2200.39,927.5
2025-01-01,Potato,Azadpur (Delhi),1903.35,2422.45,2162.9,410.7
2025-01-02,Potato,Azadpur (Delhi),1915.81,2438.31,2177.06,1275.8
2025-01-03,Potato,Azadpur (Delhi),1932.82,2459.96,2196.39,3035.2
2025-01-04,Potato,Azadpur (Delhi),1832.8,2332.66,2082.73,3154.0
2025-01-05,Potato,Azadpur (Delhi),1750.11,2227.41,1988.76,1639.7
2025-01-06,Potato,Azadpur (Delhi),1684.06,2143.34,1913.7,1573.5
2025-01-07,Potato,Azadpur (Delhi),1684.17,2143.49,1913.83,786.8
2025-01-08,Potato,Azadpur (Delhi),1702.54,2166.88,1934.71,1892.3
2025-01-09,Potato,Azadpur (Delhi),1718.19,2186.79,1952.49,2976.5
2025-01-10,Potato,Azadpur (Delhi),1770.66,2253.56,2012.11,1851.0
2025-01-11,Potato,Azadpur (Delhi),1769.26,2251.78,2010.52,3487.2
2025-01-12,Potato,Azadpur (Delhi),1668.14,2123.08,1895.61,1602.9
2025-01-13,Potato,Azadpur (Delhi),1602.55,2039.61,1821.08,3117.3
2025-01-14,Potato,Azadpur (Delhi),1700.83,2164.69,1932.76,742.6
2025-01-15,Potato,Azadpur (Delhi),1727.55,2198.71,1963.13,766.6
2025-01-16,Potato,Azadpur (Delhi),1707.33,2172.97,1940.15,3403.6
2025-01-17,Potato,Azadpur (Delhi),1760.88,2241.12,2001.0,1782.6
2025-01-18,Potato,Azadpur (Delhi),1776.85,2261.45,2019.15,962.9
2025-01-19,Potato,Azadpur (Delhi),1737.03,2210.77,1973.9,3027.2
2025-01-20,Potato,Azadpur (Delhi),1637.94,2084.66,1861.3,945.3
2025-01-21,Potato,Azadpur (Delhi),1681.14,2139.64,1910.39,775.6
2025-01-22,Potato,Azadpur (Delhi),1662.02,2115.3,1888.66,2414.1
2025-01-23,Potato,Azadpur (Delhi),1673.09,2129.39,1901.24,3155.0
2025-01-24,Potato,Azadpur (Delhi),1705.26,2170.34,1937.8,3402.3
2025-01-25,Potato,Azadpur (Delhi),1736.42,2209.98,1973.2,3416.4
2025-01-26,Potato,Azadpur (Delhi),1786.68,2273.96,2030.32,2866.5
2025-01-27,Potato,Azadpur (Delhi),1757.95,2237.39,1997.67,1455.9
2025-01-28,Potato,Azadpur (Delhi),1815.07,2310.09,2062.58,2262.0
2025-01-29,Potato,Azadpur (Delhi),1721.1,2190.5,1955.8,3463.7
2025-01-30,Potato,Azadpur (Delhi),1813.31,2307.85,2060.58,737.8
2025-01-31,Potato,Azadpur (Delhi),1830.65,2329.91,2080.28,2678.5
2025-02-01,Potato,Azadpur (Delhi),1922.66,2447.02,2184.84,976.2
2025-02-02,Potato,Azadpur (Delhi),1905.26,2424.88,2165.07,816.6
2025-02-03,Potato,Azadpur (Delhi),1804.99,2297.25,2051.12,1536.3
2025-02-04,Potato,Azadpur (Delhi),1722.31,2192.03,1957.17,2931.4
2025-02-05,Potato,Azadpur (Delhi),1746.57,2222.91,1984.74,1026.5
2025-02-06,Potato,Azadpur (Delhi),1774.71,2258.73,2016.72,3397.3
2025-02-07,Potato,Azadpur (Delhi),1840.74,2342.76,2091.75,594.4
2025-02-08,Potato,Azadpur (Delhi),1862.48,2370.44,2116.46,2283.9
2025-02-09,Potato,Azadpur (Delhi),1897.27,2414.71,2155.99,2967.9
2025-02-10,Potato,Azadpur (Delhi),1884.67,2398.67,2141.67,3456.4
2025-02-11,Potato,Azadpur (Delhi),1890.22,2405.74,2147.98,2585.1
2025-02-12,Potato,Azadpur (Delhi),1846.13,2349.61,2097.87,1154.2
2025-02-13,Potato,Azadpur (Delhi),1845.68,2349.04,2097.36,2799.8
2025-02-14,Potato,Azadpur (Delhi),1783.36,2269.72,2026.54,3053.8
2025-02-15,Potato,Azadpur (Delhi),1767.3,2249.3,2008.3,2290.0
2025-02-16,Potato,Azadpur (Delhi),1794.32,2283.68,2039.0,2136.9
2025-02-17,Potato,Azadpur (Delhi),1831.73,2331.29,2081.51,1787.3
2025-02-18,Potato,Azadpur (Delhi),1749.68,2226.86,1988.27,2850.8
2025-02-19,Potato,Azadpur (Delhi),1671.51,2127.37,1899.44,2279.3
2025-02-20,Potato,Azadpur (Delhi),1665.66,2119.92,1892.79,2007.6
2025-02-21,Potato,Azadpur (Delhi),1604.44,2042.02,1823.23,3155.3
2025-02-22,Potato,Azadpur (Delhi),1661.71,2114.91,1888.31,1272.0
2025-02-23,Potato,Azadpur (Delhi),1663.87,2117.65,1890.76,2048.6
2025-02-24,Potato,Azadpur (Delhi),1702.35,2166.63,1934.49,1050.4
2025-02-25,Potato,Azadpur (Delhi),1650.22,2100.28,1875.25,3460.3
2025-02-26,Potato,Azadpur (Delhi),1627.08,2070.84,1848.96,1737.1
2025-02-27,Potato,Azadpur (Delhi),1564.44,1991.1,1777.77,3057.7
2025-02-28,Potato,Azadpur (Delhi),1547.02,1968.94,1757.98,2787.8
2025-03-01,Potato,Azadpur (Delhi),1502.75,1912.59,1707.67,2363.5
2025-03-02,Potato,Azadpur (Delhi),1528.21,1944.99,1736.6,3087.6
2025-03-03,Potato,Azadpur (Delhi),1508.43,1919.81,1714.12,3029.5
2025-03-04,Potato,Azadpur (Delhi),1521.71,1936.73,1729.22,1521.3
2025-03-05,Potato,Azadpur (Delhi),1570.2,1998.44,1784.32,2007.3
2025-03-06,Potato,Azadpur (Delhi),1516.57,1930.17,1723.37,713.2
2025-03-07,Potato,Azadpur (Delhi),1591.66,2025.74,1808.7,945.2
2025-03-08,Potato,Azadpur (Delhi),1666.18,2120.6,1893.39,3255.8
2025-03-09,Potato,Azadpur (Delhi),1660.85,2113.81,1887.33,594.0
2025-03-10,Potato,Azadpur (Delhi),1591.3,2025.3,1808.3,962.6
2025-03-11,Potato,Azadpur (Delhi),1502.93,1912.83,1707.88,1977.1
2025-03-12,Potato,Azadpur (Delhi),1521.2,1936.08,1728.64,2443.3
2025-03-13,Potato,Azadpur (Delhi),1550.05,1972.79,1761.42,474.7
2025-03-14,Potato,Azadpur (Delhi),1532.44,1950.38,1741.41,2064.3
2025-03-15,Potato,Azadpur (Delhi),1649.59,2099.47,1874.53,3341.3
2025-03-16,Potato,Azadpur (Delhi),1585.64,2018.08,1801.86,1333.3
2025-03-17,Potato,Azadpur (Delhi),1631.56,2076.52,1854.04,2642.1
2025-03-18,Potato,Azadpur (Delhi),1665.88,2120.22,1893.05,838.6
2025-03-19,Potato,Azadpur (Delhi),1686.23,2146.11,1916.17,1941.3
2025-03-20,Potato,Azadpur (Delhi),1661.85,2115.09,1888.47,1331.1
2025-03-21,Potato,Azadpur (Delhi),1639.6,2086.76,1863.18,2148.1
2025-03-22,Potato,Azadpur (Delhi),1670.88,2126.58,1898.73,2223.1
2025-03-23,Potato,Azadpur (Delhi),1715.6,2183.48,1949.54,1277.6
2025-03-24,Potato,Azadpur (Delhi),1701.97,2166.15,1934.06,2034.4
2025-03-25,Potato,Azadpur (Delhi),1642.0,2089.82,1865.91,1703.5
2025-03-26,Potato,Azadpur (Delhi),1600.5,2037.0,1818.75,1941.3
2025-03-27,Potato,Azadpur (Delhi),1613.16,2053.12,1833.14,2668.3
2025-03-28,Potato,Azadpur (Delhi),1543.17,1964.03,1753.6,2215.6
2025-03-29,Potato,Azadpur (Delhi),1560.97,1986.69,1773.83,2508.0
2025-03-30,Potato,Azadpur (Delhi),1564.15,1990.73,1777.44,2487.6
2025-03-31,Potato,Azadpur (Delhi),1457.67,1855.21,1656.44,2930.4
2025-04-01,Potato,Azadpur (Delhi),1475.13,1877.43,1676.28,3202.0
2025-04-02,Potato,Azadpur (Delhi),1477.51,1880.47,1678.99,1141.6
2025-04-03,Potato,Azadpur (Delhi),1528.03,1944.77,1736.4,1989.2
2025-04-04,Potato,Azadpur (Delhi),1502.49,1912.27,1707.38,1270.7
2025-04-05,Potato,Azadpur (Delhi),1632.49,2077.71,1855.1,3312.2
2025-04-06,Potato,Azadpur (Delhi),1657.13,2109.07,1883.1,451.4
2025-04-07,Potato,Azadpur (Delhi),1675.19,2132.07,1903.63,2557.6
2025-04-08,Potato,Azadpur (Delhi),1672.45,2128.57,1900.51,531.8
2025-04-09,Potato,Azadpur (Delhi),1674.86,2131.64,1903.25,2633.8
2025-04-10,Potato,Azadpur (Delhi),1654.08,2105.2,1879.64,1480.2
2025-04-11,Potato,Azadpur (Delhi),1690.9,2152.06,1921.48,710.0
2025-04-12,Potato,Azadpur (Delhi),1644.98,2093.6,1869.29,1567.0
2025-04-13,Potato,Azadpur (Delhi),1593.35,2027.89,1810.62,1853.5
2025-04-14,Potato,Azadpur (Delhi),1656.32,2108.04,1882.18,3053.4
2025-04-15,Potato,Azadpur (Delhi),1610.13,2049.25,1829.69,2570.9
2025-04-16,Potato,Azadpur (Delhi),1617.99,2059.27,1838.63,2562.7
2025-04-17,Potato,Azadpur (Delhi),1557.27,1981.99,1769.63,873.2
2025-04-18,Potato,Azadpur (Delhi),1490.88,1897.48,1694.18,1455.8
2025-04-19,Potato,Azadpur (Delhi),1443.05,1836.61,1639.83,2348.5
2025-04-20,Potato,Azadpur (Delhi),1407.52,1791.38,1599.45,851.2
2025-04-21,Potato,Azadpur (Delhi),1362.1,1733.58,1547.84,1970.1
2025-04-22,Potato,Azadpur (Delhi),1376.35,1751.71,1564.03,1659.4
2025-04-23,Potato,Azadpur (Delhi),1315.33,1674.05,1494.69,2087.6
2025-04-24,Potato,Azadpur (Delhi),1214.13,1545.25,1379.69,2263.0
2025-04-25,Potato,Azadpur (Delhi),1138.03,1448.41,1293.22,1266.3
2025-04-26,Potato,Azadpur (Delhi),1156.05,1471.33,1313.69,1852.8
2025-04-27,Potato,Azadpur (Delhi),1180.09,1501.93,1341.01,2251.8
2025-04-28,Potato,Azadpur (Delhi),1139.9,1450.78,1295.34,939.2
2025-04-29,Potato,Azadpur (Delhi),1142.44,1454.02,1298.23,2099.5
2025-04-30,Potato,Azadpur (Delhi),1119.93,1425.37,1272.65,1508.2
2025-05-01,Potato,Azadpur (Delhi),1163.59,1480.93,1322.26,1907.1
2025-05-02,Potato,Azadpur (Delhi),1143.41,1455.25,1299.33,2828.8
2025-05-03,Potato,Azadpur (Delhi),1197.06,1523.54,1360.3,749.2
2025-05-04,Potato,Azadpur (Delhi),1185.15,1508.37,1346.76,1077.5
2025-05-05,Potato,Azadpur (Delhi),1183.05,1505.71,1344.38,2756.3
2025-05-06,Potato,Azadpur (Delhi),1196.23,1522.47,1359.35,806.1
2025-05-07,Potato,Azadpur (Delhi),1163.31,1480.57,1321.94,1508.1
2025-05-08,Potato,Azadpur (Delhi),1235.69,1572.69,1404.19,1205.6
2025-05-09,Potato,Azadpur (Delhi),1202.53,1530.49,1366.51,1851.7
2025-05-10,Potato,Azadpur (Delhi),1214.84,1546.16,1380.5,494.4
2025-05-11,Potato,Azadpur (Delhi),1180.06,1501.9,1340.98,2329.9
2025-05-12,Potato,Azadpur (Delhi),1150.43,1464.19,1307.31,1445.8
2025-05-13,Potato,Azadpur (Delhi),1122.04,1428.04,1275.04,1175.2
2025-05-14,Potato,Azadpur (Delhi),1141.74,1453.12,1297.43,2490.9
2025-05-15,Potato,Azadpur (Delhi),1135.13,1444.71,1289.92,3392.8
2025-05-16,Potato,Azadpur (Delhi),1176.99,1497.99,1337.49,1294.2
2025-05-17,Potato,Azadpur (Delhi),1186.28,1509.82,1348.05,2951.9
2025-05-18,Potato,Azadpur (Delhi),1151.01,1464.93,1307.97,1466.1
2025-05-19,Potato,Azadpur (Delhi),1098.0,1397.46,1247.73,3091.8
2025-05-20,Potato,Azadpur (Delhi),1052.42,1339.44,1195.93,1013.2
2025-05-21,Potato,Azadpur (Delhi),1053.45,1340.75,1197.1,1921.4
2025-05-22,Potato,Azadpur (Delhi),997.46,1269.5,1133.48,1098.3
2025-05-23,Potato,Azadpur (Delhi),924.04,1176.06,1050.05,1979.2
2025-05-24,Potato,Azadpur (Delhi),950.46,1209.68,1080.07,2528.7
2025-05-25,Potato,Azadpur (Delhi),983.77,1252.07,1117.92,1405.3
2025-05-26,Potato,Azadpur (Delhi),974.4,1240.14,1107.27,500.8
2025-05-27,Potato,Azadpur (Delhi),1025.53,1305.23,1165.38,1132.0
2025-05-28,Potato,Azadpur (Delhi),1034.18,1316.24,1175.21,2442.7
2025-05-29,Potato,Azadpur (Delhi),1043.82,1328.5,1186.16,3129.7
2025-05-30,Potato,Azadpur (Delhi),1017.23,1294.65,1155.94,3060.8
2025-05-31,Potato,Azadpur (Delhi),1003.04,1276.6,1139.82,3084.2
2025-06-01,Potato,Azadpur (Delhi),1025.03,1304.59,1164.81,1267.2
2025-06-02,Potato,Azadpur (Delhi),1057.58,1346.02,1201.8,1313.0
2025-06-03,Potato,Azadpur (Delhi),1085.49,1381.53,1233.51,2607.5
2025-06-04,Potato,Azadpur (Delhi),1098.14,1397.64,1247.89,1703.1
2025-06-05,Potato,Azadpur (Delhi),1039.3,1322.74,1181.02,777.3
2025-06-06,Potato,Azadpur (Delhi),1047.62,1333.34,1190.48,806.0
2025-06-07,Potato,Azadpur (Delhi),1004.58,1278.56,1141.57,2564.3
2025-06-08,Potato,Azadpur (Delhi),919.03,1169.67,1044.35,2158.2
2025-06-09,Potato,Azadpur (Delhi),916.15,1166.01,1041.08,1513.4
2025-06-10,Potato,Azadpur (Delhi),918.02,1168.38,1043.2,712.8
2025-06-11,Potato,Azadpur (Delhi),922.39,1173.95,1048.17,2013.3
2025-06-12,Potato,Azadpur (Delhi),920.91,1172.07,1046.49,2356.0
2025-06-13,Potato,Azadpur (Delhi),898.71,1143.81,1021.26,2215.8
2025-06-14,Potato,Azadpur (Delhi),907.45,1154.93,1031.19,2440.5
2025-06-15,Potato,Azadpur (Delhi),907.37,1154.83,1031.1,1124.4
2025-06-16,Potato,Azadpur (Delhi),959.85,1221.63,1090.74,730.7
2025-06-17,Potato,Azadpur (Delhi),919.67,1170.49,1045.08,1057.9
2025-06-18,Potato,Azadpur (Delhi),927.12,1179.96,1053.54,1532.1
2025-06-19,Potato,Azadpur (Delhi),958.08,1219.38,1088.73,3307.7
2025-06-20,Potato,Azadpur (Delhi),975.3,1241.28,1108.29,2227.2
2025-06-21,Potato,Azadpur (Delhi),929.39,1182.85,1056.12,656.4
2025-06-22,Potato,Azadpur (Delhi),927.64,1180.64,1054.14,2379.8
2025-06-23,Potato,Azadpur (Delhi),964.2,1227.16,1095.68,1664.5
2025-06-24,Potato,Azadpur (Delhi),985.71,1254.53,1120.12,2927.9
2025-06-25,Potato,Azadpur (Delhi),949.85,1208.91,1079.38,3037.0
2025-06-26,Potato,Azadpur (Delhi),974.05,1239.69,1106.87,772.3
2025-06-27,Potato,Azadpur (Delhi),1043.11,1327.59,1185.35,1798.5
2025-06-28,Potato,Azadpur (Delhi),998.25,1270.49,1134.37,1519.0
2025-06-29,Potato,Azadpur (Delhi),1056.46,1344.58,1200.52,3432.8
2025-06-30,Potato,Azadpur (Delhi),1111.12,1414.16,1262.64,2688.0
2025-07-01,Potato,Azadpur (Delhi),1122.39,1428.49,1275.44,1034.6
2025-07-02,Potato,Azadpur (Delhi),1107.95,1410.11,1259.03,2194.2
2025-07-03,Potato,Azadpur (Delhi),1147.19,1460.07,1303.63,510.5
2025-07-04,Potato,Azadpur (Delhi),1120.36,1425.92,1273.14,2909.1
2025-07-05,Potato,Azadpur (Delhi),1077.45,1371.29,1224.37,2738.3
2025-07-06,Potato,Azadpur (Delhi),1065.58,1356.2,1210.89,3066.4
2025-07-07,Potato,Azadpur (Delhi),1052.23,1339.21,1195.72,1880.5
2025-07-08,Potato,Azadpur (Delhi),1087.61,1384.23,1235.92,2403.7
2025-07-09,Potato,Azadpur (Delhi),1139.15,1449.83,1294.49,911.0
2025-07-10,Potato,Azadpur (Delhi),1217.05,1548.97,1383.01,782.3
2025-07-11,Potato,Azadpur (Delhi),1176.16,1496.92,1336.54,3234.4
2025-07-12,Potato,Azadpur (Delhi),1188.18,1512.22,1350.2,2960.4
2025-07-13,Potato,Azadpur (Delhi),1195.53,1521.59,1358.56,515.5
2025-07-14,Potato,Azadpur (Delhi),1178.68,1500.14,1339.41,1013.5
2025-07-15,Potato,Azadpur (Delhi),1218.63,1550.99,1384.81,911.4
2025-07-16,Potato,Azadpur (Delhi),1177.48,1498.6,1338.04,2540.1
2025-07-17,Potato,Azadpur (Delhi),1170.35,1489.53,1329.94,3116.5
2025-07-18,Potato,Azadpur (Delhi),1230.24,1565.76,1398.0,581.7
2025-07-19,Potato,Azadpur (Delhi),1228.12,1563.06,1395.59,1823.5
2025-07-20,Potato,Azadpur (Delhi),1210.18,1540.22,1375.2,3241.6
2025-07-21,Potato,Azadpur (Delhi),1174.36,1494.64,1334.5,2894.7
2025-07-22,Potato,Azadpur (Delhi),1145.8,1458.3,1302.05,3205.0
2025-07-23,Potato,Azadpur (Delhi),1117.78,1422.64,1270.21,1334.7
2025-07-24,Potato,Azadpur (Delhi),1087.31,1383.85,1235.58,2722.0
2025-07-25,Potato,Azadpur (Delhi),1045.41,1330.53,1187.97,1956.9
2025-07-26,Potato,Azadpur (Delhi),1066.66,1357.56,1212.11,3260.6
2025-07-27,Potato,Azadpur (Delhi),1024.01,1303.29,1163.65,3440.9
2025-07-28,Potato,Azadpur (Delhi),1022.92,1301.9,1162.41,1296.2
2025-07-29,Potato,Azadpur (Delhi),1047.68,1333.42,1190.55,3468.9
2025-07-30,Potato,Azadpur (Delhi),1079.57,1373.99,1226.78,1767.0
2025-07-31,Potato,Azadpur (Delhi),1078.83,1373.05,1225.94,1418.5
2025-08-01,Potato,Azadpur (Delhi),1100.84,1401.06,1250.95,1537.1
2025-08-02,Potato,Azadpur (Delhi),1111.84,1415.08,1263.46,2364.9
2025-08-03,Potato,Azadpur (Delhi),1092.98,1391.06,1242.02,1488.8
2025-08-04,Potato,Azadpur (Delhi),1091.81,1389.57,1240.69,871.9
2025-08-05,Potato,Azadpur (Delhi),1088.5,1385.36,1236.93,2530.0
2025-08-06,Potato,Azadpur (Delhi),1196.55,1522.89,1359.72,1606.4
2025-08-07,Potato,Azadpur (Delhi),1190.05,1514.61,1352.33,2886.0
2025-08-08,Potato,Azadpur (Delhi),1183.98,1506.88,1345.43,3389.7
2025-08-09,Potato,Azadpur (Delhi),1155.19,1470.25,1312.72,2193.7
2025-08-10,Potato,Azadpur (Delhi),1122.26,1428.34,1275.3,2340.0
2025-08-11,Potato,Azadpur (Delhi),1167.26,1485.6,1326.43,843.9
2025-08-12,Potato,Azadpur (Delhi),1184.95,1508.11,1346.53,1146.1
2025-08-13,Potato,Azadpur (Delhi),1149.01,1462.37,1305.69,2738.0
2025-08-14,Potato,Azadpur (Delhi),1155.19,1470.25,1312.72,2571.2
2025-08-15,Potato,Azadpur (Delhi),1151.81,1465.93,1308.87,2620.7
2025-08-16,Potato,Azadpur (Delhi),1155.58,1470.74,1313.16,2984.3
2025-08-17,Potato,Azadpur (Delhi),1159.17,1475.31,1317.24,2279.4
2025-08-18,Potato,Azadpur (Delhi),1108.6,1410.94,1259.77,2177.1
2025-08-19,Potato,Azadpur (Delhi),1102.94,1403.74,1253.34,1771.9
2025-08-20,Potato,Azadpur (Delhi),1083.55,1379.07,1231.31,1274.9
2025-08-21,Potato,Azadpur (Delhi),1050.97,1337.59,1194.28,489.2
2025-08-22,Potato,Azadpur (Delhi),1080.75,1375.49,1228.12,2127.6
2025-08-23,Potato,Azadpur (Delhi),1107.42,1409.44,1258.43,3214.0
2025-08-24,Potato,Azadpur (Delhi),1086.56,1382.9,1234.73,446.4
2025-08-25,Potato,Azadpur (Delhi),1103.12,1403.98,1253.55,2854.5
2025-08-26,Potato,Azadpur (Delhi),1136.63,1446.63,1291.63,1630.9
2025-08-27,Potato,Azadpur (Delhi),1173.87,1494.01,1333.94,2729.9
2025-08-28,Potato,Azadpur (Delhi),1131.08,1439.56,1285.32,2443.2
2025-08-29,Potato,Azadpur (Delhi),1103.18,1404.04,1253.61,1448.7
2025-08-30,Potato,Azadpur (Delhi),1087.35,1383.91,1235.63,2048.9
2025-08-31,Potato,Azadpur (Delhi),1099.23,1399.01,1249.12,825.0
2025-09-01,Potato,Azadpur (Delhi),1139.93,1450.83,1295.38,3444.5
2025-09-02,Potato,Azadpur (Delhi),1127.72,1435.28,1281.5,2233.7
2025-09-03,Potato,Azadpur (Delhi),1178.38,1499.76,1339.07,3336.2
2025-09-04,Potato,Azadpur (Delhi),1140.98,1452.16,1296.57,2003.3
2025-09-05,Potato,Azadpur (Delhi),1162.03,1478.95,1320.49,2584.6
2025-09-06,Potato,Azadpur (Delhi),1154.6,1469.48,1312.04,2001.6
2025-09-07,Potato,Azadpur (Delhi),1180.27,1502.17,1341.22,3093.7
2025-09-08,Potato,Azadpur (Delhi),1238.33,1576.05,1407.19,738.4
2025-09-09,Potato,Azadpur (Delhi),1274.98,1622.7,1448.84,1390.2
2025-09-10,Potato,Azadpur (Delhi),1319.6,1679.48,1499.54,2958.0
2025-09-11,Potato,Azadpur (Delhi),1355.17,1724.77,1539.97,1784.0
2025-09-12,Potato,Azadpur (Delhi),1303.91,1659.53,1481.72,3368.0
2025-09-13,Potato,Azadpur (Delhi),1311.02,1668.58,1489.8,2902.9
2025-09-14,Potato,Azadpur (Delhi),1306.25,1662.51,1484.38,904.7
2025-09-15,Potato,Azadpur (Delhi),1313.08,1671.2,1492.14,2322.5
2025-09-16,Potato,Azadpur (Delhi),1254.04,1596.04,1425.04,2535.9
2025-09-17,Potato,Azadpur (Delhi),1249.3,1590.02,1419.66,2183.6
2025-09-18,Potato,Azadpur (Delhi),1244.48,1583.88,1414.18,3058.7
2025-09-19,Potato,Azadpur (Delhi),1288.67,1640.13,1464.4,1150.3
2025-09-20,Potato,Azadpur (Delhi),1311.93,1669.73,1490.83,2946.6
2025-09-21,Potato,Azadpur (Delhi),1384.5,1762.08,1573.29,3337.6
2025-09-22,Potato,Azadpur (Delhi),1425.03,1813.67,1619.35,1697.9
2025-09-23,Potato,Azadpur (Delhi),1441.09,1834.11,1637.6,991.2
2025-09-24,Potato,Azadpur (Delhi),1457.79,1855.37,1656.58,1249.0
2025-09-25,Potato,Azadpur (Delhi),1460.64,1859.0,1659.82,768.9
2025-09-26,Potato,Azadpur (Delhi),1486.89,1892.41,1689.65,2432.0
2025-09-27,Potato,Azadpur (Delhi),1492.28,1899.26,1695.77,2166.3
2025-09-28,Potato,Azadpur (Delhi),1521.69,1936.69,1729.19,793.6
2025-09-29,Potato,Azadpur (Delhi),1600.03,2036.41,1818.22,1988.5
2025-09-30,Potato,Azadpur (Delhi),1676.76,2134.06,1905.41,2321.1
2025-10-01,Potato,Azadpur (Delhi),1647.18,2096.4,1871.79,1302.4
2025-10-02,Potato,Azadpur (Delhi),1671.96,2127.94,1899.95,2819.9
2025-10-03,Potato,Azadpur (Delhi),1637.17,2083.67,1860.42,2262.8
2025-10-04,Potato,Azadpur (Delhi),1577.05,2007.15,1792.1,497.5
2025-10-05,Potato,Azadpur (Delhi),1583.85,2015.81,1799.83,1777.7
2025-10-06,Potato,Azadpur (Delhi),1631.29,2076.19,1853.74,1881.5
2025-10-07,Potato,Azadpur (Delhi),1598.84,2034.88,1816.86,3123.5
2025-10-08,Potato,Azadpur (Delhi),1599.05,2035.15,1817.1,1501.0
2025-10-09,Potato,Azadpur (Delhi),1573.92,2003.18,1788.55,1479.8
2025-10-10,Potato,Azadpur (Delhi),1555.11,1979.23,1767.17,1065.8
2025-10-11,Potato,Azadpur (Delhi),1521.95,1937.03,1729.49,2830.2
2025-10-12,Potato,Azadpur (Delhi),1519.1,1933.4,1726.25,3330.0
2025-10-13,Potato,Azadpur (Delhi),1544.08,1965.2,1754.64,694.4
2025-10-14,Potato,Azadpur (Delhi),1541.64,1962.08,1751.86,3123.5
2025-10-15,Potato,Azadpur (Delhi),1482.38,1886.66,1684.52,1208.5
2025-10-16,Potato,Azadpur (Delhi),1495.89,1903.85,1699.87,2807.7
2025-10-17,Potato,Azadpur (Delhi),1523.16,1938.56,1730.86,835.1
2025-10-18,Potato,Azadpur (Delhi),1554.16,1978.02,1766.09,2158.4
2025-10-19,Potato,Azadpur (Delhi),1619.06,2060.62,1839.84,541.1
2025-10-20,Potato,Azadpur (Delhi),1625.71,2069.09,1847.4,1904.5
2025-10-21,Potato,Azadpur (Delhi),1642.58,2090.56,1866.57,2445.5
2025-10-22,Potato,Azadpur (Delhi),1632.49,2077.71,1855.1,1256.0
2025-10-23,Potato,Azadpur (Delhi),1631.5,2076.46,1853.98,2888.0
2025-10-24,Potato,Azadpur (Delhi),1723.63,2193.71,1958.67,2979.0
2025-10-25,Potato,Azadpur (Delhi),1682.44,2141.28,1911.86,1279.7
2025-10-26,Potato,Azadpur (Delhi),1634.38,2080.12,1857.25,2938.6
2025-10-27,Potato,Azadpur (Delhi),1603.34,2040.62,1821.98,3448.4
2025-10-28,Potato,Azadpur (Delhi),1565.46,1992.4,1778.93,1049.9
2025-10-29,Potato,Azadpur (Delhi),1653.66,2104.66,1879.16,1559.6
2025-10-30,Potato,Azadpur (Delhi),1750.22,2227.56,1988.89,1829.5
2025-10-31,Potato,Azadpur (Delhi),1707.56,2173.26,1940.41,1510.1
2025-11-01,Potato,Azadpur (Delhi),1692.66,2154.3,1923.48,513.4
2025-11-02,Potato,Azadpur (Delhi),1718.92,2187.72,1953.32,2785.3
2025-11-03,Potato,Azadpur (Delhi),1803.35,2295.17,2049.26,3119.4
2025-11-04,Potato,Azadpur (Delhi),1809.5,2303.0,2056.25,2077.3
2025-11-05,Potato,Azadpur (Delhi),1826.95,2325.21,2076.08,3415.0
2025-11-06,Potato,Azadpur (Delhi),1753.25,2231.41,1992.33,2588.5
2025-11-07,Potato,Azadpur (Delhi),1816.1,2311.4,2063.75,3236.9
2025-11-08,Potato,Azadpur (Delhi),1849.99,2354.53,2102.26,3298.4
2025-11-09,Potato,Azadpur (Delhi),2005.36,2552.28,2278.82,1830.3
2025-11-10,Potato,Azadpur (Delhi),2071.89,2636.95,2354.42,2836.1
2025-11-11,Potato,Azadpur (Delhi),2070.16,2634.74,2352.45,3210.8
2025-11-12,Potato,Azadpur (Delhi),2139.16,2722.56,2430.86,1747.6
2025-11-13,Potato,Azadpur (Delhi),2025.71,2578.17,2301.94,1835.4
2025-11-14,Potato,Azadpur (Delhi),2145.84,2731.08,2438.46,675.0
2025-11-15,Potato,Azadpur (Delhi),2156.76,2744.96,2450.86,1582.8
2025-11-16,Potato,Azadpur (Delhi),2108.0,2682.92,2395.46,647.7
2025-11-17,Potato,Azadpur (Delhi),2020.3,2571.28,2295.79,3167.0
2025-11-18,Potato,Azadpur (Delhi),1973.29,2511.47,2242.38,2688.9
2025-11-19,Potato,Azadpur (Delhi),1901.14,2419.64,2160.39,3294.9
2025-11-20,Potato,Azadpur (Delhi),1898.34,2416.08,2157.21,1154.4
2025-11-21,Potato,Azadpur (Delhi),1849.58,2354.02,2101.8,533.5
2025-11-22,Potato,Azadpur (Delhi),1796.34,2286.26,2041.3,1365.3
2025-11-23,Potato,Azadpur (Delhi),1704.45,2169.31,1936.88,2160.3
2025-11-24,Potato,Azadpur (Delhi),1748.89,2225.87,1987.38,2478.4
2025-11-25,Potato,Azadpur (Delhi),1767.33,2249.33,2008.33,2601.2
2025-11-26,Potato,Azadpur (Delhi),1846.03,2349.49,2097.76,2999.0
2025-11-27,Potato,Azadpur (Delhi),1884.4,2398.32,2141.36,1911.4
2025-11-28,Potato,Azadpur (Delhi),1901.57,2420.17,2160.87,2211.4
2025-11-29,Potato,Azadpur (Delhi),1816.51,2311.93,2064.22,1621.7
2025-11-30,Potato,Azadpur (Delhi),1820.9,2317.52,2069.21,2674.0
2025-12-01,Potato,Azadpur (Delhi),1815.11,2310.15,2062.63,3180.3
2025-12-02,Potato,Azadpur (Delhi),1712.97,2180.15,1946.56,2752.7
2025-12-03,Potato,Azadpur (Delhi),1656.69,2108.51,1882.6,570.3
2025-12-04,Potato,Azadpur (Delhi),1668.53,2123.59,1896.06,1974.3
2025-12-05,Potato,Azadpur (Delhi),1671.89,2127.85,1899.87,2377.4
2025-12-06,Potato,Azadpur (Delhi),1673.13,2129.43,1901.28,1481.3
2025-12-07,Potato,Azadpur (Delhi),1749.4,2226.52,1987.96,1278.5
2025-12-08,Potato,Azadpur (Delhi),1781.58,2267.46,2024.52,2767.7
2025-12-09,Potato,Azadpur (Delhi),1768.57,2250.91,2009.74,1956.8
2025-12-10,Potato,Azadpur (Delhi),1754.75,2233.31,1994.03,2866.2
2025-12-11,Potato,Azadpur (Delhi),1695.18,2157.5,1926.34,510.6
2025-12-12,Potato,Azadpur (Delhi),1840.63,2342.63,2091.63,2130.5
2025-12-13,Potato,Azadpur (Delhi),1862.63,2370.63,2116.63,1991.6
2025-12-14,Potato,Azadpur (Delhi),1834.17,2334.39,2084.28,2495.2
2025-12-15,Potato,Azadpur (Delhi),1797.48,2287.7,2042.59,909.5
2025-12-16,Potato,Azadpur (Delhi),1787.8,2275.38,2031.59,1138.9
2025-12-17,Potato,Azadpur (Delhi),1836.4,2337.24,2086.82,1694.3
2025-12-18,Potato,Azadpur (Delhi),1832.37,2332.11,2082.24,1185.5
2025-12-19,Potato,Azadpur (Delhi),1744.05,2219.69,1981.87,1478.6
2025-12-20,Potato,Azadpur (Delhi),1791.46,2280.04,2035.75,1856.8
2025-12-21,Potato,Azadpur (Delhi),1782.96,2269.22,2026.09,2422.3
2025-12-22,Potato,Azadpur (Delhi),1777.15,2261.83,2019.49,2356.7
2025-12-23,Potato,Azadpur (Delhi),1749.23,2226.29,1987.76,3226.0
2025-12-24,Potato,Azadpur (Delhi),1772.36,2255.72,2014.04,1390.1
2025-12-25,Potato,Azadpur (Delhi),1768.75,2251.13,2009.94,3047.5
2025-12-26,Potato,Azadpur (Delhi),1759.93,2239.91,1999.92,3363.6
2025-12-27,Potato,Azadpur (Delhi),1754.1,2232.5,1993.3,2789.6
2025-12-28,Potato,Azadpur (Delhi),1773.09,2256.65,2014.87,3073.7
2025-12-29,Potato,Azadpur (Delhi),1828.42,2327.08,2077.75,1272.7
2025-12-30,Potato,Azadpur (Delhi),1795.83,2285.61,2040.72,2710.9
2025-12-31,Potato,Azadpur (Delhi),1793.04,2282.06,2037.55,1208.8
2026-01-01,Potato,Azadpur (Delhi),1858.46,2365.32,2111.89,3279.7
2026-01-02,Potato,Azadpur (Delhi),1919.41,2442.89,2181.15,2190.4
2026-01-03,Potato,Azadpur (Delhi),1998.57,2543.63,2271.1,1938.6
2026-01-04,Potato,Azadpur (Delhi),1890.05,2405.51,2147.78,592.3
2026-01-05,Potato,Azadpur (Delhi),1936.22,2464.28,2200.25,1669.0
2026-01-06,Potato,Azadpur (Delhi),1942.34,2472.08,2207.21,1702.4
2026-01-07,Potato,Azadpur (Delhi),1994.91,2538.97,2266.94,574.2
2026-01-08,Potato,Azadpur (Delhi),2002.0,2548.0,2275.0,2254.0
2026-01-09,Potato,Azadpur (Delhi),2040.99,2597.63,2319.31,1285.5
2026-01-10,Potato,Azadpur (Delhi),2056.08,2616.84,2336.46,2491.8
2026-01-11,Potato,Azadpur (Delhi),2104.19,2678.07,2391.13,1472.8
2026-01-12,Potato,Azadpur (Delhi),2122.22,2701.0,2411.61,1908.9
2026-01-13,Potato,Azadpur (Delhi),2080.62,2648.06,2364.34,2086.5
2026-01-14,Potato,Azadpur (Delhi),2021.17,2572.39,2296.78,2730.8
2026-01-15,Potato,Azadpur (Delhi),1956.01,2489.47,2222.74,3185.1
2026-01-16,Potato,Azadpur (Delhi),1972.75,2510.77,2241.76,2582.6
2026-01-17,Potato,Azadpur (Delhi),1940.88,2470.2,2205.54,870.9
2026-01-18,Potato,Azadpur (Delhi),1990.22,2533.0,2261.61,1881.6
2026-01-19,Potato,Azadpur (Delhi),1952.85,2485.45,2219.15,1027.4
2026-01-20,Potato,Azadpur (Delhi),2037.59,2593.29,2315.44,1753.3
2026-01-21,Potato,Azadpur (Delhi),2084.15,2652.55,2368.35,3081.9
2026-01-22,Potato,Azadpur (Delhi),2088.61,2658.23,2373.42,1198.4
2026-01-23,Potato,Azadpur (Delhi),2142.49,2726.81,2434.65,3273.4
2026-01-24,Potato,Azadpur (Delhi),2145.04,2730.06,2437.55,700.4
2026-01-25,Potato,Azadpur (Delhi),2072.74,2638.04,2355.39,2544.6
2026-01-26,Potato,Azadpur (Delhi),2163.17,2753.13,2458.15,3392.5
2026-01-27,Potato,Azadpur (Delhi),2184.09,2779.75,2481.92,2997.9
2026-01-28,Potato,Azadpur (Delhi),2147.53,2733.23,2440.38,1495.7
2026-01-29,Potato,Azadpur (Delhi),2221.77,2827.71,2524.74,3025.8
2026-01-30,Potato,Azadpur (Delhi),2226.21,2833.35,2529.78,3153.9
2026-01-31,Potato,Azadpur (Delhi),2271.1,2890.48,2580.79,2308.3
2026-02-01,Potato,Azadpur (Delhi),2204.88,2806.2,2505.54,3058.8
2026-02-02,Potato,Azadpur (Delhi),2230.19,2838.43,2534.31,2748.4
2026-02-03,Potato,Azadpur (Delhi),2147.47,2733.15,2440.31,1927.5
2026-02-04,Potato,Azadpur (Delhi),2217.42,2822.18,2519.8,600.1
2026-02-05,Potato,Azadpur (Delhi),2105.87,2680.19,2393.03,1527.8
2026-02-06,Potato,Azadpur (Delhi),2150.33,2736.79,2443.56,1867.5
2026-02-07,Potato,Azadpur (Delhi),2139.87,2723.47,2431.67,1884.9
2026-02-08,Potato,Azadpur (Delhi),2119.59,2697.65,2408.62,3049.8
2026-02-09,Potato,Azadpur (Delhi),2126.79,2706.83,2416.81,3202.8
2026-02-10,Potato,Azadpur (Delhi),2148.59,2734.57,2441.58,965.0
2026-02-11,Potato,Azadpur (Delhi),2071.63,2636.61,2354.12,1089.3
2026-02-12,Potato,Azadpur (Delhi),2098.02,2670.2,2384.11,2246.0
2026-02-13,Potato,Azadpur (Delhi),2008.99,2556.89,2282.94,1984.2
2026-02-14,Potato,Azadpur (Delhi),1961.17,2496.03,2228.6,402.9
2026-02-15,Potato,Azadpur (Delhi),2002.92,2549.16,2276.04,1748.1
2026-02-16,Potato,Azadpur (Delhi),1964.97,2500.87,2232.92,2585.7
2026-02-17,Potato,Azadpur (Delhi),2003.95,2550.49,2277.22,2270.8
2026-02-18,Potato,Azadpur (Delhi),1937.35,2465.71,2201.53,2541.9
2026-02-19,Potato,Azadpur (Delhi),1991.78,2535.0,2263.39,2825.5
2026-02-20,Potato,Azadpur (Delhi),2054.49,2614.81,2334.65,3338.4
2026-02-21,Potato,Azadpur (Delhi),1976.78,2515.9,2246.34,2521.8
2026-02-22,Potato,Azadpur (Delhi),1901.87,2420.57,2161.22,2701.5
2026-02-23,Potato,Azadpur (Delhi),1885.05,2399.15,2142.1,3275.8
2026-02-24,Potato,Azadpur (Delhi),1847.08,2350.82,2098.95,1234.2
2026-02-25,Potato,Azadpur (Delhi),1931.19,2457.87,2194.53,2668.4
2026-02-26,Potato,Azadpur (Delhi),1853.88,2359.48,2106.68,558.8
2026-02-27,Potato,Azadpur (Delhi),1872.24,2382.86,2127.55,3068.2
2026-02-28,Potato,Azadpur (Delhi),1914.81,2437.03,2175.92,2025.5
2026-03-01,Potato,Azadpur (Delhi),1853.21,2358.63,2105.92,2602.5
2026-03-02,Potato,Azadpur (Delhi),1784.85,2271.63,2028.24,1499.4
2026-03-03,Potato,Azadpur (Delhi),1733.21,2205.91,1969.56,912.1
2026-03-04,Potato,Azadpur (Delhi),1722.37,2192.11,1957.24,3048.1
2026-03-05,Potato,Azadpur (Delhi),1744.33,2220.05,1982.19,1687.4
2026-03-06,Potato,Azadpur (Delhi),1751.8,2229.56,1990.68,1079.2
2026-03-07,Potato,Azadpur (Delhi),1723.77,2193.89,1958.83,1191.5
2026-03-08,Potato,Azadpur (Delhi),1651.95,2102.49,1877.22,937.7
2026-03-09,Potato,Azadpur (Delhi),1685.24,2144.86,1915.05,872.2
2026-03-10,Potato,Azadpur (Delhi),1634.08,2079.74,1856.91,1830.4
2026-03-11,Potato,Azadpur (Delhi),1671.03,2126.77,1898.9,530.7
2026-03-12,Potato,Azadpur (Delhi),1664.37,2118.29,1891.33,3132.6
2026-03-13,Potato,Azadpur (Delhi),1707.74,2173.48,1940.61,1186.4
2026-03-14,Potato,Azadpur (Delhi),1651.72,2102.2,1876.96,1388.4
2026-03-15,Potato,Azadpur (Delhi),1675.62,2132.6,1904.11,3438.9
2026-03-16,Potato,Azadpur (Delhi),1745.93,2222.09,1984.01,1779.3
2026-03-17,Potato,Azadpur (Delhi),1769.55,2252.15,2010.85,3447.6
2026-03-18,Potato,Azadpur (Delhi),1696.82,2159.58,1928.2,1876.3
2026-03-19,Potato,Azadpur (Delhi),1730.69,2202.69,1966.69,1861.9
2026-03-20,Potato,Azadpur (Delhi),1734.17,2207.13,1970.65,2280.3
2026-03-21,Potato,Azadpur (Delhi),1677.75,2135.31,1906.53,2213.0
2026-03-22,Potato,Azadpur (Delhi),1633.29,2078.73,1856.01,2539.3
2026-03-23,Potato,Azadpur (Delhi),1590.78,2024.64,1807.71,656.7
2026-03-24,Potato,Azadpur (Delhi),1602.84,2039.98,1821.41,3327.9
2026-03-25,Potato,Azadpur (Delhi),1486.56,1891.98,1689.27,3282.1
2026-03-26,Potato,Azadpur (Delhi),1537.61,1956.95,1747.28,2096.3
2026-03-27,Potato,Azadpur (Delhi),1589.51,2023.01,1806.26,1653.7
2026-03-28,Potato,Azadpur (Delhi),1614.21,2054.45,1834.33,1076.7
2026-03-29,Potato,Azadpur (Delhi),1595.03,2030.03,1812.53,3012.3
2026-03-30,Potato,Azadpur (Delhi),1491.04,1897.68,1694.36,1499.8
2026-03-31,Potato,Azadpur (Delhi),1501.9,1911.5,1706.7,2802.9
2026-04-01,Potato,Azadpur (Delhi),1495.11,1902.87,1698.99,1020.7
2026-04-02,Potato,Azadpur (Delhi),1472.98,1874.7,1673.84,928.2
2026-04-03,Potato,Azadpur (Delhi),1510.45,1922.39,1716.42,3019.4
2026-04-04,Potato,Azadpur (Delhi),1494.35,1901.89,1698.12,2342.8
2026-04-05,Potato,Azadpur (Delhi),1428.28,1817.8,1623.04,579.0
2026-04-06,Potato,Azadpur (Delhi),1423.47,1811.69,1617.58,1323.8
2026-04-07,Potato,Azadpur (Delhi),1422.88,1810.94,1616.91,3154.4
2026-04-08,Potato,Azadpur (Delhi),1419.04,1806.04,1612.54,776.8
2026-04-09,Potato,Azadpur (Delhi),1480.84,1884.7,1682.77,1849.9
2026-04-10,Potato,Azadpur (Delhi),1491.56,1898.34,1694.95,2468.4
2026-04-11,Potato,Azadpur (Delhi),1458.65,1856.47,1657.56,3155.0
2026-04-12,Potato,Azadpur (Delhi),1419.39,1806.49,1612.94,2153.6
2026-04-13,Potato,Azadpur (Delhi),1428.66,1818.3,1623.48,2050.1
2026-04-14,Potato,Azadpur (Delhi),1458.6,1856.4,1657.5,3084.9
2026-04-15,Potato,Azadpur (Delhi),1507.53,1918.67,1713.1,1291.4
2026-04-16,Potato,Azadpur (Delhi),1502.79,1912.65,1707.72,2202.8
2026-04-17,Potato,Azadpur (Delhi),1475.25,1877.59,1676.42,1154.1
2026-04-18,Potato,Azadpur (Delhi),1484.23,1889.01,1686.62,1147.1
2026-04-19,Potato,Azadpur (Delhi),1520.88,1935.66,1728.27,2980.3
2026-04-20,Potato,Azadpur (Delhi),1551.88,1975.12,1763.5,2936.8
2026-04-21,Potato,Azadpur (Delhi),1418.22,1805.0,1611.61,1850.4
2026-04-22,Potato,Azadpur (Delhi),1400.89,1782.95,1591.92,1897.3
2026-04-23,Potato,Azadpur (Delhi),1350.61,1718.95,1534.78,2740.4
2026-04-24,Potato,Azadpur (Delhi),1395.79,1776.45,1586.12,2736.3
2026-04-25,Potato,Azadpur (Delhi),1349.06,1716.98,1533.02,717.5
2026-04-26,Potato,Azadpur (Delhi),1386.26,1764.32,1575.29,1762.4
2026-04-27,Potato,Azadpur (Delhi),1392.79,1772.65,1582.72,855.8
2026-04-28,Potato,Azadpur (Delhi),1351.16,1719.66,1535.41,2828.4
2026-04-29,Potato,Azadpur (Delhi),1334.32,1698.22,1516.27,2236.8
2026-04-30,Potato,Azadpur (Delhi),1333.03,1696.59,1514.81,1401.5
2026-05-01,Potato,Azadpur (Delhi),1324.18,1685.32,1504.75,3408.9
2026-05-02,Potato,Azadpur (Delhi),1330.31,1693.13,1511.72,1874.7
2026-05-03,Potato,Azadpur (Delhi),1288.92,1640.44,1464.68,856.3
2026-05-04,Potato,Azadpur (Delhi),1298.28,1652.36,1475.32,2112.5
2026-05-05,Potato,Azadpur (Delhi),1237.07,1574.45,1405.76,2472.3
2026-05-06,Potato,Azadpur (Delhi),1227.52,1562.3,1394.91,1225.3
2026-05-07,Potato,Azadpur (Delhi),1254.84,1597.08,1425.96,795.5
2026-05-08,Potato,Azadpur (Delhi),1308.85,1665.81,1487.33,1631.4
2026-05-09,Potato,Azadpur (Delhi),1263.87,1608.57,1436.22,2583.1
2026-05-10,Potato,Azadpur (Delhi),1275.46,1623.32,1449.39,2363.9
2026-05-11,Potato,Azadpur (Delhi),1303.34,1658.8,1481.07,1728.9
2026-05-12,Potato,Azadpur (Delhi),1299.17,1653.49,1476.33,2973.1
2026-05-13,Potato,Azadpur (Delhi),1263.85,1608.53,1436.19,907.9
2026-05-14,Potato,Azadpur (Delhi),1223.79,1557.55,1390.67,1548.1
2026-05-15,Potato,Azadpur (Delhi),1217.67,1549.77,1383.72,924.5
2026-05-16,Potato,Azadpur (Delhi),1283.15,1633.11,1458.13,1645.6
2026-05-17,Potato,Azadpur (Delhi),1301.31,1656.21,1478.76,649.2
2026-05-18,Potato,Azadpur (Delhi),1242.91,1581.89,1412.4,1817.3
2026-05-19,Potato,Azadpur (Delhi),1273.25,1620.51,1446.88,773.1
2026-05-20,Potato,Azadpur (Delhi),1237.31,1574.75,1406.03,454.9
2026-05-21,Potato,Azadpur (Delhi),1171.49,1490.99,1331.24,1340.1
2026-05-22,Potato,Azadpur (Delhi),1176.59,1497.47,1337.03,818.1
2026-05-23,Potato,Azadpur (Delhi),1114.21,1418.09,1266.15,1370.8
2026-05-24,Potato,Azadpur (Delhi),1067.4,1358.5,1212.95,2964.6
2026-05-25,Potato,Azadpur (Delhi),1025.65,1305.37,1165.51,2842.5
2026-05-26,Potato,Azadpur (Delhi),1004.12,1277.98,1141.05,2562.6
2026-05-27,Potato,Azadpur (Delhi),989.65,1259.55,1124.6,3001.7
2026-05-28,Potato,Azadpur (Delhi),1010.64,1286.28,1148.46,3264.0
2026-05-29,Potato,Azadpur (Delhi),984.32,1252.76,1118.54,2263.2
2026-05-30,Potato,Azadpur (Delhi),975.25,1241.23,1108.24,1937.9
2026-05-31,Potato,Azadpur (Delhi),1009.31,1284.57,1146.94,2217.9
2026-06-01,Potato,Azadpur (Delhi),964.25,1227.23,1095.74,2584.6
2026-06-02,Potato,Azadpur (Delhi),966.35,1229.91,1098.13,2026.9
2026-06-03,Potato,Azadpur (Delhi),976.75,1243.13,1109.94,1129.7
2026-06-04,Potato,Azadpur (Delhi),934.66,1189.56,1062.11,643.4
2026-06-05,Potato,Azadpur (Delhi),945.85,1203.81,1074.83,2319.8
2026-06-06,Potato,Azadpur (Delhi),926.49,1179.17,1052.83,415.5
2026-06-07,Potato,Azadpur (Delhi),915.26,1164.88,1040.07,3241.0
2026-06-08,Potato,Azadpur (Delhi),925.35,1177.71,1051.53,2957.9
2026-06-09,Potato,Azadpur (Delhi),928.44,1181.64,1055.04,1000.8
2026-06-10,Potato,Azadpur (Delhi),917.79,1168.09,1042.94,1685.3
2026-06-11,Potato,Azadpur (Delhi),939.32,1195.5,1067.41,478.6
2026-06-12,Potato,Azadpur (Delhi),957.52,1218.66,1088.09,656.7
2026-06-13,Potato,Azadpur (Delhi),952.71,1212.55,1082.63,2581.8
2026-06-14,Potato,Azadpur (Delhi),956.3,1217.1,1086.7,466.2
2026-06-15,Potato,Azadpur (Delhi),927.91,1180.97,1054.44,688.8
2026-06-16,Potato,Azadpur (Delhi),929.1,1182.48,1055.79,1417.3
2026-06-17,Potato,Azadpur (Delhi),957.99,1219.25,1088.62,2128.2
2026-06-18,Potato,Azadpur (Delhi),948.75,1207.49,1078.12,1253.0
2026-06-19,Potato,Azadpur (Delhi),950.47,1209.69,1080.08,3301.9
2026-06-20,Potato,Azadpur (Delhi),1003.31,1276.93,1140.12,2109.4
2026-06-21,Potato,Azadpur (Delhi),968.18,1232.22,1100.2,1602.6
2026-06-22,Potato,Azadpur (Delhi),967.28,1231.08,1099.18,518.9
2026-06-23,Potato,Azadpur (Delhi),959.53,1221.21,1090.37,1665.1
2026-06-24,Potato,Azadpur (Delhi),977.96,1244.68,1111.32,1601.2
2026-06-25,Potato,Azadpur (Delhi),986.28,1255.26,1120.77,2689.6
2026-06-26,Potato,Azadpur (Delhi),983.48,1251.7,1117.59,3350.4
2026-06-27,Potato,Azadpur (Delhi),976.41,1242.71,1109.56,774.2
2026-06-28,Potato,Azadpur (Delhi),969.87,1234.37,1102.12,774.4
2026-06-29,Potato,Azadpur (Delhi),987.2,1256.44,1121.82,2932.1
2026-06-30,Potato,Azadpur (Delhi),1024.41,1303.79,1164.1,2042.4
2026-07-01,Potato,Azadpur (Delhi),1017.37,1294.83,1156.1,1583.1
2026-07-02,Potato,Azadpur (Delhi),1015.83,1292.87,1154.35,1658.8
2026-07-03,Potato,Azadpur (Delhi),997.57,1269.63,1133.6,646.8
2026-07-04,Potato,Azadpur (Delhi),993.16,1264.02,1128.59,994.9
2026-07-05,Potato,Azadpur (Delhi),976.95,1243.39,1110.17,2778.6
2026-07-06,Potato,Azadpur (Delhi),978.32,1245.14,1111.73,2474.4
2026-07-07,Potato,Azadpur (Delhi),976.61,1242.95,1109.78,1525.1
2026-07-08,Potato,Azadpur (Delhi),1024.28,1303.62,1163.95,401.4
2026-07-09,Potato,Azadpur (Delhi),1014.2,1290.8,1152.5,1670.9
2026-07-10,Potato,Azadpur (Delhi),964.51,1227.55,1096.03,673.4
2026-07-11,Potato,Azadpur (Delhi),998.09,1270.29,1134.19,2237.4
2026-07-12,Potato,Azadpur (Delhi),990.59,1260.75,1125.67,2369.0
2026-07-13,Potato,Azadpur (Delhi),991.7,1262.16,1126.93,1241.0
2026-07-14,Potato,Azadpur (Delhi),971.06,1235.9,1103.48,3314.6
2026-07-15,Potato,Azadpur (Delhi),1008.38,1283.4,1145.89,1779.9
2026-07-16,Potato,Azadpur (Delhi),1018.31,1296.03,1157.17,2558.8
2026-07-17,Potato,Azadpur (Delhi),989.84,1259.8,1124.82,2884.5
2026-07-18,Potato,Azadpur (Delhi),959.3,1220.92,1090.11,3141.5
2026-07-19,Potato,Azadpur (Delhi),967.82,1231.76,1099.79,1775.7
2026-07-20,Potato,Azadpur (Delhi),929.63,1183.17,1056.4,2588.7
2026-07-21,Potato,Azadpur (Delhi),929.98,1183.6,1056.79,850.4
2026-07-22,Potato,Azadpur (Delhi),935.1,1190.12,1062.61,2308.5
2026-07-23,Potato,Azadpur (Delhi),980.63,1248.07,1114.35,3411.9
2026-07-24,Potato,Azadpur (Delhi),964.7,1227.8,1096.25,1835.7
2026-07-25,Potato,Azadpur (Delhi),985.92,1254.8,1120.36,488.3
2026-07-26,Potato,Azadpur (Delhi),976.74,1243.12,1109.93,1868.4
2026-07-27,Potato,Azadpur (Delhi),913.56,1162.72,1038.14,1423.6
2026-07-28,Potato,Azadpur (Delhi),916.68,1166.68,1041.68,1298.9
2026-07-29,Potato,Azadpur (Delhi),951.74,1211.3,1081.52,898.3
2026-07-30,Potato,Azadpur (Delhi),973.82,1239.4,1106.61,2132.2
2026-07-31,Potato,Azadpur (Delhi),1011.55,1287.43,1149.49,1220.8
2026-08-01,Potato,Azadpur (Delhi),1010.53,1286.13,1148.33,2264.3
2026-08-02,Potato,Azadpur (Delhi),1006.2,1280.62,1143.41,2544.5
2026-08-03,Potato,Azadpur (Delhi),1048.1,1333.94,1191.02,3157.9
2026-08-04,Potato,Azadpur (Delhi),1073.38,1366.12,1219.75,3345.8
2026-08-05,Potato,Azadpur (Delhi),1110.27,1413.07,1261.67,1166.7
2026-08-06,Potato,Azadpur (Delhi),1133.33,1442.41,1287.87,467.2
2026-08-07,Potato,Azadpur (Delhi),1082.64,1377.9,1230.27,409.8
2026-08-08,Potato,Azadpur (Delhi),1102.28,1402.9,1252.59,1219.4
2026-08-09,Potato,Azadpur (Delhi),1145.07,1457.37,1301.22,760.4
2026-08-10,Potato,Azadpur (Delhi),1091.38,1389.04,1240.21,2811.6
2026-08-11,Potato,Azadpur (Delhi),1113.69,1417.43,1265.56,2153.5
2026-08-12,Potato,Azadpur (Delhi),1109.1,1411.58,1260.34,556.1
2026-08-13,Potato,Azadpur (Delhi),1121.66,1427.56,1274.61,1554.3
2026-08-14,Potato,Azadpur (Delhi),1143.94,1455.92,1299.93,2465.7
2026-08-15,Potato,Azadpur (Delhi),1199.67,1526.85,1363.26,2194.3
2026-08-16,Potato,Azadpur (Delhi),1197.84,1524.52,1361.18,578.0
2026-08-17,Potato,Azadpur (Delhi),1222.75,1556.23,1389.49,2450.1
2026-08-18,Potato,Azadpur (Delhi),1156.79,1472.27,1314.53,460.5
2026-08-19,Potato,Azadpur (Delhi),1173.11,1493.05,1333.08,1326.5
2026-08-20,Potato,Azadpur (Delhi),1217.51,1549.55,1383.53,1212.1
2026-08-21,Potato,Azadpur (Delhi),1187.71,1511.63,1349.67,960.7
2026-08-22,Potato,Azadpur (Delhi),1191.26,1516.14,1353.7,576.9
2026-08-23,Potato,Azadpur (Delhi),1212.09,1542.67,1377.38,2261.9
2026-08-24,Potato,Azadpur (Delhi),1226.38,1560.84,1393.61,714.6
